edizione,settore,anno,provvisorio,tasso_natalita,imprese_nate,tasso_mortalita,imprese_cessate
2014-2019,Industria in senso stretto,2014,False,4.659670855381261,19831,6.1874394954744965,26333
2014-2019,Industria in senso stretto,2015,False,4.88152031642265,20475,5.975839156587727,25065
2014-2019,Industria in senso stretto,2016,False,5.0,20952,5.4,22672
2014-2019,Industria in senso stretto,2017,False,4.7,19541,5.0,20490
2014-2019,Industria in senso stretto,2018,False,4.6,18640,5.141036302221699,20958
2014-2019,Industria in senso stretto,2019,True,4.672044135927765,18529,5.391169284379704,21381
2014-2019,Manifatture ad  Alta tecnologia (HT),2014,False,3.1098493120768724,712,4.459488971391133,1021
2014-2019,Manifatture ad  Alta tecnologia (HT),2015,False,3.3023049645390072,745,4.476950354609929,1010
2014-2019,Manifatture ad  Alta tecnologia (HT),2016,False,5.1,286,4.4,245
2014-2019,Manifatture ad  Alta tecnologia (HT),2017,False,5.3,298,3.6,203
2014-2019,Manifatture ad  Alta tecnologia (HT),2018,False,4.8,272,4.125177809388336,232
2014-2019,Manifatture ad  Alta tecnologia (HT),2019,True,3.7246248896734335,211,4.271844660194175,242
2014-2019,Manifatture a Medio-alta tecnologia (MHT),2014,False,3.5225859925404066,1445,4.151532142073572,1703
2014-2019,Manifatture a Medio-alta tecnologia (MHT),2015,False,3.797186719734988,1536,4.308916961261774,1743
2014-2019,Manifatture a Medio-alta tecnologia (MHT),2016,False,3.6,1995,3.5,1984
2014-2019,Manifatture a Medio-alta tecnologia (MHT),2017,False,3.2,1793,3.4,1866
2014-2019,Manifatture a Medio-alta tecnologia (MHT),2018,False,3.3,1743,3.4608960042041255,1844
2014-2019,Manifatture a Medio-alta tecnologia (MHT),2019,True,3.067214838894732,1604,3.5988144182044173,1882
2014-2019,Manifatture a Medio-bassa tecnologia (MLT),2014,False,4.623439965571654,6446,6.352029837899871,8856
2014-2019,Manifatture a Medio-bassa tecnologia (MLT),2015,False,4.687568292078847,6435,6.073077987732922,8337
2014-2019,Manifatture a Medio-bassa tecnologia (MLT),2016,False,5.1,7000,5.4,7492
2014-2019,Manifatture a Medio-bassa tecnologia (MLT),2017,False,4.8,6546,5.0,6792
2014-2019,Manifatture a Medio-bassa tecnologia (MLT),2018,False,4.8,6562,5.234901281808791,7196
2014-2019,Manifatture a Medio-bassa tecnologia (MLT),2019,True,4.892543449822464,6545,5.7320127079050645,7668
2014-2019,Manifatture a Bassa tecnologia (LOT),2014,False,5.065498256377462,10139,6.880064748848409,13771
2014-2019,Manifatture a Bassa tecnologia (LOT),2015,False,5.470560728662628,10763,6.639084292278291,13062
2014-2019,Manifatture a Bassa tecnologia (LOT),2016,False,5.4,10637,6.2,12094
2014-2019,Manifatture a Bassa tecnologia (LOT),2017,False,5.1,9834,5.7,10865
2014-2019,Manifatture a Bassa tecnologia (LOT),2018,False,4.8,9060,5.793077033561545,10890
2014-2019,Manifatture a Bassa tecnologia (LOT),2019,True,5.083611670242651,9193,5.954566568603597,10768
2014-2019,"Altra industria (B,D,E)",2014,False,4.928939983705984,1089,4.444645605141667,982
2014-2019,"Altra industria (B,D,E)",2015,False,4.445237882709988,996,4.074801392484155,913
2014-2019,"Altra industria (B,D,E)",2016,False,4.5,1034,3.7,857
2014-2019,"Altra industria (B,D,E)",2017,False,4.7,1070,3.4,764
2014-2019,"Altra industria (B,D,E)",2018,False,4.3,1003,3.4146969241988763,796
2014-2019,"Altra industria (B,D,E)",2019,True,4.062942302889018,976,3.417700441262176,821
2014-2019,COSTRUZIONI,2014,False,7.243785717604423,38977,11.33485108953213,60990
2014-2019,COSTRUZIONI,2015,False,7.334785905570007,38208,9.83116247372412,51212
2014-2019,COSTRUZIONI,2016,False,7.7,39903,9.1,47227
2014-2019,COSTRUZIONI,2017,False,7.5,38206,8.7,44323
2014-2019,COSTRUZIONI,2018,False,7.6,38151,8.859750031400585,44439
2014-2019,COSTRUZIONI,2019,True,8.205367091932535,39985,8.780368682318803,42787
2014-2019,SERVIZI,2014,False,7.481141146224275,215681,8.558735426618698,246748
2014-2019,SERVIZI,2015,False,7.6555371193658015,220449,8.242423779397292,237349
2014-2019,SERVIZI,2016,False,8.1,236051,7.8,228036
2014-2019,SERVIZI,2017,False,7.5,219143,7.5,219148
2014-2019,SERVIZI,2018,False,7.4,216565,7.692194602430565,224984
2014-2019,SERVIZI,2019,True,7.6282489149798165,218772,8.115605775476922,232749
2014-2019,Servizi tecnologici ad Alto contenuto di conoscenza (HITS),2014,False,10.638773151520448,10954,9.570428212076184,9854
2014-2019,Servizi tecnologici ad Alto contenuto di conoscenza (HITS),2015,False,10.247067441705592,10771,10.072017733296548,10587
2014-2019,Servizi tecnologici ad Alto contenuto di conoscenza (HITS),2016,False,10.3,11058,8.5,9183
2014-2019,Servizi tecnologici ad Alto contenuto di conoscenza (HITS),2017,False,9.4,10297,7.7,8422
2014-2019,Servizi tecnologici ad Alto contenuto di conoscenza (HITS),2018,False,9.8,11228,7.1823543329857245,8196
2014-2019,Servizi tecnologici ad Alto contenuto di conoscenza (HITS),2019,True,9.923241762102156,11299,7.101454366612801,8086
2014-2019,Servizi di mercato ad alto contenuto di conoscenza (KWNMS),2014,False,8.026845131136485,85097,9.022359937933604,95651
2014-2019,Servizi di mercato ad alto contenuto di conoscenza (KWNMS),2015,False,8.030847770800202,85797,8.54922061547649,91335
2014-2019,Servizi di mercato ad alto contenuto di conoscenza (KWNMS),2016,False,8.7,95025,8.1,88314
2014-2019,Servizi di mercato ad alto contenuto di conoscenza (KWNMS),2017,False,8.3,91216,7.8,85982
2014-2019,Servizi di mercato ad alto contenuto di conoscenza (KWNMS),2018,False,8.4,94370,8.090360096822007,91046
2014-2019,Servizi di mercato ad alto contenuto di conoscenza (KWNMS),2019,True,8.661468020527368,95512,8.947759319430174,98669
2014-2019,Servizi finanziari,2014,False,8.872070259096825,8112,7.637286318943925,6983
2014-2019,Servizi finanziari,2015,False,7.615513162749312,7018,7.34531327994444,6769
2014-2019,Servizi finanziari,2016,False,7.8,7239,6.9,6461
2014-2019,Servizi finanziari,2017,False,7.2,6727,6.4,6042
2014-2019,Servizi finanziari,2018,False,6.8,6424,6.386558200945526,5998
2014-2019,Servizi finanziari,2019,True,7.311035317416657,6645,6.497964572560237,5906
2014-2019,Altri servizi,2014,False,6.848128122227033,111518,8.244675134867926,134260
2014-2019,Altri servizi,2015,False,7.240618293027475,116863,7.971414976034577,128658
2014-2019,Altri servizi,2016,False,7.6,122729,7.7,124078
2014-2019,Altri servizi,2017,False,6.9,110903,7.4,118702
2014-2019,Altri servizi,2018,False,6.6,104543,7.524245307086278,119744
2014-2019,Altri servizi,2019,True,6.749113392231175,105316,7.695768250277806,120088
2014-2019,Totale,2014,False,7.135776787076785,274489,8.684705350799227,334071
2014-2019,Totale,2015,False,7.307204585602557,279132,8.21019927978228,313626
2014-2019,Totale,2016,False,7.7,296906,7.7,297935
2014-2019,Totale,2017,False,7.2,276890,7.4,283961
2014-2019,Totale,2018,False,7.1,273356,7.573683275696719,290381
2014-2019,Totale,2019,True,7.390716226679621,277286,7.9139563118117495,296917
2019-2024,Industria in senso stretto,2019,False,4.7,18529,6.1,24172
2019-2024,Industria in senso stretto,2020,False,3.8,14961,5.2,20551
2019-2024,Industria in senso stretto,2021,False,4.3,16644,4.8,18800
2019-2024,Industria in senso stretto,2022,False,4.3,16856,4.561933534743202,17818
2019-2024,Industria in senso stretto,2023,False,4.192753438779723,16146,4.4781390469315205,17245
2019-2024,Industria in senso stretto,2024,True,4.305877773043154,16370,4.501575577755683,17114
2019-2024,Manifatture ad  Alta tecnologia (HT),2019,False,3.7,211,5.8,331
2019-2024,Manifatture ad  Alta tecnologia (HT),2020,False,3.2,183,4.0,231
2019-2024,Manifatture ad  Alta tecnologia (HT),2021,False,3.5,199,4.0,232
2019-2024,Manifatture ad  Alta tecnologia (HT),2022,False,3.0,169,3.584672435105068,203
2019-2024,Manifatture ad  Alta tecnologia (HT),2023,False,2.7956593709766415,152,3.4577892219974253,188
2019-2024,Manifatture ad  Alta tecnologia (HT),2024,True,3.1970935513169847,176,3.4877384196185286,192
2019-2024,Manifatture a Medio-alta tecnologia (MHT),2019,False,3.1,1604,4.4,2276
2019-2024,Manifatture a Medio-alta tecnologia (MHT),2020,False,2.7,1424,4.0,2097
2019-2024,Manifatture a Medio-alta tecnologia (MHT),2021,False,3.0,1557,3.4,1755
2019-2024,Manifatture a Medio-alta tecnologia (MHT),2022,False,2.7,1402,3.4022108511386278,1742
2019-2024,Manifatture a Medio-alta tecnologia (MHT),2023,False,2.495783471207132,1243,3.4294434181993414,1708
2019-2024,Manifatture a Medio-alta tecnologia (MHT),2024,True,2.6708529565672423,1276,3.69440083725798,1765
2019-2024,Manifatture a Medio-bassa tecnologia (MLT),2019,False,4.9,6545,5.7,7689
2019-2024,Manifatture a Medio-bassa tecnologia (MLT),2020,False,4.1,5588,4.9,6702
2019-2024,Manifatture a Medio-bassa tecnologia (MLT),2021,False,4.6,6235,4.7,6428
2019-2024,Manifatture a Medio-bassa tecnologia (MLT),2022,False,4.6,6304,4.561659848042081,6244
2019-2024,Manifatture a Medio-bassa tecnologia (MLT),2023,False,4.637345172743112,6361,4.5418425445982695,6230
2019-2024,Manifatture a Medio-bassa tecnologia (MLT),2024,True,4.931120622909149,6751,4.669627335544096,6393
2019-2024,Manifatture a Bassa tecnologia (LOT),2019,False,5.1,9193,7.2,12970
2019-2024,Manifatture a Bassa tecnologia (LOT),2020,False,4.0,6965,6.1,10691
2019-2024,Manifatture a Bassa tecnologia (LOT),2021,False,4.5,7794,5.5,9468
2019-2024,Manifatture a Bassa tecnologia (LOT),2022,False,4.6,7937,5.09588275042524,8748
2019-2024,Manifatture a Bassa tecnologia (LOT),2023,False,4.3887821010279495,7352,4.9224560942704665,8246
2019-2024,Manifatture a Bassa tecnologia (LOT),2024,True,4.381433967729088,7261,4.738658717611422,7853
2019-2024,"Altra industria (B,D,E)",2019,False,4.1,976,3.8,906
2019-2024,"Altra industria (B,D,E)",2020,False,3.3,801,3.4,830
2019-2024,"Altra industria (B,D,E)",2021,False,3.5,859,3.7,917
2019-2024,"Altra industria (B,D,E)",2022,False,4.1,1044,3.5006158858823064,881
2019-2024,"Altra industria (B,D,E)",2023,False,4.124776475263262,1038,3.469103914166501,873
2019-2024,"Altra industria (B,D,E)",2024,True,3.7330037082818297,906,3.753605274000824,911
2019-2024,COSTRUZIONI,2019,False,8.2,39985,8.2,39747
2019-2024,COSTRUZIONI,2020,False,7.7,38322,7.3,36193
2019-2024,COSTRUZIONI,2021,False,9.7,50463,7.2,37690
2019-2024,COSTRUZIONI,2022,False,9.2,49659,7.211937101913788,38792
2019-2024,COSTRUZIONI,2023,False,8.304055683054177,45121,7.326620791702018,39810
2019-2024,COSTRUZIONI,2024,True,8.430203749041084,45935,7.533502420689832,41049
2019-2024,SERVIZI,2019,False,7.6,218772,8.1,232746
2019-2024,SERVIZI,2020,False,6.7,192639,7.3,210688
2019-2024,SERVIZI,2021,False,7.7,228303,6.6,195811
2019-2024,SERVIZI,2022,False,7.7,234377,6.549806212133075,199109
2019-2024,SERVIZI,2023,False,7.51887974312315,230229,6.436225592845489,197078
2019-2024,SERVIZI,2024,True,7.508951173344888,230482,6.434549737247633,197504
2019-2024,Servizi tecnologici ad Alto contenuto di conoscenza (HITS),2019,False,9.9,11299,8.3,9408
2019-2024,Servizi tecnologici ad Alto contenuto di conoscenza (HITS),2020,False,9.5,11227,7.5,8845
2019-2024,Servizi tecnologici ad Alto contenuto di conoscenza (HITS),2021,False,11.1,13798,7.4,9226
2019-2024,Servizi tecnologici ad Alto contenuto di conoscenza (HITS),2022,False,10.2,13181,7.504385931015295,9710
2019-2024,Servizi tecnologici ad Alto contenuto di conoscenza (HITS),2023,False,10.012880739505986,13215,7.588270950143962,10015
2019-2024,Servizi tecnologici ad Alto contenuto di conoscenza (HITS),2024,True,10.739425013733749,14662,7.742171763413294,10570
2019-2024,Servizi di mercato ad alto contenuto di conoscenza (KWNMS),2019,False,8.7,95512,8.6,94684
2019-2024,Servizi di mercato ad alto contenuto di conoscenza (KWNMS),2020,False,7.8,88771,7.1,81099
2019-2024,Servizi di mercato ad alto contenuto di conoscenza (KWNMS),2021,False,9.5,114542,6.9,82636
2019-2024,Servizi di mercato ad alto contenuto di conoscenza (KWNMS),2022,False,9.3,117778,6.744580757939728,84960
2019-2024,Servizi di mercato ad alto contenuto di conoscenza (KWNMS),2023,False,8.76384106329067,113307,6.714481952088805,86811
2019-2024,Servizi di mercato ad alto contenuto di conoscenza (KWNMS),2024,True,8.604112881687884,114047,6.777020491982612,89829
2019-2024,Servizi finanziari,2019,False,7.3,6645,6.2,5620
2019-2024,Servizi finanziari,2020,False,7.3,6946,7.7,7410
2019-2024,Servizi finanziari,2021,False,8.2,8787,6.0,6430
2019-2024,Servizi finanziari,2022,False,9.7,10988,7.199408846194448,8184
2019-2024,Servizi finanziari,2023,False,9.619341124646787,11268,6.369356064163088,7461
2019-2024,Servizi finanziari,2024,True,10.352770940057216,12449,6.4915840596101395,7806
2019-2024,Altri servizi,2019,False,6.7,105316,7.9,123034
2019-2024,Altri servizi,2020,False,5.6,85695,7.4,113334
2019-2024,Altri servizi,2021,False,6.0,91176,6.4,97519
2019-2024,Altri servizi,2022,False,6.0,92430,6.261803292659206,96255
2019-2024,Altri servizi,2023,False,6.08150915690187,92439,6.104667036403265,92791
2019-2024,Altri servizi,2024,True,6.006335552995872,89324,6.004654499876611,89299
2019-2024,Totale,2019,False,7.4,277286,7.9,296665
2019-2024,Totale,2020,False,6.5,245922,7.1,267432
2019-2024,Totale,2021,False,7.6,295410,6.5,252301
2019-2024,Totale,2022,False,7.6,300892,6.443901150794732,255719
2019-2024,Totale,2023,False,7.304811017059161,291496,6.368504330070723,254133
2019-2024,Totale,2024,True,7.3297644207251285,292787,6.400485267971362,255667
