campo,Dirigenti,Intellettuali/scientifiche,Tecniche,Esecutive ufficio,Qualificate commercio/servizi,Artigiani/operai,Conduttori impianti,Non qualificate,Forze armate
Insegnamento,2,62.4,20,6.1,6.3,0.9,0.1,2.2,0
Arte e design,2.6,43.2,24.4,10.3,11.3,4,0.9,3,0.3
Letterario-umanistico-linguistico,2.6,57,13.6,15.4,7.8,1.1,0.6,1.6,0.2
Scienze sociali e comunicazione,5.4,38.6,24.8,19.7,6.6,1.1,0.6,1,2.1
Economico,8.7,33,28.7,17.2,6.8,1.5,0.9,2.7,0.5
Giuridico,5.7,58.2,12.7,14.4,4.8,0.9,0.4,1.1,1.8
Scientifico,4.2,57.5,20.9,7.3,6.1,1.3,0.7,1.4,0.6
Informatica/ICT,4.5,47.4,33.1,5.9,4.7,1.1,1.4,1.9,0
Ingegneria industriale/informazione,5.7,59.6,21.7,5,3,2.2,1.2,1.5,0.1
Architettura/Ing. civile,3.9,71.9,13.8,5.1,2.7,1.5,0.4,0.7,0
Agrario-forestale-veterinario,5.2,46.5,22.5,6.2,8,6.8,2,2.8,0
Medico-sanitario-farmaceutico,2.4,40.4,49.6,1.9,4.3,0.4,0.2,0.8,0
Servizi,2.7,28.3,37.8,10.3,12.8,2.4,2.3,1.8,1.5
