paese,codice_paese,periodo,anno_inizio,anno_fine,n_anni,componente,etichetta,contributo_pp,contributo_log_pp,contributo_annuo_pp,quota_su_crescita,crescita_pil_pp,crescita_pil_annua_pp,concetto_occupazione
Spagna,ES,1995-2007,1995,2007,12,popolazione,Popolazione,16.264,13.007,1.084,0.3014,53.952,3.661,EMP_DC (concetto interno)
Spagna,ES,1995-2007,1995,2007,12,tasso_occupazione,Occupati su popolazione,37.465,29.962,2.497,0.6944,53.952,3.661,EMP_DC (concetto interno)
Spagna,ES,1995-2007,1995,2007,12,ore_per_occupato,Ore per occupato,-2.989,-2.39,-0.199,-0.0554,53.952,3.661,EMP_DC (concetto interno)
Spagna,ES,1995-2007,1995,2007,12,produttivita_oraria,Produttività oraria,3.213,2.569,0.214,0.0595,53.952,3.661,EMP_DC (concetto interno)
Spagna,ES,2007-2013,2007,2013,6,popolazione,Popolazione,2.816,2.93,0.488,-0.3677,-7.66,-1.319,EMP_DC (concetto interno)
Spagna,ES,2007-2013,2007,2013,6,tasso_occupazione,Occupati su popolazione,-19.48,-20.267,-3.378,2.5431,-7.66,-1.319,EMP_DC (concetto interno)
Spagna,ES,2007-2013,2007,2013,6,ore_per_occupato,Ore per occupato,-0.386,-0.402,-0.067,0.0504,-7.66,-1.319,EMP_DC (concetto interno)
Spagna,ES,2007-2013,2007,2013,6,produttivita_oraria,Produttività oraria,9.39,9.769,1.628,-1.2259,-7.66,-1.319,EMP_DC (concetto interno)
Spagna,ES,2013-2019,2013,2019,6,popolazione,Popolazione,1.17,1.082,0.18,0.0697,16.798,2.622,EMP_DC (concetto interno)
Spagna,ES,2013-2019,2013,2019,6,tasso_occupazione,Occupati su popolazione,13.286,12.281,2.047,0.791,16.798,2.622,EMP_DC (concetto interno)
Spagna,ES,2013-2019,2013,2019,6,ore_per_occupato,Ore per occupato,-0.636,-0.588,-0.098,-0.0379,16.798,2.622,EMP_DC (concetto interno)
Spagna,ES,2013-2019,2013,2019,6,produttivita_oraria,Produttività oraria,2.977,2.752,0.459,0.1773,16.798,2.622,EMP_DC (concetto interno)
Spagna,ES,2019-2025,2019,2025,6,popolazione,Popolazione,4.847,4.616,0.769,0.4772,10.156,1.625,EMP_DC (concetto interno)
Spagna,ES,2019-2025,2019,2025,6,tasso_occupazione,Occupati su popolazione,5.585,5.319,0.886,0.5499,10.156,1.625,EMP_DC (concetto interno)
Spagna,ES,2019-2025,2019,2025,6,ore_per_occupato,Ore per occupato,-2.886,-2.749,-0.458,-0.2842,10.156,1.625,EMP_DC (concetto interno)
Spagna,ES,2019-2025,2019,2025,6,produttivita_oraria,Produttività oraria,2.61,2.486,0.414,0.257,10.156,1.625,EMP_DC (concetto interno)
Spagna,ES,1995-2025,1995,2025,30,popolazione,Popolazione,29.706,21.635,0.721,0.3583,82.902,2.033,EMP_DC (concetto interno)
Spagna,ES,1995-2025,1995,2025,30,tasso_occupazione,Occupati su popolazione,37.478,27.295,0.91,0.4521,82.902,2.033,EMP_DC (concetto interno)
Spagna,ES,1995-2025,1995,2025,30,ore_per_occupato,Ore per occupato,-8.416,-6.129,-0.204,-0.1015,82.902,2.033,EMP_DC (concetto interno)
Spagna,ES,1995-2025,1995,2025,30,produttivita_oraria,Produttività oraria,24.134,17.577,0.586,0.2911,82.902,2.033,EMP_DC (concetto interno)
Spagna,ES,2000-2025,2000,2025,25,popolazione,Popolazione,24.13,19.553,0.782,0.4806,50.205,1.641,EMP_DC (concetto interno)
Spagna,ES,2000-2025,2000,2025,25,tasso_occupazione,Occupati su popolazione,13.024,10.554,0.422,0.2594,50.205,1.641,EMP_DC (concetto interno)
Spagna,ES,2000-2025,2000,2025,25,ore_per_occupato,Ore per occupato,-8.78,-7.115,-0.285,-0.1749,50.205,1.641,EMP_DC (concetto interno)
Spagna,ES,2000-2025,2000,2025,25,produttivita_oraria,Produttività oraria,21.832,17.691,0.708,0.4349,50.205,1.641,EMP_DC (concetto interno)
Italia,IT,1995-2007,1995,2007,12,popolazione,Popolazione,3.63,3.308,0.276,0.1809,20.064,1.535,EMP_DC (concetto interno)
Italia,IT,1995-2007,1995,2007,12,tasso_occupazione,Occupati su popolazione,12.5,11.392,0.949,0.623,20.064,1.535,EMP_DC (concetto interno)
Italia,IT,1995-2007,1995,2007,12,ore_per_occupato,Ore per occupato,-2.808,-2.559,-0.213,-0.1399,20.064,1.535,EMP_DC (concetto interno)
Italia,IT,1995-2007,1995,2007,12,produttivita_oraria,Produttività oraria,6.742,6.144,0.512,0.336,20.064,1.535,EMP_DC (concetto interno)
Italia,IT,2007-2013,2007,2013,6,popolazione,Popolazione,2.495,2.613,0.435,-0.2816,-8.861,-1.535,EMP_DC (concetto interno)
Italia,IT,2007-2013,2007,2013,6,tasso_occupazione,Occupati su popolazione,-6.212,-6.505,-1.084,0.701,-8.861,-1.535,EMP_DC (concetto interno)
Italia,IT,2007-2013,2007,2013,6,ore_per_occupato,Ore per occupato,-5.428,-5.684,-0.947,0.6126,-8.861,-1.535,EMP_DC (concetto interno)
Italia,IT,2007-2013,2007,2013,6,produttivita_oraria,Produttività oraria,0.284,0.297,0.05,-0.0321,-8.861,-1.535,EMP_DC (concetto interno)
Italia,IT,2013-2019,2013,2019,6,popolazione,Popolazione,-0.995,-0.971,-0.162,-0.196,5.076,0.829,EMP_DC (concetto interno)
Italia,IT,2013-2019,2013,2019,6,tasso_occupazione,Occupati su popolazione,5.988,5.841,0.973,1.1796,5.076,0.829,EMP_DC (concetto interno)
Italia,IT,2013-2019,2013,2019,6,ore_per_occupato,Ore per occupato,-0.426,-0.416,-0.069,-0.084,5.076,0.829,EMP_DC (concetto interno)
Italia,IT,2013-2019,2013,2019,6,produttivita_oraria,Produttività oraria,0.509,0.497,0.083,0.1003,5.076,0.829,EMP_DC (concetto interno)
Italia,IT,2019-2025,2019,2025,6,popolazione,Popolazione,-1.36,-1.318,-0.22,-0.2121,6.41,1.041,EMP_DC (concetto interno)
Italia,IT,2019-2025,2019,2025,6,tasso_occupazione,Occupati su popolazione,7.237,7.015,1.169,1.129,6.41,1.041,EMP_DC (concetto interno)
Italia,IT,2019-2025,2019,2025,6,ore_per_occupato,Ore per occupato,2.139,2.073,0.345,0.3336,6.41,1.041,EMP_DC (concetto interno)
Italia,IT,2019-2025,2019,2025,6,produttivita_oraria,Produttività oraria,-1.606,-1.557,-0.259,-0.2505,6.41,1.041,EMP_DC (concetto interno)
Italia,IT,1995-2025,1995,2025,30,popolazione,Popolazione,4.025,3.633,0.121,0.1801,22.35,0.675,EMP_DC (concetto interno)
Italia,IT,1995-2025,1995,2025,30,tasso_occupazione,Occupati su popolazione,19.659,17.743,0.591,0.8796,22.35,0.675,EMP_DC (concetto interno)
Italia,IT,1995-2025,1995,2025,30,ore_per_occupato,Ore per occupato,-7.297,-6.586,-0.22,-0.3265,22.35,0.675,EMP_DC (concetto interno)
Italia,IT,1995-2025,1995,2025,30,produttivita_oraria,Produttività oraria,5.963,5.382,0.179,0.2668,22.35,0.675,EMP_DC (concetto interno)
Italia,IT,2000-2025,2000,2025,25,popolazione,Popolazione,3.634,3.461,0.138,0.358,10.149,0.387,EMP_DC (concetto interno)
Italia,IT,2000-2025,2000,2025,25,tasso_occupazione,Occupati su popolazione,13.439,12.8,0.512,1.3241,10.149,0.387,EMP_DC (concetto interno)
Italia,IT,2000-2025,2000,2025,25,ore_per_occupato,Ore per occupato,-6.639,-6.324,-0.253,-0.6542,10.149,0.387,EMP_DC (concetto interno)
Italia,IT,2000-2025,2000,2025,25,produttivita_oraria,Produttività oraria,-0.283,-0.27,-0.011,-0.0279,10.149,0.387,EMP_DC (concetto interno)
Francia,FR,1995-2007,1995,2007,12,popolazione,Popolazione,8.208,7.095,0.591,0.2493,32.924,2.4,EMP_DC (concetto interno)
Francia,FR,1995-2007,1995,2007,12,tasso_occupazione,Occupati su popolazione,7.195,6.22,0.518,0.2185,32.924,2.4,EMP_DC (concetto interno)
Francia,FR,1995-2007,1995,2007,12,ore_per_occupato,Ore per occupato,-4.01,-3.466,-0.289,-0.1218,32.924,2.4,EMP_DC (concetto interno)
Francia,FR,1995-2007,1995,2007,12,produttivita_oraria,Produttività oraria,21.531,18.612,1.551,0.654,32.924,2.4,EMP_DC (concetto interno)
Francia,FR,2007-2013,2007,2013,6,popolazione,Popolazione,2.992,2.949,0.492,1.0293,2.907,0.479,EMP_DC (concetto interno)
Francia,FR,2007-2013,2007,2013,6,tasso_occupazione,Occupati su popolazione,-2.186,-2.155,-0.359,-0.7521,2.907,0.479,EMP_DC (concetto interno)
Francia,FR,2007-2013,2007,2013,6,ore_per_occupato,Ore per occupato,-0.835,-0.823,-0.137,-0.2872,2.907,0.479,EMP_DC (concetto interno)
Francia,FR,2007-2013,2007,2013,6,produttivita_oraria,Produttività oraria,2.936,2.894,0.482,1.01,2.907,0.479,EMP_DC (concetto interno)
Francia,FR,2013-2019,2013,2019,6,popolazione,Popolazione,2.687,2.573,0.429,0.2988,8.994,1.446,EMP_DC (concetto interno)
Francia,FR,2013-2019,2013,2019,6,tasso_occupazione,Occupati su popolazione,2.378,2.277,0.38,0.2644,8.994,1.446,EMP_DC (concetto interno)
Francia,FR,2013-2019,2013,2019,6,ore_per_occupato,Ore per occupato,-0.581,-0.557,-0.093,-0.0647,8.994,1.446,EMP_DC (concetto interno)
Francia,FR,2013-2019,2013,2019,6,produttivita_oraria,Produttività oraria,4.51,4.319,0.72,0.5015,8.994,1.446,EMP_DC (concetto interno)
Francia,FR,2019-2025,2019,2025,6,popolazione,Popolazione,2.415,2.349,0.392,0.4257,5.674,0.924,EMP_DC (concetto interno)
Francia,FR,2019-2025,2019,2025,6,tasso_occupazione,Occupati su popolazione,4.439,4.318,0.72,0.7824,5.674,0.924,EMP_DC (concetto interno)
Francia,FR,2019-2025,2019,2025,6,ore_per_occupato,Ore per occupato,-0.308,-0.3,-0.05,-0.0543,5.674,0.924,EMP_DC (concetto interno)
Francia,FR,2019-2025,2019,2025,6,produttivita_oraria,Produttività oraria,-0.872,-0.849,-0.141,-0.1538,5.674,0.924,EMP_DC (concetto interno)
Francia,FR,1995-2025,1995,2025,30,popolazione,Popolazione,18.948,14.967,0.499,0.3292,57.549,1.527,EMP_DC (concetto interno)
Francia,FR,1995-2025,1995,2025,30,tasso_occupazione,Occupati su popolazione,13.495,10.659,0.355,0.2345,57.549,1.527,EMP_DC (concetto interno)
Francia,FR,1995-2025,1995,2025,30,ore_per_occupato,Ore per occupato,-6.515,-5.146,-0.172,-0.1132,57.549,1.527,EMP_DC (concetto interno)
Francia,FR,1995-2025,1995,2025,30,produttivita_oraria,Produttività oraria,31.621,24.977,0.833,0.5495,57.549,1.527,EMP_DC (concetto interno)
Francia,FR,2000-2025,2000,2025,25,popolazione,Popolazione,14.915,12.738,0.51,0.4138,36.042,1.239,EMP_DC (concetto interno)
Francia,FR,2000-2025,2000,2025,25,tasso_occupazione,Occupati su popolazione,5.71,4.876,0.195,0.1584,36.042,1.239,EMP_DC (concetto interno)
Francia,FR,2000-2025,2000,2025,25,ore_per_occupato,Ore per occupato,-3.249,-2.775,-0.111,-0.0901,36.042,1.239,EMP_DC (concetto interno)
Francia,FR,2000-2025,2000,2025,25,produttivita_oraria,Produttività oraria,18.665,15.94,0.638,0.5179,36.042,1.239,EMP_DC (concetto interno)
Germania,DE,1995-2007,1995,2007,12,popolazione,Popolazione,-0.43,-0.389,-0.032,-0.02,21.445,1.632,EMP_DC (concetto interno)
Germania,DE,1995-2007,1995,2007,12,tasso_occupazione,Occupati su popolazione,6.73,6.098,0.508,0.3138,21.445,1.632,EMP_DC (concetto interno)
Germania,DE,1995-2007,1995,2007,12,ore_per_occupato,Ore per occupato,-5.552,-5.03,-0.419,-0.2589,21.445,1.632,EMP_DC (concetto interno)
Germania,DE,1995-2007,1995,2007,12,produttivita_oraria,Produttività oraria,20.696,18.751,1.563,0.9651,21.445,1.632,EMP_DC (concetto interno)
Germania,DE,2007-2013,2007,2013,6,popolazione,Popolazione,-0.599,-0.588,-0.098,-0.1557,3.851,0.632,EMP_DC (concetto interno)
Germania,DE,2007-2013,2007,2013,6,tasso_occupazione,Occupati su popolazione,5.772,5.663,0.944,1.4986,3.851,0.632,EMP_DC (concetto interno)
Germania,DE,2007-2013,2007,2013,6,ore_per_occupato,Ore per occupato,-4.164,-4.085,-0.681,-1.0811,3.851,0.632,EMP_DC (concetto interno)
Germania,DE,2007-2013,2007,2013,6,produttivita_oraria,Produttività oraria,2.843,2.789,0.465,0.7381,3.851,0.632,EMP_DC (concetto interno)
Germania,DE,2013-2019,2013,2019,6,popolazione,Popolazione,2.189,2.072,0.345,0.1907,11.478,1.827,EMP_DC (concetto interno)
Germania,DE,2013-2019,2013,2019,6,tasso_occupazione,Occupati su popolazione,4.833,4.576,0.763,0.4211,11.478,1.827,EMP_DC (concetto interno)
Germania,DE,2013-2019,2013,2019,6,ore_per_occupato,Ore per occupato,-1.809,-1.713,-0.285,-0.1576,11.478,1.827,EMP_DC (concetto interno)
Germania,DE,2013-2019,2013,2019,6,produttivita_oraria,Produttività oraria,6.265,5.93,0.988,0.5458,11.478,1.827,EMP_DC (concetto interno)
Germania,DE,2019-2025,2019,2025,6,popolazione,Popolazione,1.582,1.58,0.263,6.1114,0.259,0.043,EMP_DC (concetto interno)
Germania,DE,2019-2025,2019,2025,6,tasso_occupazione,Occupati su popolazione,-0.077,-0.077,-0.013,-0.2962,0.259,0.043,EMP_DC (concetto interno)
Germania,DE,2019-2025,2019,2025,6,ore_per_occupato,Ore per occupato,-2.963,-2.959,-0.493,-11.4456,0.259,0.043,EMP_DC (concetto interno)
Germania,DE,2019-2025,2019,2025,6,produttivita_oraria,Produttività oraria,1.716,1.714,0.286,6.6304,0.259,0.043,EMP_DC (concetto interno)
Germania,DE,1995-2025,1995,2025,30,popolazione,Popolazione,3.191,2.675,0.089,0.0779,40.962,1.151,EMP_DC (concetto interno)
Germania,DE,1995-2025,1995,2025,30,tasso_occupazione,Occupati su popolazione,19.4,16.26,0.542,0.4736,40.962,1.151,EMP_DC (concetto interno)
Germania,DE,1995-2025,1995,2025,30,ore_per_occupato,Ore per occupato,-16.449,-13.787,-0.46,-0.4016,40.962,1.151,EMP_DC (concetto interno)
Germania,DE,1995-2025,1995,2025,30,produttivita_oraria,Produttività oraria,34.82,29.184,0.973,0.8501,40.962,1.151,EMP_DC (concetto interno)
Germania,DE,2000-2025,2000,2025,25,popolazione,Popolazione,2.822,2.492,0.1,0.1019,27.692,0.983,EMP_DC (concetto interno)
Germania,DE,2000-2025,2000,2025,25,tasso_occupazione,Occupati su popolazione,13.021,11.495,0.46,0.4702,27.692,0.983,EMP_DC (concetto interno)
Germania,DE,2000-2025,2000,2025,25,ore_per_occupato,Ore per occupato,-10.743,-9.483,-0.379,-0.3879,27.692,0.983,EMP_DC (concetto interno)
Germania,DE,2000-2025,2000,2025,25,produttivita_oraria,Produttività oraria,22.591,19.942,0.798,0.8158,27.692,0.983,EMP_DC (concetto interno)
Unione europea,EU27_2020,1995-2007,1995,2007,12,popolazione,Popolazione,3.226,2.778,0.232,0.0953,33.864,2.46,EMP_DC (concetto interno)
Unione europea,EU27_2020,1995-2007,1995,2007,12,tasso_occupazione,Occupati su popolazione,9.873,8.503,0.709,0.2915,33.864,2.46,EMP_DC (concetto interno)
Unione europea,EU27_2020,1995-2007,1995,2007,12,ore_per_occupato,Ore per occupato,-3.259,-2.807,-0.234,-0.0962,33.864,2.46,EMP_DC (concetto interno)
Unione europea,EU27_2020,1995-2007,1995,2007,12,produttivita_oraria,Produttività oraria,24.024,20.691,1.724,0.7094,33.864,2.46,EMP_DC (concetto interno)
Unione europea,EU27_2020,2007-2013,2007,2013,6,popolazione,Popolazione,1.018,1.021,0.17,-1.7842,-0.57,-0.095,EMP_DC (concetto interno)
Unione europea,EU27_2020,2007-2013,2007,2013,6,tasso_occupazione,Occupati su popolazione,-3.395,-3.404,-0.567,5.9518,-0.57,-0.095,EMP_DC (concetto interno)
Unione europea,EU27_2020,2007-2013,2007,2013,6,ore_per_occupato,Ore per occupato,-2.824,-2.832,-0.472,4.9519,-0.57,-0.095,EMP_DC (concetto interno)
Unione europea,EU27_2020,2007-2013,2007,2013,6,produttivita_oraria,Produttività oraria,4.631,4.644,0.774,-8.1196,-0.57,-0.095,EMP_DC (concetto interno)
Unione europea,EU27_2020,2013-2019,2013,2019,6,popolazione,Popolazione,0.944,0.886,0.148,0.071,13.299,2.103,EMP_DC (concetto interno)
Unione europea,EU27_2020,2013-2019,2013,2019,6,tasso_occupazione,Occupati su popolazione,6.978,6.551,1.092,0.5247,13.299,2.103,EMP_DC (concetto interno)
Unione europea,EU27_2020,2013-2019,2013,2019,6,ore_per_occupato,Ore per occupato,-0.74,-0.695,-0.116,-0.0556,13.299,2.103,EMP_DC (concetto interno)
Unione europea,EU27_2020,2013-2019,2013,2019,6,produttivita_oraria,Produttività oraria,6.117,5.743,0.957,0.46,13.299,2.103,EMP_DC (concetto interno)
Unione europea,EU27_2020,2019-2025,2019,2025,6,popolazione,Popolazione,1.533,1.48,0.247,0.2117,7.241,1.172,EMP_DC (concetto interno)
Unione europea,EU27_2020,2019-2025,2019,2025,6,tasso_occupazione,Occupati su popolazione,3.613,3.488,0.581,0.4989,7.241,1.172,EMP_DC (concetto interno)
Unione europea,EU27_2020,2019-2025,2019,2025,6,ore_per_occupato,Ore per occupato,-1.156,-1.116,-0.186,-0.1597,7.241,1.172,EMP_DC (concetto interno)
Unione europea,EU27_2020,2019-2025,2019,2025,6,produttivita_oraria,Produttività oraria,3.253,3.14,0.523,0.4492,7.241,1.172,EMP_DC (concetto interno)
Unione europea,EU27_2020,1995-2025,1995,2025,30,popolazione,Popolazione,7.915,6.164,0.205,0.1282,61.722,1.615,EMP_DC (concetto interno)
Unione europea,EU27_2020,1995-2025,1995,2025,30,tasso_occupazione,Occupati su popolazione,19.437,15.138,0.505,0.3149,61.722,1.615,EMP_DC (concetto interno)
Unione europea,EU27_2020,1995-2025,1995,2025,30,ore_per_occupato,Ore per occupato,-9.566,-7.45,-0.248,-0.155,61.722,1.615,EMP_DC (concetto interno)
Unione europea,EU27_2020,1995-2025,1995,2025,30,produttivita_oraria,Produttività oraria,43.935,34.218,1.141,0.7118,61.722,1.615,EMP_DC (concetto interno)
Unione europea,EU27_2020,2000-2025,2000,2025,25,popolazione,Popolazione,6.502,5.462,0.218,0.1611,40.349,1.365,EMP_DC (concetto interno)
Unione europea,EU27_2020,2000-2025,2000,2025,25,tasso_occupazione,Occupati su popolazione,12.89,10.829,0.433,0.3195,40.349,1.365,EMP_DC (concetto interno)
Unione europea,EU27_2020,2000-2025,2000,2025,25,ore_per_occupato,Ore per occupato,-7.475,-6.279,-0.251,-0.1853,40.349,1.365,EMP_DC (concetto interno)
Unione europea,EU27_2020,2000-2025,2000,2025,25,produttivita_oraria,Produttività oraria,28.431,23.884,0.955,0.7046,40.349,1.365,EMP_DC (concetto interno)
