geo,paese,anno,tipo,valore
ES,Spagna,1990,storico,20.2
ES,Spagna,1991,storico,20.6
ES,Spagna,1992,storico,20.9
ES,Spagna,1993,storico,21.2
ES,Spagna,1994,storico,21.6
ES,Spagna,1995,storico,22
ES,Spagna,1996,storico,22.4
ES,Spagna,1997,storico,22.8
ES,Spagna,1998,storico,23.3
ES,Spagna,1999,storico,23.7
ES,Spagna,2000,storico,24.1
ES,Spagna,2001,storico,24.5
ES,Spagna,2002,storico,24.8
ES,Spagna,2003,storico,24.7
ES,Spagna,2004,storico,24.4
ES,Spagna,2005,storico,24
ES,Spagna,2006,storico,24.2
ES,Spagna,2007,storico,24
ES,Spagna,2008,storico,23.8
ES,Spagna,2009,storico,24.1
ES,Spagna,2010,storico,24.6
ES,Spagna,2011,storico,25.2
ES,Spagna,2012,storico,25.7
ES,Spagna,2013,storico,26.3
ES,Spagna,2014,storico,27.2
ES,Spagna,2015,storico,27.8
ES,Spagna,2016,storico,28.2
ES,Spagna,2017,storico,28.6
ES,Spagna,2018,storico,29
ES,Spagna,2019,storico,29.2
ES,Spagna,2020,storico,29.5
ES,Spagna,2021,storico,29.7
ES,Spagna,2022,storico,30.2
ES,Spagna,2023,storico,30.4
ES,Spagna,2024,storico,30.8
ES,Spagna,2025,storico,31.2
ES,Spagna,2026,proiezione,32.6319
ES,Spagna,2027,proiezione,33.3687
ES,Spagna,2028,proiezione,34.2034
ES,Spagna,2029,proiezione,35.1405
ES,Spagna,2030,proiezione,36.1992
ES,Spagna,2031,proiezione,37.2202
ES,Spagna,2032,proiezione,38.2656
ES,Spagna,2033,proiezione,39.4005
ES,Spagna,2034,proiezione,40.5388
ES,Spagna,2035,proiezione,41.7157
ES,Spagna,2036,proiezione,42.9426
ES,Spagna,2037,proiezione,44.2182
ES,Spagna,2038,proiezione,45.5556
ES,Spagna,2039,proiezione,46.91
ES,Spagna,2040,proiezione,48.3509
ES,Spagna,2041,proiezione,49.8202
ES,Spagna,2042,proiezione,51.3187
ES,Spagna,2043,proiezione,52.7479
ES,Spagna,2044,proiezione,54.1232
ES,Spagna,2045,proiezione,55.3253
ES,Spagna,2046,proiezione,56.4085
ES,Spagna,2047,proiezione,57.3072
ES,Spagna,2048,proiezione,58.0392
ES,Spagna,2049,proiezione,58.5681
ES,Spagna,2050,proiezione,58.975
ES,Spagna,2051,proiezione,59.2476
ES,Spagna,2052,proiezione,59.4037
ES,Spagna,2053,proiezione,59.4758
ES,Spagna,2054,proiezione,59.5118
ES,Spagna,2055,proiezione,59.4935
ES,Spagna,2056,proiezione,59.4367
ES,Spagna,2057,proiezione,59.349
ES,Spagna,2058,proiezione,59.2944
ES,Spagna,2059,proiezione,59.1826
ES,Spagna,2060,proiezione,59.0088
ES,Spagna,2061,proiezione,58.8322
ES,Spagna,2062,proiezione,58.6874
ES,Spagna,2063,proiezione,58.5978
ES,Spagna,2064,proiezione,58.5148
ES,Spagna,2065,proiezione,58.5267
ES,Spagna,2066,proiezione,58.6183
ES,Spagna,2067,proiezione,58.732
ES,Spagna,2068,proiezione,58.8778
ES,Spagna,2069,proiezione,59.1412
ES,Spagna,2070,proiezione,59.4724
IT,Italia,1990,storico,21.5
IT,Italia,1991,storico,22
IT,Italia,1992,storico,22.4
IT,Italia,1993,storico,22.9
IT,Italia,1994,storico,23.4
IT,Italia,1995,storico,24
IT,Italia,1996,storico,24.7
IT,Italia,1997,storico,25.2
IT,Italia,1998,storico,25.8
IT,Italia,1999,storico,26.3
IT,Italia,2000,storico,26.8
IT,Italia,2001,storico,27.4
IT,Italia,2002,storico,27.9
IT,Italia,2003,storico,28.4
IT,Italia,2004,storico,28.8
IT,Italia,2005,storico,29.4
IT,Italia,2006,storico,30
IT,Italia,2007,storico,30.5
IT,Italia,2008,storico,30.6
IT,Italia,2009,storico,30.8
IT,Italia,2010,storico,31.1
IT,Italia,2011,storico,31.2
IT,Italia,2012,storico,32
IT,Italia,2013,storico,32.6
IT,Italia,2014,storico,33.3
IT,Italia,2015,storico,34
IT,Italia,2016,storico,34.5
IT,Italia,2017,storico,35
IT,Italia,2018,storico,35.4
IT,Italia,2019,storico,35.8
IT,Italia,2020,storico,36.4
IT,Italia,2021,storico,37
IT,Italia,2022,storico,37.5
IT,Italia,2023,storico,37.8
IT,Italia,2024,storico,38.4
IT,Italia,2025,storico,39
IT,Italia,2026,proiezione,39.7629
IT,Italia,2027,proiezione,40.5917
IT,Italia,2028,proiezione,41.4775
IT,Italia,2029,proiezione,42.4948
IT,Italia,2030,proiezione,43.7409
IT,Italia,2031,proiezione,44.9576
IT,Italia,2032,proiezione,46.1986
IT,Italia,2033,proiezione,47.4253
IT,Italia,2034,proiezione,48.665
IT,Italia,2035,proiezione,49.9622
IT,Italia,2036,proiezione,51.1888
IT,Italia,2037,proiezione,52.4661
IT,Italia,2038,proiezione,53.7263
IT,Italia,2039,proiezione,54.9664
IT,Italia,2040,proiezione,56.2394
IT,Italia,2041,proiezione,57.3648
IT,Italia,2042,proiezione,58.3137
IT,Italia,2043,proiezione,59.1025
IT,Italia,2044,proiezione,59.7686
IT,Italia,2045,proiezione,60.244
IT,Italia,2046,proiezione,60.6051
IT,Italia,2047,proiezione,60.8719
IT,Italia,2048,proiezione,61.1093
IT,Italia,2049,proiezione,61.2249
IT,Italia,2050,proiezione,61.2753
IT,Italia,2051,proiezione,61.2579
IT,Italia,2052,proiezione,61.1407
IT,Italia,2053,proiezione,61.0062
IT,Italia,2054,proiezione,60.9372
IT,Italia,2055,proiezione,60.7961
IT,Italia,2056,proiezione,60.6733
IT,Italia,2057,proiezione,60.5092
IT,Italia,2058,proiezione,60.3804
IT,Italia,2059,proiezione,60.1626
IT,Italia,2060,proiezione,59.9354
IT,Italia,2061,proiezione,59.7281
IT,Italia,2062,proiezione,59.5874
IT,Italia,2063,proiezione,59.5013
IT,Italia,2064,proiezione,59.4911
IT,Italia,2065,proiezione,59.5255
IT,Italia,2066,proiezione,59.6561
IT,Italia,2067,proiezione,59.7996
IT,Italia,2068,proiezione,59.9805
IT,Italia,2069,proiezione,60.2585
IT,Italia,2070,proiezione,60.6682
FR,Francia,1991,storico,21.2
FR,Francia,1992,storico,21.6
FR,Francia,1993,storico,22
FR,Francia,1994,storico,22.4
FR,Francia,1995,storico,22.7
FR,Francia,1996,storico,23.1
FR,Francia,1997,storico,23.5
FR,Francia,1998,storico,23.8
FR,Francia,1999,storico,24
FR,Francia,2000,storico,24.3
FR,Francia,2001,storico,24.5
FR,Francia,2002,storico,24.7
FR,Francia,2003,storico,24.8
FR,Francia,2004,storico,24.9
FR,Francia,2005,storico,25.1
FR,Francia,2006,storico,25.1
FR,Francia,2007,storico,25.1
FR,Francia,2008,storico,25.2
FR,Francia,2009,storico,25.4
FR,Francia,2010,storico,25.6
FR,Francia,2011,storico,25.9
FR,Francia,2012,storico,26.7
FR,Francia,2013,storico,27.5
FR,Francia,2014,storico,28.3
FR,Francia,2015,storico,29.2
FR,Francia,2016,storico,30.1
FR,Francia,2017,storico,30.9
FR,Francia,2018,storico,31.6
FR,Francia,2019,storico,32.3
FR,Francia,2020,storico,33
FR,Francia,2021,storico,33.4
FR,Francia,2022,storico,33.8
FR,Francia,2023,storico,34.3
FR,Francia,2024,storico,34.9
FR,Francia,2025,storico,35.5
FR,Francia,2026,proiezione,36.3265
FR,Francia,2027,proiezione,36.9524
FR,Francia,2028,proiezione,37.5679
FR,Francia,2029,proiezione,38.2685
FR,Francia,2030,proiezione,38.9923
FR,Francia,2031,proiezione,39.6895
FR,Francia,2032,proiezione,40.3736
FR,Francia,2033,proiezione,40.9843
FR,Francia,2034,proiezione,41.6006
FR,Francia,2035,proiezione,42.237
FR,Francia,2036,proiezione,42.9048
FR,Francia,2037,proiezione,43.6164
FR,Francia,2038,proiezione,44.2781
FR,Francia,2039,proiezione,44.8666
FR,Francia,2040,proiezione,45.3033
FR,Francia,2041,proiezione,45.584
FR,Francia,2042,proiezione,45.7646
FR,Francia,2043,proiezione,46.0016
FR,Francia,2044,proiezione,46.2209
FR,Francia,2045,proiezione,46.483
FR,Francia,2046,proiezione,46.8996
FR,Francia,2047,proiezione,47.2612
FR,Francia,2048,proiezione,47.6036
FR,Francia,2049,proiezione,47.7748
FR,Francia,2050,proiezione,47.9918
FR,Francia,2051,proiezione,48.2346
FR,Francia,2052,proiezione,48.4948
FR,Francia,2053,proiezione,48.7238
FR,Francia,2054,proiezione,48.9636
FR,Francia,2055,proiezione,49.1732
FR,Francia,2056,proiezione,49.3809
FR,Francia,2057,proiezione,49.5303
FR,Francia,2058,proiezione,49.653
FR,Francia,2059,proiezione,49.6771
FR,Francia,2060,proiezione,49.7056
FR,Francia,2061,proiezione,49.7978
FR,Francia,2062,proiezione,49.9204
FR,Francia,2063,proiezione,50.0433
FR,Francia,2064,proiezione,50.2276
FR,Francia,2065,proiezione,50.446
FR,Francia,2066,proiezione,50.8476
FR,Francia,2067,proiezione,51.2191
FR,Francia,2068,proiezione,51.5833
FR,Francia,2069,proiezione,51.9404
FR,Francia,2070,proiezione,52.3336
DE,Germania,1990,storico,22
DE,Germania,1991,storico,21.7
DE,Germania,1992,storico,21.8
DE,Germania,1993,storico,21.9
DE,Germania,1994,storico,22.2
DE,Germania,1995,storico,22.5
DE,Germania,1996,storico,22.8
DE,Germania,1997,storico,23
DE,Germania,1998,storico,23.2
DE,Germania,1999,storico,23.3
DE,Germania,2000,storico,23.9
DE,Germania,2001,storico,24.5
DE,Germania,2002,storico,25.2
DE,Germania,2003,storico,25.9
DE,Germania,2004,storico,26.8
DE,Germania,2005,storico,27.8
DE,Germania,2006,storico,28.9
DE,Germania,2007,storico,29.9
DE,Germania,2008,storico,30.4
DE,Germania,2009,storico,30.9
DE,Germania,2010,storico,31.4
DE,Germania,2011,storico,31.4
DE,Germania,2012,storico,31.4
DE,Germania,2013,storico,31.5
DE,Germania,2014,storico,31.6
DE,Germania,2015,storico,32
DE,Germania,2016,storico,32
DE,Germania,2017,storico,32.4
DE,Germania,2018,storico,32.8
DE,Germania,2019,storico,33.2
DE,Germania,2020,storico,33.7
DE,Germania,2021,storico,34.2
DE,Germania,2022,storico,34.7
DE,Germania,2023,storico,34.9
DE,Germania,2024,storico,35.2
DE,Germania,2025,storico,35.9
DE,Germania,2026,proiezione,36.402
DE,Germania,2027,proiezione,37.2734
DE,Germania,2028,proiezione,38.2172
DE,Germania,2029,proiezione,39.2626
DE,Germania,2030,proiezione,40.3193
DE,Germania,2031,proiezione,41.3084
DE,Germania,2032,proiezione,42.2705
DE,Germania,2033,proiezione,43.1525
DE,Germania,2034,proiezione,43.9582
DE,Germania,2035,proiezione,44.6173
DE,Germania,2036,proiezione,45.0622
DE,Germania,2037,proiezione,45.3899
DE,Germania,2038,proiezione,45.4985
DE,Germania,2039,proiezione,45.3781
DE,Germania,2040,proiezione,45.2413
DE,Germania,2041,proiezione,45.0783
DE,Germania,2042,proiezione,44.9879
DE,Germania,2043,proiezione,44.9479
DE,Germania,2044,proiezione,44.9347
DE,Germania,2045,proiezione,44.9572
DE,Germania,2046,proiezione,45.114
DE,Germania,2047,proiezione,45.2582
DE,Germania,2048,proiezione,45.4293
DE,Germania,2049,proiezione,45.5492
DE,Germania,2050,proiezione,45.6725
DE,Germania,2051,proiezione,45.8263
DE,Germania,2052,proiezione,46.0752
DE,Germania,2053,proiezione,46.3937
DE,Germania,2054,proiezione,46.8111
DE,Germania,2055,proiezione,47.178
DE,Germania,2056,proiezione,47.6111
DE,Germania,2057,proiezione,47.8239
DE,Germania,2058,proiezione,47.9822
DE,Germania,2059,proiezione,48.1373
DE,Germania,2060,proiezione,48.2568
DE,Germania,2061,proiezione,48.3915
DE,Germania,2062,proiezione,48.6234
DE,Germania,2063,proiezione,48.9314
DE,Germania,2064,proiezione,49.1848
DE,Germania,2065,proiezione,49.428
DE,Germania,2066,proiezione,49.6796
DE,Germania,2067,proiezione,49.8346
DE,Germania,2068,proiezione,49.9509
DE,Germania,2069,proiezione,50.0471
DE,Germania,2070,proiezione,50.1514
EU27_2020,UE27,2001,storico,23.4
EU27_2020,UE27,2002,storico,23.8
EU27_2020,UE27,2003,storico,24.1
EU27_2020,UE27,2004,storico,24.4
EU27_2020,UE27,2005,storico,24.7
EU27_2020,UE27,2006,storico,25.1
EU27_2020,UE27,2007,storico,25.4
EU27_2020,UE27,2008,storico,25.7
EU27_2020,UE27,2009,storico,26
EU27_2020,UE27,2010,storico,26.3
EU27_2020,UE27,2011,storico,26.6
EU27_2020,UE27,2012,storico,27.1
EU27_2020,UE27,2014,storico,28.4
EU27_2020,UE27,2015,storico,29
EU27_2020,UE27,2016,storico,29.6
EU27_2020,UE27,2017,storico,30.2
EU27_2020,UE27,2018,storico,30.8
EU27_2020,UE27,2019,storico,31.4
EU27_2020,UE27,2020,storico,32
EU27_2020,UE27,2021,storico,32.6
EU27_2020,UE27,2022,storico,33.1
EU27_2020,UE27,2023,storico,33.4
EU27_2020,UE27,2024,storico,33.9
EU27_2020,UE27,2025,storico,34.5
EU27_2020,UE27,2026,proiezione,35.0725
EU27_2020,UE27,2027,proiezione,35.7526
EU27_2020,UE27,2028,proiezione,36.4537
EU27_2020,UE27,2029,proiezione,37.2249
EU27_2020,UE27,2030,proiezione,38.0438
EU27_2020,UE27,2031,proiezione,38.8206
EU27_2020,UE27,2032,proiezione,39.5787
EU27_2020,UE27,2033,proiezione,40.3815
EU27_2020,UE27,2034,proiezione,41.1857
EU27_2020,UE27,2035,proiezione,41.9581
EU27_2020,UE27,2036,proiezione,42.6875
EU27_2020,UE27,2037,proiezione,43.4104
EU27_2020,UE27,2038,proiezione,44.1022
EU27_2020,UE27,2039,proiezione,44.7262
EU27_2020,UE27,2040,proiezione,45.3848
EU27_2020,UE27,2041,proiezione,45.9988
EU27_2020,UE27,2042,proiezione,46.5943
EU27_2020,UE27,2043,proiezione,47.1701
EU27_2020,UE27,2044,proiezione,47.7182
EU27_2020,UE27,2045,proiezione,48.2452
EU27_2020,UE27,2046,proiezione,48.7908
EU27_2020,UE27,2047,proiezione,49.2644
EU27_2020,UE27,2048,proiezione,49.7173
EU27_2020,UE27,2049,proiezione,50.087
EU27_2020,UE27,2050,proiezione,50.4447
EU27_2020,UE27,2051,proiezione,50.7858
EU27_2020,UE27,2052,proiezione,51.1118
EU27_2020,UE27,2053,proiezione,51.4228
EU27_2020,UE27,2054,proiezione,51.7821
EU27_2020,UE27,2055,proiezione,52.0864
EU27_2020,UE27,2056,proiezione,52.4027
EU27_2020,UE27,2057,proiezione,52.6287
EU27_2020,UE27,2058,proiezione,52.8149
EU27_2020,UE27,2059,proiezione,52.9357
EU27_2020,UE27,2060,proiezione,53.0104
EU27_2020,UE27,2061,proiezione,53.0582
EU27_2020,UE27,2062,proiezione,53.125
EU27_2020,UE27,2063,proiezione,53.2026
EU27_2020,UE27,2064,proiezione,53.2808
EU27_2020,UE27,2065,proiezione,53.3764
EU27_2020,UE27,2066,proiezione,53.5329
EU27_2020,UE27,2067,proiezione,53.6401
EU27_2020,UE27,2068,proiezione,53.7449
EU27_2020,UE27,2069,proiezione,53.8793
EU27_2020,UE27,2070,proiezione,54.0585
