geo,paese,anno,beneficiari_totale,beneficiari_vecchiaia_superstiti,occupati,tasso_occupazione_2064,ben_per_occupato,ben_vs_per_occupato
ES,Spagna,2006,8333592,7255054,19406000,69,0.4294,0.3739
ES,Spagna,2007,8483957,7361275,20039000,69.7,0.4234,0.3673
ES,Spagna,2008,8548158,7458117,19987000,68.5,0.4277,0.3731
ES,Spagna,2009,8751426,7639758,18753000,64,0.4667,0.4074
ES,Spagna,2010,8880722,7762782,18422000,62.8,0.4821,0.4214
ES,Spagna,2011,8993616,7862064,18147000,62,0.4956,0.4332
ES,Spagna,2012,9114531,7982309,17393000,59.6,0.524,0.4589
ES,Spagna,2013,9251948,8127797,16927000,58.6,0.5466,0.4802
ES,Spagna,2014,9374301,8251366,17131000,59.9,0.5472,0.4817
ES,Spagna,2015,9448336,8318719,17634000,62,0.5358,0.4717
ES,Spagna,2016,9558626,8420489,18087000,63.9,0.5285,0.4656
ES,Spagna,2017,9664977,8522346,18531000,65.5,0.5216,0.4599
ES,Spagna,2018,9782544,8638098,19002000,67,0.5148,0.4546
ES,Spagna,2019,9885991,8738701,19417000,68,0.5091,0.4501
ES,Spagna,2020,9898563,8768847,18851000,65.7,0.5251,0.4652
ES,Spagna,2021,10006553,8876944,19420000,67.5,0.5153,0.4571
ES,Spagna,2022,10090464,8969227,20076000,69.3,0.5026,0.4468
ES,Spagna,2023,10215287,9097763,20684000,70.5,0.4939,0.4398
ES,Spagna,2024,10380547,9259549,21107000,71.4,0.4918,0.4387
IT,Italia,2006,16543737,15140084,22160000,62.4,0.7466,0.6832
IT,Italia,2007,16640272,15243237,22296000,62.7,0.7463,0.6837
IT,Italia,2008,16643396,15245090,22486000,62.9,0.7402,0.678
IT,Italia,2009,16591344,15204309,21983000,61.1,0.7547,0.6916
IT,Italia,2010,16571414,15210797,21823000,60.5,0.7594,0.697
IT,Italia,2011,16531745,15189592,21920000,60.5,0.7542,0.693
IT,Italia,2012,16321632,15034516,21781000,60.2,0.7494,0.6903
IT,Italia,2013,16108741,14821837,21343000,59.1,0.7548,0.6945
IT,Italia,2014,15964002,14669153,21387000,59.5,0.7464,0.6859
IT,Italia,2015,15864407,14551188,21557000,60.2,0.7359,0.675
IT,Italia,2016,15730028,14401036,21858000,61.4,0.7196,0.6588
IT,Italia,2017,15692603,14358541,22064000,62.3,0.7112,0.6508
IT,Italia,2018,15633707,14227167,22227000,63,0.7034,0.6401
IT,Italia,2019,15645340,14170963,22337000,63.5,0.7004,0.6344
IT,Italia,2020,15645559,14188344,21632000,61.9,0.7233,0.6559
IT,Italia,2021,15682545,14240277,21760000,62.7,0.7207,0.6544
IT,Italia,2022,15694751,14246517,22298000,64.8,0.7039,0.6389
IT,Italia,2023,15760850,14290286,22702000,66.3,0.6942,0.6295
IT,Italia,2024,15813171,14329839,23028000,67.1,0.6867,0.6223
FR,Francia,2006,17130000,15400000,25337000,69.7,0.6761,0.6078
FR,Francia,2007,17120000,15310000,25717000,70.2,0.6657,0.5953
FR,Francia,2008,17470000,15660000,26073000,70.8,0.67,0.6006
FR,Francia,2009,17810000,16020000,25851000,69.8,0.6889,0.6197
FR,Francia,2010,18320000,16380000,25900000,69.6,0.7073,0.6324
FR,Francia,2011,18270000,16568000,25915000,69.5,0.705,0.6393
FR,Francia,2012,18355000,16647000,25961000,69.7,0.707,0.6412
FR,Francia,2013,18616000,16926000,25931000,69.7,0.7179,0.6527
FR,Francia,2014,18853000,17162000,25957000,70,0.7263,0.6612
FR,Francia,2015,18946000,17245800,25982000,70.3,0.7292,0.6638
FR,Francia,2016,19138000,17433600,26055000,70.7,0.7345,0.6691
FR,Francia,2017,19214805,17437142,26233000,71.3,0.7325,0.6647
FR,Francia,2018,20036318,17509136,26441000,72,0.7578,0.6622
FR,Francia,2019,20428505,17615895,26513000,72.3,0.7705,0.6644
FR,Francia,2020,20839519,18000630,26402000,72.1,0.7893,0.6818
FR,Francia,2021,20922976,18077595,26761000,73.2,0.7818,0.6755
FR,Francia,2022,20556173,17953320,27215000,74,0.7553,0.6597
FR,Francia,2023,22067142,18237074,27399000,74.4,0.8054,0.6656
DE,Germania,2006,22574956,20208560,35371000,71.1,0.6382,0.5713
DE,Germania,2007,22828814,20519971,36067000,72.9,0.633,0.5689
DE,Germania,2008,23160903,20777185,36583000,74,0.6331,0.5679
DE,Germania,2009,23048924,20620320,36098000,73.2,0.6385,0.5712
DE,Germania,2010,23075967,20700057,35750000,74,0.6455,0.579
DE,Germania,2011,23178188,20805019,36463000,75.4,0.6357,0.5706
DE,Germania,2012,23149164,20786952,36767000,75.8,0.6296,0.5654
DE,Germania,2013,23062121,20704168,37011000,76.3,0.6231,0.5594
DE,Germania,2014,23084161,20697230,37247000,76.7,0.6198,0.5557
DE,Germania,2015,23238873,20916411,37464000,77,0.6203,0.5583
DE,Germania,2016,23309380,21021587,38305000,77.6,0.6085,0.5488
DE,Germania,2017,23314057,21034694,38553000,78.3,0.6047,0.5456
DE,Germania,2018,23358615,21091627,38641000,79,0.6045,0.5458
DE,Germania,2019,23547349,21298322,38967000,79.7,0.6043,0.5466
DE,Germania,2020,23556765,21332427,38082000,78.3,0.6186,0.5602
DE,Germania,2021,23530892,21325007,38524000,79.6,0.6108,0.5536
DE,Germania,2022,23508380,21340045,39337000,80.8,0.5976,0.5425
DE,Germania,2023,23404915,21283671,39718000,81.1,0.5893,0.5359
EU27_2020,UE27,2006,111775455,94720210,179742000,68,0.6219,0.527
EU27_2020,UE27,2008,114679198,99857429,185681000,69.5,0.6176,0.5378
EU27_2020,UE27,2009,115423316,100714341,180849000,67.3,0.6382,0.5569
EU27_2020,UE27,2010,116263815,101615073,178773000,67,0.6503,0.5684
EU27_2020,UE27,2011,116585519,102405716,179062000,67.1,0.6511,0.5719
EU27_2020,UE27,2012,116169550,102623092,178230000,66.9,0.6518,0.5758
EU27_2020,UE27,2013,116336840,102976565,177419000,66.8,0.6557,0.5804
EU27_2020,UE27,2014,116674010,103422698,178913000,67.6,0.6521,0.5781
EU27_2020,UE27,2015,117024569,103951647,180892000,68.5,0.6469,0.5747
EU27_2020,UE27,2016,117424214,104503880,183573000,69.7,0.6397,0.5693
EU27_2020,UE27,2017,117710801,104760383,186078000,70.9,0.6326,0.563
EU27_2020,UE27,2018,119060631,105515176,188025000,71.9,0.6332,0.5612
EU27_2020,UE27,2019,120111567,106315870,189896000,72.7,0.6325,0.5599
EU27_2020,UE27,2020,121143477,107458268,186608000,71.7,0.6492,0.5759
EU27_2020,UE27,2021,121205056,107597464,189337000,73.1,0.6402,0.5683
EU27_2020,UE27,2022,121118742,107892059,193309000,74.6,0.6266,0.5581
EU27_2020,UE27,2023,123079635,108626101,195248000,75.3,0.6304,0.5563
