CNTR_ID,paese,anno_detenuti,anno_capienza,detenuti,capienza,tasso_affollamento
LI,Liechtenstein,2024,2024,77,22,350
CY,Cyprus,2024,2024,965,424,227.5943396226415
SI,Slovenia,2024,2024,1806,1346,134.17533432392273
FR,France,2024,2024,80669,62385,129.308327322273
HR,Croatia,2024,2024,4965,4052,122.53208292201383
IT,Italy,2024,2024,63524,51901,122.39455887169804
RO,Romania,2024,2024,24606,20795,118.32652079826882
AT,Austria,2024,2024,9657,8278,116.65861319159217
BE,Belgium,2024,2024,12581,11040,113.95833333333334
IE,Ireland,2024,2024,5121,4577,111.88551452916758
SE,Sweden,2024,2024,11235,10054,111.74656852993834
FI,Finland,2024,2024,3187,2978,107.0181329751511
EL,Greece,2024,2024,11484,10775,106.5800464037123
HU,Hungary,2024,2024,18464,17905,103.12203295168946
BA,Bosnia and Herzegovina,2024,2024,4083,4016,101.6683266932271
DK,Denmark,2024,2024,4167,4127,100.96922704143445
PT,Portugal,2024,2024,12507,12608,99.19892131979695
RS,Serbia,2024,2024,11430,11951,95.64053217303992
CZ,Czechia,2024,2024,19430,20387,95.30583214793741
NL,Netherlands,2024,2024,11948,12614,94.72015221182812
NO,Norway,2024,2024,3359,3631,92.50895070228587
CH,Switzerland,2024,2024,6722,7404,90.78876283090221
MK,North Macedonia,2024,2023,2241,2573,87.09677419354838
MT,Malta,2024,2024,697,810,86.04938271604938
ME,Montenegro,2024,2024,1191,1393,85.49892318736539
IS,Iceland,2024,2024,136,160,85
AL,Albania,2024,2024,4741,5747,82.49521489472768
DE,Germany,2024,2024,58798,72096,81.55514869063471
ES,Spain,2024,2024,59226,73956,80.08275190653902
PL,Poland,2024,2024,69850,89093,78.40122119582908
LV,Latvia,2024,2024,3505,4564,76.79666958808063
SK,Slovakia,2024,2024,8169,11537,70.80696888272514
BG,Bulgaria,2024,2024,5440,8040,67.66169154228857
LU,Luxembourg,2024,2024,628,932,67.38197424892704
LT,Lithuania,2024,2024,4480,6682,67.0457946722538
XK,Kosovo,2020,2020,1396,2552,54.70219435736677
EE,Estonia,2024,2024,1637,3278,49.93898718730934
