settore,nome,occupati,ftfy,stipendio_medio,stipendio_ftfy,quota_settore,quota_ftfy_tot,quota_ftfy_int
Estrazione di minerali da cave e miniere,Estrazione di minerali,38215,28508,51529.88161716604,59652.57068191385,0.21552645473730137,0.16078053569674178,74.59897945832789
Attivita' manifatturiere,Manifattura,4003396,2415273,32486.97796245987,41000.96588791412,22.578509663469667,13.6217513257288,60.330604316934924
"Fornitura di energia elettrica, gas, vapore e aria condizionata",Energia elettrica e gas,88130,70954,50014.854101894925,54858.222848606136,0.4970390280256017,0.4001691500570582,80.51060932713038
"Fornitura di acqua, reti fognarie, attivita' di gestione dei rifiuti e risanamento",Acqua e rifiuti,205691,135469,30525.09738880165,36399.157608013644,1.160064163322524,0.7640233755542976,65.86044114715763
Costruzioni,Costruzioni,1309595,471605,22106.186870750116,32641.491233129418,7.3859052071620095,2.659776362328536,36.011515010365805
"Commercio all'ingrosso e al dettaglio, riparazione di autoveicoli e motocicli",Commercio,2608191,1089772,23577.288892569602,36449.23196687013,14.709777823046888,6.146138836372586,41.782676192042686
Trasporto e magazzinaggio,Trasporti e magazzini,1251720,641319,27199.394815134376,36162.27844957034,7.059499513902261,3.6169360310263348,51.23502061163838
Attivita' dei servizi di alloggio e di ristorazione,Alberghi e ristoranti,2020119,222042,11232.614066300055,28037.22153016096,11.393146309497906,1.2522811739573432,10.99153069695399
Servizi di informazione e comunicazione,Informatica e comunicazione,636842,378262,35227.231591195305,46443.76497507019,3.5916864709619905,2.1333368525929894,59.39652221430119
Attivita' finanziarie e assicurative,Banche e assicurazioni,482857,363084,56428.58324307197,64990.4568612222,2.7232358329213433,2.0477353733308474,75.1949334896253
Attivita' immobiliari,Attività immobiliari,63885,23503,25738.016874070596,45308.96000510573,0.3603011268060316,0.13255314053881445,36.789543711356345
"Attivita' professionali, scientifiche e tecniche",Attività professionali,629006,306191,28854.76261275727,42579.73767354364,3.5474926910503988,1.726868002158028,48.67854996613705
"Noleggio, agenzie di viaggio, servizi di supporto alle imprese",Servizi alle imprese,1895590,465959,16484.754381485447,32105.22760800843,10.690822774708389,2.627933830248285,24.581212181959177
Istruzione,Istruzione,740578,122425,16451.11245270586,30178.638750255257,4.176740829424079,0.6904573131287223,16.53100686220763
Sanita' e assistenza sociale,Sanità e assistenza sociale,944300,296559,18720.28260510431,29615.9858780209,5.325700149376781,1.6725450710568979,31.405167849200467
"Attivita' artistiche, sportive, di intrattenimento e divertimento",Sport e intrattenimento,269942,48321,15627.58805595276,43280.163262349706,1.5224294712729716,0.27252266961562577,17.900511961828837
Altre attivita' di servizi,Altri servizi,506493,147568,17526.901364875725,32531.705430716687,2.8565390720727457,0.8322597899430613,29.13524964807016
"Attivita' di famiglie e convivenze come datori di lavoro per personale domestico, produzione di beni e servizi indifferenziati per uso proprio da parte di famiglie e convivenze",Lavoro domestico,36452,17127,16149.302095906945,22563.145734804693,0.20558341824111237,0.09659352584811619,46.985076264676835
