paese,anno,indice
Francia,2016,99.60607
Francia,2017,103.06889
Francia,2018,102.60382
Francia,2019,102.33746
Francia,2020,102.68757
Francia,2021,100.7077
Francia,2022,96.3052
Francia,2023,95.41868
Francia,2024,99.46115
Germania,2016,100.98251
Germania,2017,101.46812
Germania,2018,101.94865
Germania,2019,103.3972
Germania,2020,104.88949
Germania,2021,104.0488
Germania,2022,99.68079
Germania,2023,96.41351
Germania,2024,96.87729
Italia,2016,99.07392
Italia,2017,97.76477
Italia,2018,99.1985
Italia,2019,99.8253
Italia,2020,99.81148
Italia,2021,95.83092
Italia,2022,90.52094
Italia,2023,91.0341
Italia,2024,89.36488
Spagna,2016,100.45602
Spagna,2017,100.13647
Spagna,2018,100.41055
Spagna,2019,102.41089
Spagna,2020,103.55005
Spagna,2021,100.61847
Spagna,2022,97.77497
Spagna,2023,97.16173
Spagna,2024,97.33411
Media OCSE,2016,101.59579
Media OCSE,2017,102.21425
Media OCSE,2018,103.19319
Media OCSE,2019,107.12618
Media OCSE,2020,108.3196
Media OCSE,2021,104.88903
Media OCSE,2022,100.47999
Media OCSE,2023,100.92608
Media OCSE,2024,103.61741
Francia,2015,100
Germania,2015,100
Italia,2015,100
Spagna,2015,100
Media OCSE,2015,100
