provincia,regione,NUTS_ID,ettari,quota
Monza e della Brianza,Lombardia,ITC4D,16571.73,40.92174194
Napoli,Campania,ITF33,40975.54,34.93736723
Milano,Lombardia,ITC4C,50344.96,31.98487647
Varese,Lombardia,ITC41,25248.54,21.085228
Trieste,Friuli-Venezia Giulia,ITH44,4389.43,20.75539592
Padova,Veneto,ITH36,39857.59,18.65190254
Treviso,Veneto,ITH34,41101.21,16.63643458
Prato,Toscana,ITI15,5226.45,14.32900073
Lecce,Puglia,ITF45,39093.15,14.11275657
Venezia,Veneto,ITH35,34817.21,14.10383752
Verona,Veneto,ITH31,41451.61,13.42358359
Roma,Lazio,ITI43,70527.89,13.19646038
Gorizia,Friuli-Venezia Giulia,ITH43,6150.96,13.00961991
Rimini,Emilia-Romagna,ITH59,11591.3,12.62237512
Vicenza,Veneto,ITH32,34081.11,12.557125600000001
Lodi,Lombardia,ITC49,9678.48,12.37735478
Como,Lombardia,ITC42,15709.88,12.29522445
Lecco,Lombardia,ITC43,9708.95,12.06769728
Bergamo,Lombardia,ITC46,33055.1,12.01730647
Novara,Piemonte,ITC15,15049.82,11.23426065
Reggio nell'Emilia,Emilia-Romagna,ITH53,25320.36,11.076366
Modena,Emilia-Romagna,ITH54,29658.03,11.06220978
Brindisi,Puglia,ITF44,19714.41,10.69390234
Mantova,Lombardia,ITC4B,24923.93,10.67106155
Ragusa,Sicilia,ITG18,17024.15,10.55832415
Cremona,Lombardia,ITC4A,18637.11,10.54575144
Brescia,Lombardia,ITC47,50293.17,10.53090089
Caserta,Campania,ITF31,27723.32,10.51434555
Ravenna,Emilia-Romagna,ITH57,19415.09,10.47975859
Pistoia,Toscana,ITI13,9877.31,10.26971157
Livorno,Toscana,ITI16,12390.02,10.21943458
Latina,Lazio,ITI44,22722.85,10.11013729
Bari,Puglia,ITF47,37305.71,9.742001813
Taranto,Puglia,ITF43,23543.84,9.629806597
Pavia,Lombardia,ITC48,28476.66,9.601134955
Siracusa,Sicilia,ITG19,19371.06,9.185087837
Lucca,Toscana,ITI12,16200.71,9.150866721
Ancona,Marche,ITI32,17773.31,9.093617551
Bologna,Emilia-Romagna,ITH55,33173.66,8.987320147
Torino,Piemonte,ITC11,58730.76,8.597724834
Pordenone,Friuli-Venezia Giulia,ITH41,19212.35,8.478594432
Cagliari,Sardegna,ITG2F,10545.4,8.439703984
Rovigo,Veneto,ITH37,15326.73,8.431968435
Genova,Liguria,ITC33,14717.76,8.031660473
Catania,Sicilia,ITG17,28457.83,8.020919002
Salerno,Campania,ITF35,39384.28,8.003510595
La Spezia,Liguria,ITC34,7042.58,8.00026991
Biella,Piemonte,ITC13,7268.54,7.959182981
Fermo,Marche,ITI35,6795.49,7.91454584
Trapani,Sicilia,ITG11,19293.71,7.849040831
Piacenza,Emilia-Romagna,ITH51,19990.1,7.741574448
Parma,Emilia-Romagna,ITH52,26321.68,7.64882999
Benevento,Campania,ITF32,15330.49,7.417969221
Avellino,Campania,ITF34,20641.07,7.407630045
Forli'-Cesena,Emilia-Romagna,ITH58,17537.4,7.400637722
Firenze,Toscana,ITI14,25825.34,7.372091823
Asti,Piemonte,ITC17,10992.83,7.279632745
Pescara,Abruzzo,ITF13,8889.41,7.265877916
Massa Carrara,Toscana,ITI11,8366.12,7.258207595
Ferrara,Emilia-Romagna,ITH56,18746.2,7.15898572
Alessandria,Piemonte,ITC18,25447.51,7.154275584
Pisa,Toscana,ITI17,17151.52,7.031322318
Barletta-Andria-Trani,Puglia,ITF48,10660.25,6.963398921
Frosinone,Lazio,ITI45,22363.93,6.924352206
Udine,Friuli-Venezia Giulia,ITH42,33850.42,6.841511155
Pesaro e Urbino,Marche,ITI31,16883.99,6.75237166
Savona,Liguria,ITC32,10389.74,6.718682252
Teramo,Abruzzo,ITF12,13030.5,6.703602459
Catanzaro,Calabria,ITF63,15723.75,6.567121379
Ascoli Piceno,Marche,ITI34,7900.3,6.464692256
Imperia,Liguria,ITC31,7374.2,6.380897768
Chieti,Abruzzo,ITF14,16408.52,6.350658403
Messina,Sicilia,ITG13,19590.18,6.040249336
Vibo Valentia,Calabria,ITF64,6695.93,5.871342769
Reggio di Calabria,Calabria,ITF65,18504.1,5.816376746
Agrigento,Sicilia,ITG14,17612.8,5.800383463
Palermo,Sicilia,ITG12,28576.02,5.73713719
Macerata,Marche,ITI33,15788.02,5.70798894
Perugia,Umbria,ITI21,34624.55,5.486842839
Arezzo,Toscana,ITI18,17289.95,5.366764805
Cuneo,Piemonte,ITC16,36832.38,5.339285384
Vercelli,Piemonte,ITC12,10489.94,5.040062238
Caltanissetta,Sicilia,ITG15,10231.08,4.815060484
Viterbo,Lazio,ITI41,17046.72,4.731739653
Terni,Umbria,ITI22,9913.91,4.679419341
Cosenza,Calabria,ITF61,29440.77,4.425610537
Campobasso,Molise,ITF22,12345.44,4.24789421
Foggia,Puglia,ITF46,28310.3,4.069800172
Siena,Toscana,ITI19,15383.59,4.038898486
Crotone,Calabria,ITF62,6579.8,3.826543445
Sassari,Sardegna,ITG2D,28589.56,3.718070997
Oristano,Sardegna,ITG2G,10645.99,3.559826475
Potenza,Basilicata,ITF51,22660.88,3.46374224
Isernia,Molise,ITF21,5169.72,3.387958883
Enna,Sicilia,ITG16,8273.89,3.235272588
Grosseto,Toscana,ITI1A,14385.06,3.203589716
L'Aquila,Abruzzo,ITF11,16073.42,3.201573939
Rieti,Lazio,ITI42,8678.64,3.170343843
Trento,Trentino-Alto Adige,ITH20,19102.06,3.08604271
Sud Sardegna,Sardegna,ITG2H,18732.46,2.868802479
Belluno,Veneto,ITH33,10235.54,2.845697913
Verbano-Cusio-Ossola,Piemonte,ITC14,6323.91,2.797928919
Bolzano,Trentino-Alto Adige,ITH10,20243.84,2.744652323
Matera,Basilicata,ITF52,9440.08,2.736726741
Sondrio,Lombardia,ITC44,8549.26,2.679767885
Nuoro,Sardegna,ITG2E,13272.82,2.355694537
Aosta,Valle d'Aosta,ITC20,7051.43,2.161209402
