paese,codice,edizione,anno,tipo_stipendio,livello,rapporto_su_salario_medio,rapporto_su_laureati,premio_laureati_su_media_implicito
Finlandia,FIN,EAG 2025 (rif. 2022),2022,effettivo,ISCED11_02,0.7507087574478362,0.65020791,1.154567248263461
Francia,FRA,EAG 2025 (rif. 2022),2020,effettivo,ISCED11_02,1.0448410902962189,0.76430514,1.367047054395341
Italia,ITA,EAG 2025 (rif. 2022),2022,effettivo,ISCED11_02,0.9078367442070208,0.6504643,1.395674972795618
Media semplice dei 8 paesi,MEDIA_CALC,EAG 2025 (rif. 2022),2022,effettivo,ISCED11_02,1.001469870184335,0.7878863775,1.2710841293665278
Paesi Bassi,NLD,EAG 2025 (rif. 2022),2022,effettivo,ISCED11_02,1.158459297762363,0.79266009,1.461483064906627
Polonia,POL,EAG 2025 (rif. 2022),2022,effettivo,ISCED11_02,0.8797616873532064,0.65963992,1.3336998878921795
Portogallo,PRT,EAG 2025 (rif. 2022),2022,effettivo,ISCED11_02,1.6157642614326229,1.4738345,1.096299660126441
Stati Uniti,USA,EAG 2025 (rif. 2022),2022,effettivo,ISCED11_02,0.7843416153823608,0.61864611,1.267835686192807
Svezia,SWE,EAG 2025 (rif. 2022),2021,effettivo,ISCED11_02,0.870045507593052,0.69333305,1.2548738410682312
Finlandia,FIN,EAG 2025 (rif. 2022),2022,effettivo,ISCED11_1,0.9934602428748468,0.86046114,1.1545672392304047
Francia,FRA,EAG 2025 (rif. 2022),2020,effettivo,ISCED11_1,1.0149905897706994,0.74246939,1.367047050614032
Germania,DEU,EAG 2025 (rif. 2022),2022,effettivo,ISCED11_1,1.381311780221939,0.96962498,1.4245835335450403
Italia,ITA,EAG 2025 (rif. 2022),2022,effettivo,ISCED11_1,0.9078367442070208,0.6504643,1.395674972795618
Media semplice dei 9 paesi,MEDIA_CALC,EAG 2025 (rif. 2022),2022,effettivo,ISCED11_1,1.0890908834395707,0.8436293944444445,1.2909589099331584
Paesi Bassi,NLD,EAG 2025 (rif. 2022),2022,effettivo,ISCED11_1,1.158459297762363,0.79266009,1.461483064906627
Polonia,POL,EAG 2025 (rif. 2022),2022,effettivo,ISCED11_1,1.0694949882962594,0.80190079,1.3336998811240222
Portogallo,PRT,EAG 2025 (rif. 2022),2022,effettivo,ISCED11_1,1.4819440230749954,1.3517691,1.0962996735722064
Stati Uniti,USA,EAG 2025 (rif. 2022),2022,effettivo,ISCED11_1,0.8059604007594324,0.63569783,1.2678356960246857
Svezia,SWE,EAG 2025 (rif. 2022),2021,effettivo,ISCED11_1,0.9883598839885808,0.78761693,1.2548738432889968
Finlandia,FIN,EAG 2025 (rif. 2022),2022,effettivo,ISCED11_24,1.1000283984595378,0.95276252,1.1545672456338203
Francia,FRA,EAG 2025 (rif. 2022),2020,effettivo,ISCED11_24,1.1334405331572566,0.82911596,1.3670470571538107
Germania,DEU,EAG 2025 (rif. 2022),2022,effettivo,ISCED11_24,1.5173541395882155,1.0651212,1.4245835493540222
Italia,ITA,EAG 2025 (rif. 2022),2022,effettivo,ISCED11_24,0.9648608755684478,0.69132204,1.3956749817616807
Media semplice dei 9 paesi,MEDIA_CALC,EAG 2025 (rif. 2022),2022,effettivo,ISCED11_24,1.1562417588932707,0.8928890755555555,1.2949444567611685
Paesi Bassi,NLD,EAG 2025 (rif. 2022),2022,effettivo,ISCED11_24,1.298128822492446,0.88822707,1.4614830670410055
Polonia,POL,EAG 2025 (rif. 2022),2022,effettivo,ISCED11_24,1.0820168615375714,0.81128961,1.333699887439174
Portogallo,PRT,EAG 2025 (rif. 2022),2022,effettivo,ISCED11_24,1.4485720374185882,1.3213286,1.0962996164758625
Stati Uniti,USA,EAG 2025 (rif. 2022),2022,effettivo,ISCED11_24,0.8346324099817416,0.65831276,1.26783568646268
Svezia,SWE,EAG 2025 (rif. 2022),2021,effettivo,ISCED11_24,1.0271417518356325,0.81852192,1.2548738485044266
Finlandia,FIN,EAG 2025 (rif. 2022),2022,effettivo,ISCED11_34,1.2382395861682858,1.0724707,1.1545672867037633
Francia,FRA,EAG 2025 (rif. 2022),2020,effettivo,ISCED11_34,1.255020427690156,0.91805211,1.3670470488762954
Germania,DEU,EAG 2025 (rif. 2022),2022,effettivo,ISCED11_34,1.598767375540873,1.12227,1.4245835454399325
Italia,ITA,EAG 2025 (rif. 2022),2022,effettivo,ISCED11_34,1.028826093152566,0.73715306,1.395674994759658
Media semplice dei 9 paesi,MEDIA_CALC,EAG 2025 (rif. 2022),2022,effettivo,ISCED11_34,1.2193225643160257,0.9432377911111112,1.2926990158862204
Paesi Bassi,NLD,EAG 2025 (rif. 2022),2022,effettivo,ISCED11_34,1.298128822492446,0.88822707,1.4614830670410055
Polonia,POL,EAG 2025 (rif. 2022),2022,effettivo,ISCED11_34,1.0902037092025083,0.81742806,1.333699884491986
Portogallo,PRT,EAG 2025 (rif. 2022),2022,effettivo,ISCED11_34,1.5577549207894796,1.4209208,1.0962996113432075
Stati Uniti,USA,EAG 2025 (rif. 2022),2022,effettivo,ISCED11_34,0.8624140740323243,0.68022543,1.2678356850497698
Svezia,SWE,EAG 2025 (rif. 2022),2021,effettivo,ISCED11_34,1.0445480697755911,0.83239289,1.2548738490252975
Finlandia,FIN,EAG 2026 (rif. 2025),2025,effettivo,ISCED11_02,0.8227888464335451,0.680894049,1.2083948268338371
Italia,ITA,EAG 2026 (rif. 2025),2025,effettivo,ISCED11_02,0.9241837435346963,0.637108761,1.4505902290279389
Media semplice dei 7 paesi,MEDIA_CALC,EAG 2026 (rif. 2025),2025,effettivo,ISCED11_02,1.004391911410908,0.776869308,1.292871144564393
Paesi Bassi,NLD,EAG 2026 (rif. 2025),2025,effettivo,ISCED11_02,1.193295897920729,0.811987732,1.4695984322097235
Polonia,POL,EAG 2026 (rif. 2025),2025,effettivo,ISCED11_02,1.0186613843017285,0.717842534,1.41905966288385
Portogallo,PRT,EAG 2026 (rif. 2025),2025,effettivo,ISCED11_02,1.4858348513516575,1.345951629,1.1039288629232438
Stati Uniti,USA,EAG 2026 (rif. 2025),2025,effettivo,ISCED11_02,0.7826634871568204,0.596279968,1.3125771938674626
Svezia,SWE,EAG 2026 (rif. 2025),2025,effettivo,ISCED11_02,0.8033151691771783,0.648020483,1.2396447184173007
Finlandia,FIN,EAG 2026 (rif. 2025),2025,effettivo,ISCED11_1,1.033667049143777,0.85540506,1.2083948265910152
Germania,DEU,EAG 2026 (rif. 2025),2025,effettivo,ISCED11_1,1.2664806776732664,0.874176164,1.4487705451475412
Italia,ITA,EAG 2026 (rif. 2025),2025,effettivo,ISCED11_1,0.9241837435346963,0.637108761,1.4505902290279389
Media semplice dei 8 paesi,MEDIA_CALC,EAG 2026 (rif. 2025),2025,effettivo,ISCED11_1,1.0901575733813074,0.82892706175,1.3151429404172272
Paesi Bassi,NLD,EAG 2026 (rif. 2025),2025,effettivo,ISCED11_1,1.193295897920729,0.811987732,1.4695984322097235
Polonia,POL,EAG 2026 (rif. 2025),2025,effettivo,ISCED11_1,1.187988888228242,0.837166272,1.4190596634884998
Portogallo,PRT,EAG 2026 (rif. 2025),2025,effettivo,ISCED11_1,1.3943762236995945,1.26310333,1.1039288636026274
Stati Uniti,USA,EAG 2026 (rif. 2025),2025,effettivo,ISCED11_1,0.8042360138361876,0.612715212,1.3125771942417312
Svezia,SWE,EAG 2026 (rif. 2025),2025,effettivo,ISCED11_1,0.9170320930139648,0.739753963,1.2396447182182448
Finlandia,FIN,EAG 2026 (rif. 2025),2025,effettivo,ISCED11_24,1.133846060296256,0.938307609,1.208394826409487
Germania,DEU,EAG 2026 (rif. 2025),2025,effettivo,ISCED11_24,1.3949062319752883,0.962820674,1.448770544342599
Italia,ITA,EAG 2026 (rif. 2025),2025,effettivo,ISCED11_24,0.971799955609812,0.669934166,1.450590229502957
Media semplice dei 8 paesi,MEDIA_CALC,EAG 2026 (rif. 2025),2025,effettivo,ISCED11_24,1.150750933870003,0.872956503375,1.3182225339074765
Paesi Bassi,NLD,EAG 2026 (rif. 2025),2025,effettivo,ISCED11_24,1.294773566478391,0.881039023,1.4695984317125883
Polonia,POL,EAG 2026 (rif. 2025),2025,effettivo,ISCED11_24,1.2396148135096168,0.873546649,1.4190596631887678
Portogallo,PRT,EAG 2026 (rif. 2025),2025,effettivo,ISCED11_24,1.3843475257479076,1.254018779,1.103928863690412
Stati Uniti,USA,EAG 2026 (rif. 2025),2025,effettivo,ISCED11_24,0.832846681618795,0.634512534,1.3125771942887974
Svezia,SWE,EAG 2026 (rif. 2025),2025,effettivo,ISCED11_24,0.953872635723958,0.769472593,1.2396447182153998
Finlandia,FIN,EAG 2026 (rif. 2025),2025,effettivo,ISCED11_34,1.2828292166371116,1.06159774,1.2083948263087971
Germania,DEU,EAG 2026 (rif. 2025),2025,effettivo,ISCED11_34,1.4617708412142656,1.00897333,1.4487705450195256
Italia,ITA,EAG 2026 (rif. 2025),2025,effettivo,ISCED11_34,1.0336195387192104,0.712551014,1.4505902292059758
Media semplice dei 8 paesi,MEDIA_CALC,EAG 2026 (rif. 2025),2025,effettivo,ISCED11_34,1.202581622639788,0.91434019825,1.3152452718818086
Paesi Bassi,NLD,EAG 2026 (rif. 2025),2025,effettivo,ISCED11_34,1.294773566478391,0.881039023,1.4695984317125883
Polonia,POL,EAG 2026 (rif. 2025),2025,effettivo,ISCED11_34,1.2360295426320314,0.871020138,1.419059662007529
Portogallo,PRT,EAG 2026 (rif. 2025),2025,effettivo,ISCED11_34,1.479019983245492,1.339778343,1.1039288632877176
Stati Uniti,USA,EAG 2026 (rif. 2025),2025,effettivo,ISCED11_34,0.8605689054749076,0.655632987,1.3125771926343108
Svezia,SWE,EAG 2026 (rif. 2025),2025,effettivo,ISCED11_34,0.9720413867168936,0.784129011,1.2396447180002292
