anno_scolastico,docenti_titolari_totale,docenti_titolari_posto_comune,docenti_titolari_sostegno,docenti_supplenti_totale,docenti_supplenti_annuali,docenti_supplenti_fino_al_termine,docenti_supplenti_sostegno,docenti_totali,quota_supplenti_pct,ata_titolari_totale,ata_supplenti_totale,ata_supplenti_annuali,ata_supplenti_fino_al_termine,ata_totale
2015/16,733645,644689,88956,100277,5601,94676,36958,833922,12.0,180726,26402,137,26265,207128
2016/17,730523,642918,87605,125211,15963,109248,51949,855734,14.6,185111,22140,3259,18881,207251
2017/18,737243,647859,89384,135025,20459,114566,66593,872268,15.5,183425,25645,3712,21933,209070
2018/19,722500,634746,87754,163675,35849,127826,76650,886175,18.5,181171,30293,5587,24706,211464
2019/20,716483,630982,85501,186004,37910,148094,90519,902487,20.6,176647,36485,7699,28786,213132
2020/21,695522,614850,80672,212407,65187,147220,103733,907929,23.4,186127,40333,10997,29336,226460
2021/22,698896,621639,77257,224958,67497,157461,122264,923854,24.3,184685,43759,11881,31878,228444
2022/23,709105,620607,88498,234576,65705,168871,129298,943681,24.9,182551,50421,13982,36439,232972
2023/24,730234,631480,98754,232472,54949,177523,136380,962706,24.1,181248,53457,15737,37720,234705
2024/25,739581,629537,110044,236782,44417,192365,139664,976363,24.3,179295,56463,17781,38682,235758
