ordine_scuola,dotazione,sedi_con_dato,sedi_si,quota_si_pct,sedi_non_definito,anno_scolastico,unita
Infanzia,AUDITORIUM,13596,1183,8.7,76,2024/2025,coppia scuola-edificio (sede scolastica statale)
Infanzia,AULEINFORMATICHE,9718,2950,30.4,3954,2024/2025,coppia scuola-edificio (sede scolastica statale)
Infanzia,AULETECNICHE,9718,2181,22.4,3954,2024/2025,coppia scuola-edificio (sede scolastica statale)
Infanzia,MENSA,13596,7564,55.6,76,2024/2025,coppia scuola-edificio (sede scolastica statale)
Infanzia,PALESTRA,13596,2715,20.0,76,2024/2025,coppia scuola-edificio (sede scolastica statale)
Primaria,AUDITORIUM,17527,2319,13.2,71,2024/2025,coppia scuola-edificio (sede scolastica statale)
Primaria,AULEINFORMATICHE,12781,8123,63.6,4817,2024/2025,coppia scuola-edificio (sede scolastica statale)
Primaria,AULETECNICHE,12780,5197,40.7,4818,2024/2025,coppia scuola-edificio (sede scolastica statale)
Primaria,MENSA,17527,8177,46.7,71,2024/2025,coppia scuola-edificio (sede scolastica statale)
Primaria,PALESTRA,17529,7790,44.4,69,2024/2025,coppia scuola-edificio (sede scolastica statale)
Secondaria I grado,AUDITORIUM,10125,2555,25.2,59,2024/2025,coppia scuola-edificio (sede scolastica statale)
Secondaria I grado,AULEINFORMATICHE,7269,5306,73.0,2915,2024/2025,coppia scuola-edificio (sede scolastica statale)
Secondaria I grado,AULETECNICHE,7269,4485,61.7,2915,2024/2025,coppia scuola-edificio (sede scolastica statale)
Secondaria I grado,MENSA,10125,2927,28.9,59,2024/2025,coppia scuola-edificio (sede scolastica statale)
Secondaria I grado,PALESTRA,10130,5731,56.6,54,2024/2025,coppia scuola-edificio (sede scolastica statale)
Secondaria II grado - istituti superiori (misti),AUDITORIUM,1850,825,44.6,21,2024/2025,coppia scuola-edificio (sede scolastica statale)
Secondaria II grado - istituti superiori (misti),AULEINFORMATICHE,1529,1264,82.7,342,2024/2025,coppia scuola-edificio (sede scolastica statale)
Secondaria II grado - istituti superiori (misti),AULETECNICHE,1529,1252,81.9,342,2024/2025,coppia scuola-edificio (sede scolastica statale)
Secondaria II grado - istituti superiori (misti),MENSA,1850,56,3.0,21,2024/2025,coppia scuola-edificio (sede scolastica statale)
Secondaria II grado - istituti superiori (misti),PALESTRA,1850,988,53.4,21,2024/2025,coppia scuola-edificio (sede scolastica statale)
Secondaria II grado - licei e artistici,AUDITORIUM,3647,1263,34.6,39,2024/2025,coppia scuola-edificio (sede scolastica statale)
Secondaria II grado - licei e artistici,AULEINFORMATICHE,2961,2241,75.7,725,2024/2025,coppia scuola-edificio (sede scolastica statale)
Secondaria II grado - licei e artistici,AULETECNICHE,2962,2121,71.6,724,2024/2025,coppia scuola-edificio (sede scolastica statale)
Secondaria II grado - licei e artistici,MENSA,3646,78,2.1,40,2024/2025,coppia scuola-edificio (sede scolastica statale)
Secondaria II grado - licei e artistici,PALESTRA,3647,1923,52.7,39,2024/2025,coppia scuola-edificio (sede scolastica statale)
Secondaria II grado - professionali,AUDITORIUM,3094,879,28.4,31,2024/2025,coppia scuola-edificio (sede scolastica statale)
Secondaria II grado - professionali,AULEINFORMATICHE,2460,1815,73.8,665,2024/2025,coppia scuola-edificio (sede scolastica statale)
Secondaria II grado - professionali,AULETECNICHE,2460,1885,76.6,665,2024/2025,coppia scuola-edificio (sede scolastica statale)
Secondaria II grado - professionali,MENSA,3094,165,5.3,31,2024/2025,coppia scuola-edificio (sede scolastica statale)
Secondaria II grado - professionali,PALESTRA,3095,1284,41.5,30,2024/2025,coppia scuola-edificio (sede scolastica statale)
Secondaria II grado - tecnici,AUDITORIUM,3933,1484,37.7,36,2024/2025,coppia scuola-edificio (sede scolastica statale)
Secondaria II grado - tecnici,AULEINFORMATICHE,3273,2383,72.8,696,2024/2025,coppia scuola-edificio (sede scolastica statale)
Secondaria II grado - tecnici,AULETECNICHE,3273,2429,74.2,696,2024/2025,coppia scuola-edificio (sede scolastica statale)
Secondaria II grado - tecnici,MENSA,3933,102,2.6,36,2024/2025,coppia scuola-edificio (sede scolastica statale)
Secondaria II grado - tecnici,PALESTRA,3934,2147,54.6,35,2024/2025,coppia scuola-edificio (sede scolastica statale)
