anno_scolastico,fonte,stima,doc_infanzia,doc_primaria,doc_sec1,doc_sec2,doc_totale,studenti_totale_con_infanzia,studenti_escl_infanzia,doc_per_100_studenti_con_infanzia,doc_per_100_studenti_escl_infanzia
1960/61,"OCPI 2020 (Istat+MIUR), scuole statali",no,0,181331,102475,51030,334836,5917000,5917000,5.66,5.66
1961/62,"OCPI 2020 (Istat+MIUR), scuole statali",no,0,183335,118045,58941,360321,6124000,6124000,5.88,5.88
1962/63,"OCPI 2020 (Istat+MIUR), scuole statali",no,0,186953,126264,63364,376581,6244000,6244000,6.03,6.03
1963/64,"OCPI 2020 (Istat+MIUR), scuole statali",no,0,188847,131130,67005,386982,6471000,6471000,5.98,5.98
1964/65,"OCPI 2020 (Istat+MIUR), scuole statali",no,0,190003,134569,74812,399384,6695000,6695000,5.97,5.97
1965/66,"OCPI 2020 (Istat+MIUR), scuole statali",no,0,190745,139632,91489,421866,6913000,6913000,6.1,6.1
1966/67,"OCPI 2020 (Istat+MIUR), scuole statali",no,0,193447,145096,87631,426174,7086000,7086000,6.01,6.01
1967/68,"OCPI 2020 (Istat+MIUR), scuole statali",no,0,197917,151627,92350,441894,7291000,7291000,6.06,6.06
1968/69,"OCPI 2020 (Istat+MIUR), scuole statali",no,0,201311,157787,99015,458113,7509000,7509000,6.1,6.1
1969/70,"OCPI 2020 (Istat+MIUR), scuole statali",no,3444,205114,167885,105573,482016,7832000,7743000,6.15,6.23
1970/71,"OCPI 2020 (Istat+MIUR), scuole statali",no,3577,210141,187154,115867,516739,8135000,8042000,6.35,6.43
1971/72,"OCPI 2020 (Istat+MIUR), scuole statali",no,8096,216153,198593,125934,548776,8502000,8311000,6.45,6.6
1972/73,"OCPI 2020 (Istat+MIUR), scuole statali",no,12842,225805,215781,138519,592947,8871000,8573000,6.68,6.92
1973/74,"OCPI 2020 (Istat+MIUR), scuole statali",no,16007,236519,224958,145637,623121,9132000,8767000,6.82,7.11
1974/75,"OCPI 2020 (Istat+MIUR), scuole statali",no,19807,240985,228211,151764,640767,9346000,8902000,6.86,7.2
1975/76,"OCPI 2020 (Istat+MIUR), scuole statali",no,23341,242866,239264,161553,667024,9579000,9066000,6.96,7.36
1976/77,"OCPI 2020 (Istat+MIUR), scuole statali",no,27208,258842,237295,192845,716190,9734000,9150000,7.36,7.83
1977/78,"OCPI 2020 (Istat+MIUR), scuole statali",no,30678,258777,245553,198928,733936,9808000,9168000,7.48,8.01
1978/79,"OCPI 2020 (Istat+MIUR), scuole statali",no,45294,256039,250150,203930,755413,9809000,9118000,7.7,8.28
1979/80,"OCPI 2020 (Istat+MIUR), scuole statali",no,51433,262145,258534,209977,782089,9806000,9081000,7.98,8.61
1980/81,"OCPI 2020 (Istat+MIUR), scuole statali",no,57314,260502,262460,212843,793119,9744000,8993000,8.14,8.82
1981/82,"OCPI 2020 (Istat+MIUR), scuole statali",no,58705,265859,267357,224370,816291,9655000,8892000,8.45,9.18
1982/83,"OCPI 2020 (Istat+MIUR), scuole statali",no,59281,263346,269808,216202,808637,9560000,8788000,8.46,9.2
1983/84,"OCPI 2020 (Istat+MIUR), scuole statali",no,61120,268276,269299,216926,815621,9448000,8673000,8.63,9.4
1984/85,"OCPI 2020 (Istat+MIUR), scuole statali",no,62364,263747,278980,220791,825882,9336000,8555000,8.85,9.65
1985/86,"OCPI 2020 (Istat+MIUR), scuole statali",no,63485,261029,281694,233052,839260,9224000,8417000,9.1,9.97
1986/87,"OCPI 2020 (Istat+MIUR), scuole statali",no,65406,254330,283219,241637,844592,9056000,8247000,9.33,10.24
1987/88,"OCPI 2020 (Istat+MIUR), scuole statali",si,65406,255942,282198,254462,858009,8870000,8065000,9.67,10.64
1988/89,"OCPI 2020 (Istat+MIUR), scuole statali",si,65406,261595,281047,261979,870027,8699000,7894000,10.0,11.02
1989/90,"OCPI 2020 (Istat+MIUR), scuole statali",si,70994,265434,268806,272594,877828,8612000,7789000,10.19,11.27
1990/91,"OCPI 2020 (Istat+MIUR), scuole statali",si,73144,258291,259465,279669,870568,8362000,7538000,10.41,11.55
1991/92,"OCPI 2020 (Istat+MIUR), scuole statali",si,74603,269928,253331,286326,884188,8219000,7382000,10.76,11.98
1992/93,"OCPI 2020 (Istat+MIUR), scuole statali",si,74826,272607,248418,284421,880272,8046000,7206000,10.94,12.22
1993/94,"OCPI 2020 (Istat+MIUR), scuole statali",si,78262,276369,239093,273691,867415,7933000,7081000,10.93,12.25
1994/95,"OCPI 2020 (Istat+MIUR), scuole statali",si,78401,276374,231689,272999,859463,7861000,6980000,10.93,12.31
1995/96,"OCPI 2020 (Istat+MIUR), scuole statali",si,79822,273788,226878,278002,858490,7806000,6915000,11.0,12.41
1996/97,"OCPI 2020 (Istat+MIUR), scuole statali",no,82080,276818,215102,282710,856710,7751000,6840000,11.05,12.53
1997/98,"OCPI 2020 (Istat+MIUR), scuole statali",si,82539,274409,204442,259465,820854,7599000,6681000,10.8,12.29
1998/99,"OCPI 2020 (Istat+MIUR), scuole statali",no,81792,263190,196543,255353,819631,7540000,6623000,10.87,12.38
1999/00,"OCPI 2020 (Istat+MIUR), scuole statali",no,86068,267263,196464,272009,844557,7542000,6617000,11.2,12.76
2000/01,"OCPI 2020 (Istat+MIUR), scuole statali",no,83852,264014,193021,258468,822195,7562000,6626000,10.87,12.41
2001/02,"OCPI 2020 (Istat+MIUR), scuole statali",no,88228,269543,199081,273796,853809,7608000,6660000,11.22,12.82
2002/03,"OCPI 2020 (Istat+MIUR), scuole statali",no,88158,268390,197992,272718,850887,7605000,6652000,11.19,12.79
2003/04,"OCPI 2020 (Istat+MIUR), scuole statali",no,87826,266519,195263,265707,839839,7645000,6683000,10.99,12.57
2004/05,"OCPI 2020 (Istat+MIUR), scuole statali",no,87545,262638,192494,262189,829278,7655000,6690000,10.83,12.4
2005/06,"OCPI 2020 (Istat+MIUR), scuole statali",no,90193,271151,198816,274522,859898,7682000,6715000,11.19,12.81
2006/07,"OCPI 2020 (Istat+MIUR), scuole statali",no,91188,275892,202026,282626,877426,7687000,6734000,11.41,13.03
2007/08,"OCPI 2020 (Istat+MIUR), scuole statali",no,91693,274182,198003,279122,868633,7708000,6747000,11.27,12.87
2008/09,"OCPI 2020 (Istat+MIUR), scuole statali",no,91808,271390,197353,275173,861655,7708000,6741000,11.18,12.78
2009/10,"OCPI 2020 (Istat+MIUR), scuole statali",no,91198,258633,180826,264685,821668,7716000,6723000,10.65,12.22
2010/11,"OCPI 2020 (Istat+MIUR), scuole statali",no,91807,253894,178347,254668,805206,7724000,6722000,10.42,11.98
2011/12,"OCPI 2020 (Istat+MIUR), scuole statali",no,92911,246438,177528,248941,791967,7731000,6718000,10.24,11.79
2012/13,"OCPI 2020 (Istat+MIUR), scuole statali",no,92498,246874,177997,248385,792333,7738000,6724000,10.24,11.78
2013/14,"OCPI 2020 (Istat+MIUR), scuole statali",no,94030,250202,180909,253076,805088,7758000,6745000,10.38,11.94
2014/15,"OCPI 2020 (Istat+MIUR), scuole statali",no,95050,252849,183181,257227,815132,7753000,6749000,10.51,12.08
2015/16,"OCPI 2020 (Istat+MIUR), scuole statali",no,95966,269818,190093,278044,860816,7717000,6733000,11.15,12.79
2016/17,"OCPI 2020 (Istat+MIUR), scuole statali",no,97781,273804,194688,289461,882444,7668000,6722000,11.51,13.13
2017/18,"OCPI 2020 (Istat+MIUR), scuole statali",no,101136,278640,196770,295722,899393,7614000,6693000,11.81,13.44
2018/19,"OCPI 2020 (Istat+MIUR), scuole statali",si,,,,,901731,7683000,6764000,11.74,13.33
2019/20,"OCPI 2020 (Istat+MIUR), scuole statali",si,,,,,914497,7599000,6698000,12.03,13.65
2020/21,"OCPI 2020 (Istat+MIUR), scuole statali",si,,,,,915504,7507000,6631000,12.2,13.81
2015/16,MIM (docenti titolari+supplenti; alunni statali escl. infanzia),no,,,,,833922,,6711401,,12.43
2016/17,MIM (docenti titolari+supplenti; alunni statali escl. infanzia),no,,,,,855734,,6699200,,12.77
2017/18,MIM (docenti titolari+supplenti; alunni statali escl. infanzia),no,,,,,872268,,6668086,,13.08
2018/19,MIM (docenti titolari+supplenti; alunni statali escl. infanzia),no,,,,,886175,,6623076,,13.38
2019/20,MIM (docenti titolari+supplenti; alunni statali escl. infanzia),no,,,,,902487,,6568173,,13.74
2020/21,MIM (docenti titolari+supplenti; alunni statali escl. infanzia),no,,,,,907929,,6510447,,13.95
2021/22,MIM (docenti titolari+supplenti; alunni statali escl. infanzia),no,,,,,923854,,6436413,,14.35
2022/23,MIM (docenti titolari+supplenti; alunni statali escl. infanzia),no,,,,,943681,,6340319,,14.88
2023/24,MIM (docenti titolari+supplenti; alunni statali escl. infanzia),no,,,,,962706,,6262143,,15.37
2024/25,MIM (docenti titolari+supplenti; alunni statali escl. infanzia),no,,,,,976363,,6172717,,15.82
