paese,isced,Shortage of qualified teachers,Shortage of teachers with competence in teaching students with special education needs,Shortage of vocational teachers,Shortage or inadequacy of instructional materials²,Shortage or inadequacy of digital resources and tools for instruction,Insufficient Internet access,Shortage or inadequacy of library materials,Shortage of support personnel,Shortage or inadequacy of instructional space³,Shortage or inadequacy of physical infrastructure⁴,Shortage of teachers with competence in teaching students in a multicultural or multilingual setting,Shortage of teachers with competence in teaching students from socio-economically disadvantaged homes,Shortage or inadequacy of necessary materials to train vocational skills,Shortage or inadequacy of time for instructional leadership,Insufficient utilities⁵
Albania,2,7.3,10.1,7.9,25.1,41.5,35.0,28.7,15.7,15.1,21.2,8.0,7.2,19.2,7.9,6.7
Australia,2,41.9,43.8,27.7,1.2,5.5,1.3,0.0,15.8,11.0,11.1,10.7,12.6,9.8,27.1,0.7
Austria,2,19.3,27.9,11.9,3.7,7.2,8.1,2.6,60.2,31.2,26.4,16.1,11.6,8.9,60.6,0.7
Azerbaijan,2,18.6,15.0,16.6,13.2,34.4,26.9,15.8,20.2,29.7,28.7,14.0,7.4,25.8,12.6,19.7
Bahrain,2,58.5,59.0,53.0,28.6,31.2,39.9,26.0,44.2,33.4,35.5,36.9,29.5,34.6,34.9,28.1
Belgium,2,42.7,44.5,21.5,10.6,9.0,11.8,10.2,29.1,25.6,23.5,19.3,19.7,9.3,39.4,4.1
Flemish Comm. (Belgium),2,41.6,35.7,14.9,7.2,3.3,3.7,2.9,15.8,21.1,17.1,15.9,17.4,6.6,29.5,2.7
French Comm. (Belgium),2,44.3,58.9,32.7,16.2,18.5,25.4,22.5,51.2,32.9,34.0,25.0,23.7,13.9,55.8,6.5
Brazil,2,44.2,54.8,37.7,22.8,39.5,48.7,38.6,48.5,32.1,44.6,45.2,39.0,48.2,41.2,17.3
Bulgaria,2,14.4,13.8,11.0,7.9,4.4,3.1,4.1,2.3,8.5,8.3,6.0,3.1,8.1,4.6,2.0
Chile,2,13.9,25.5,6.7,9.7,21.9,18.6,16.3,19.4,25.0,26.0,21.1,10.4,20.1,26.4,5.0
Colombia,2,17.8,51.6,34.9,51.2,61.3,55.1,58.5,53.6,51.1,60.0,62.2,31.4,58.7,39.8,26.9
Costa Rica,2,9.7,23.6,24.7,32.5,33.7,47.8,48.8,43.7,41.9,55.3,35.7,22.0,35.7,44.9,15.1
Croatia,2,17.7,26.1,10.2,5.1,4.6,1.5,6.2,27.6,28.1,20.2,6.7,3.0,3.8,9.0,0.4
Cyprus,2,11.1,13.9,11.9,2.4,6.9,2.8,9.0,9.7,23.1,15.5,9.6,5.7,4.6,12.3,1.2
Czechia,2,18.6,14.9,6.9,5.9,6.6,4.6,5.8,19.9,32.3,19.2,14.8,5.5,10.4,41.9,0.3
Denmark,2,23.0,38.3,18.2,14.6,10.0,2.9,12.1,41.7,28.8,27.5,19.5,19.3,24.1,41.2,0.4
Estonia,2,29.8,52.6,4.2,8.5,9.1,4.1,2.2,33.1,31.9,17.1,26.3,9.0,2.4,29.7,0.0
Finland,2,10.4,29.3,2.6,2.0,4.8,3.0,1.4,20.7,14.6,10.0,9.5,6.0,0.0,41.6,0.0
France,2,18.9,40.0,4.5,7.0,10.9,7.1,7.2,31.4,25.6,21.6,29.4,20.9,8.2,25.5,2.1
Hungary,2,20.0,26.4,2.3,27.0,22.9,16.2,8.2,25.0,20.4,28.8,9.0,10.9,18.8,17.5,3.1
Iceland,2,10.7,20.5,8.7,36.2,32.5,3.3,8.5,4.7,26.0,25.5,28.4,9.5,13.1,46.5,0.0
Israel,2,47.9,42.3,42.9,15.4,21.2,25.5,13.3,28.1,44.2,33.8,30.6,19.8,12.3,29.0,17.5
Italy,2,39.6,49.4,20.5,7.1,9.8,9.8,14.2,54.1,40.6,47.3,56.1,41.4,23.5,41.4,7.6
Japan,2,35.6,42.5,17.0,4.3,12.2,16.1,4.6,47.1,30.6,35.5,14.8,14.3,9.1,25.2,4.1
Kazakhstan,2,16.4,11.2,13.4,14.5,20.2,21.2,11.5,10.4,20.6,22.9,9.3,3.6,7.8,12.9,6.5
Korea,2,9.5,11.9,10.6,2.4,3.7,1.8,2.4,15.8,25.6,13.0,13.7,9.6,8.3,14.4,4.3
Kosovo,2,12.6,26.2,19.3,38.1,56.5,47.0,50.1,49.4,38.4,35.6,18.4,19.7,37.6,21.7,16.6
Latvia,2,50.3,47.9,9.3,61.9,35.0,13.6,13.1,37.2,23.8,23.7,20.9,18.1,14.9,29.9,2.6
Lithuania,2,28.5,28.7,6.2,48.5,25.6,5.3,8.3,11.3,27.1,21.6,8.9,4.8,8.8,21.6,4.1
Malta,2,43.8,43.8,34.7,1.9,3.9,6.7,3.2,38.3,27.8,19.0,27.9,16.3,8.3,16.2,1.9
Montenegro,2,20.2,29.1,20.8,18.2,9.9,11.1,9.5,16.9,21.2,25.2,24.9,19.2,16.5,16.9,4.2
Morocco,2,48.8,60.5,41.1,41.2,62.3,57.1,59.6,73.8,41.2,42.0,29.8,33.4,50.4,46.8,24.1
North Macedonia,2,6.2,31.9,8.0,34.1,28.1,13.2,17.8,15.4,18.9,18.9,6.0,11.2,18.1,8.2,6.1
Poland,2,7.5,10.5,2.1,3.7,5.8,3.8,2.9,7.7,14.0,8.6,5.5,1.5,1.1,10.9,0.5
Portugal,2,16.9,45.7,20.5,7.0,39.0,52.3,12.0,49.3,28.5,36.1,47.3,21.1,18.3,42.3,2.5
Romania,2,24.7,46.1,15.1,26.6,29.7,17.3,23.5,25.2,36.0,29.5,19.2,18.4,21.1,31.6,14.7
Saudi Arabia,2,47.3,42.7,43.5,31.4,50.6,55.5,40.7,38.4,41.3,45.9,34.0,28.9,39.5,29.1,35.1
Serbia,2,11.9,35.5,12.2,4.4,6.6,5.1,6.2,13.1,14.8,16.8,7.4,6.6,6.1,14.0,5.5
Shanghai (China),2,4.3,13.1,12.2,0.5,3.1,1.5,0.5,3.7,11.6,8.4,15.4,7.3,7.3,5.1,1.1
Singapore,2,11.4,12.8,3.5,0.0,0.0,0.6,0.0,2.8,2.3,3.0,0.6,1.4,0.7,5.3,0.0
Slovak Republic,2,14.1,24.0,13.6,15.2,20.2,17.7,7.2,39.1,27.5,21.3,13.4,12.6,9.9,17.2,3.2
Slovenia,2,18.2,30.2,8.9,4.1,9.9,3.5,2.4,7.7,17.3,10.4,10.8,4.3,5.0,29.2,0.6
South Africa,2,18.6,40.1,36.0,32.5,51.5,55.9,62.2,51.0,44.3,47.9,33.9,28.9,42.8,30.0,29.9
Spain,2,14.5,39.5,18.6,9.0,13.0,7.3,7.2,53.9,31.4,24.9,20.4,20.8,16.2,40.8,1.6
Sweden,2,7.3,16.1,1.8,2.7,1.3,1.3,10.9,14.3,11.5,10.3,5.4,4.9,0.0,18.9,0.0
Türkiye,2,22.7,36.3,10.1,13.6,11.9,13.3,14.1,39.7,20.8,24.2,22.9,15.5,15.6,24.7,7.9
United Arab Emirates,2,28.7,29.0,24.1,9.6,18.2,9.7,11.1,14.7,13.8,12.6,16.3,6.1,7.4,12.1,5.3
United States,2,35.2,33.7,21.8,5.7,5.1,2.6,3.4,25.5,17.7,12.0,16.4,16.5,10.6,20.7,1.7
Uzbekistan,2,33.7,28.4,25.5,20.4,29.0,21.7,25.0,16.8,30.4,33.1,17.3,14.1,33.9,15.3,15.6
Viet Nam,2,43.0,40.3,39.1,16.2,26.5,13.4,14.4,27.1,23.3,31.7,33.5,12.3,21.2,12.6,10.2
OECD average-27,2,23.1,33.2,14.0,15.2,16.6,13.3,11.0,30.7,26.9,25.0,21.8,14.6,13.8,31.4,4.3
EU total-22,2,20.4,33.8,11.3,9.6,12.3,9.2,8.5,34.1,27.2,24.4,23.3,17.5,12.1,30.7,3.1
TALIS average-49,2,23.8,32.3,17.9,16.4,20.6,17.4,15.5,28.5,26.2,25.3,20.6,14.6,17.1,25.5,7.5
Alberta (Canada)*,2,30.6,29.3,26.0,16.5,9.8,5.2,5.1,41.2,31.7,27.5,16.9,9.6,15.1,33.7,4.1
Netherlands*,2,51.6,52.6,20.1,1.7,1.7,0.0,2.3,7.7,12.7,13.6,20.4,15.9,6.1,36.0,0.0
New Zealand*,2,43.4,42.5,26.8,4.4,6.2,0.0,2.9,9.7,21.5,16.5,19.5,8.3,7.7,25.1,1.0
Norway*,2,6.3,22.1,2.0,6.7,2.1,1.4,9.7,30.3,12.9,19.3,12.3,6.1,2.6,44.2,4.5
Australia,1,36.3,32.8,15.9,7.3,8.5,4.5,4.3,22.9,18.5,18.3,17.2,12.6,5.7,33.8,3.0
Belgium,1,43.8,54.1,11.0,9.2,18.9,12.2,10.3,59.2,36.9,29.2,32.9,22.9,10.3,54.9,7.0
French Comm. (Belgium),1,35.7,59.9,22.6,21.7,35.3,25.7,17.7,65.3,32.4,27.1,33.8,24.7,17.6,71.6,7.6
Brazil,1,35.2,47.4,30.9,28.9,39.5,36.5,35.5,41.5,32.7,37.7,42.1,31.6,39.1,36.6,15.7
France,1,12.4,44.5,3.6,17.7,26.2,24.5,25.7,53.2,27.6,29.6,32.1,18.0,19.0,34.2,5.8
Japan,1,40.7,52.7,16.2,4.8,11.4,10.2,9.8,66.3,37.9,41.0,25.4,20.3,6.3,27.8,2.4
Korea,1,9.3,18.2,9.5,7.5,10.4,8.7,6.3,16.7,31.0,16.5,15.6,16.1,9.6,14.2,11.2
Morocco,1,36.8,58.1,39.6,29.6,59.3,67.1,63.6,70.9,39.4,45.9,34.7,29.2,51.8,44.5,37.8
Saudi Arabia,1,49.9,52.6,44.2,31.4,47.9,48.8,39.0,38.5,34.9,40.2,29.5,24.1,30.1,26.2,32.6
Slovenia,1,17.9,24.4,2.4,1.6,5.9,1.3,1.9,8.6,15.6,8.4,13.4,3.3,3.3,27.2,1.5
Spain,1,14.6,33.7,16.9,14.6,17.4,11.9,17.9,58.1,26.3,31.8,24.8,15.7,13.1,38.6,3.3
Türkiye,1,21.3,35.1,20.0,10.1,12.5,14.6,13.6,43.3,20.3,19.2,18.3,13.9,18.0,18.9,7.1
United Arab Emirates,1,26.7,24.1,13.5,8.8,14.1,9.4,13.8,11.4,14.1,12.1,15.0,7.9,10.1,13.8,6.4
TALIS ISCED 1 average-12,1,28.7,39.8,18.6,14.3,22.7,20.8,20.1,40.9,27.9,27.5,25.1,18.0,18.0,30.9,11.1
Flemish Comm. (Belgium)*,1,48.9,50.4,4.0,1.4,8.5,3.8,5.7,55.4,39.7,30.5,32.4,21.8,5.8,44.5,6.6
Netherlands*,1,25.9,22.9,8.4,1.2,3.3,0.0,3.3,15.4,19.9,27.1,11.6,4.5,2.6,29.0,0.8
New Zealand*,1,36.0,40.2,28.5,3.4,4.7,0.7,4.4,30.3,13.8,8.8,16.8,10.7,5.9,16.5,0.0
Croatia,3,19.2,23.5,20.7,23.5,9.8,1.6,4.0,22.3,33.0,21.1,8.4,6.0,9.0,10.5,0.4
Denmark,3,22.9,17.7,22.8,6.6,6.6,0.6,1.1,18.1,23.0,20.9,11.6,11.6,12.2,37.1,0.1
Portugal,3,21.8,38.2,24.3,5.1,37.2,48.8,5.9,52.6,20.9,26.7,44.9,20.9,15.5,37.5,2.5
Saudi Arabia,3,49.4,42.8,43.8,30.5,45.5,54.9,41.0,43.7,36.8,44.2,34.1,21.8,36.8,29.3,33.5
Slovenia,3,20.3,42.3,29.4,10.2,17.0,0.0,1.2,10.1,16.9,6.7,20.4,12.6,13.0,20.6,0.6
Türkiye,3,29.1,32.7,16.7,15.2,15.0,13.1,14.7,36.1,19.1,21.1,26.2,17.8,24.1,26.2,9.4
United Arab Emirates,3,23.4,26.3,17.3,6.9,9.8,10.3,8.9,16.9,14.7,10.4,10.2,3.6,7.6,12.7,4.6
TALIS ISCED 3 average-7,3,26.6,31.9,25.0,14.0,20.1,18.5,11.0,28.5,23.5,21.6,22.3,13.5,16.9,24.9,7.3
Flemish Comm. (Belgium)*,3,58.0,54.2,33.2,12.4,7.6,2.6,3.7,12.7,28.3,24.4,32.6,28.6,14.7,41.1,6.8
