REF_AREA,Reference area,MEASURE,Measure,UNIT_MEASURE,Unit of measure,INST_TYPE_EDU,Type of educational institution,EDUCATION_LEV,Education level,PERS_TYPE,Type of personnel,OBS_VALUE,Observation value,OBS_STATUS,Observation status,UNIT_MULT,Unit multiplier,STATISTICAL_OPERATION,Statistical operation,REF_PERIOD,Reference period,DECIMALS,Decimals
FRA,France,WKT_STA_WKT,Total statutory working time,H_Y,Hours per year,INST_EDU_PUB,Public educational institutions,ISCED11_02,Pre-primary education,TE,Teacher,,,O,Missing value,0,Units,OBS,Observed,2025,,0,Zero
FRA,France,WKT_STA_WKT,Total statutory working time,H_Y,Hours per year,INST_EDU_PUB,Public educational institutions,ISCED11_34,Upper secondary general education,TE,Teacher,,,O,Missing value,0,Units,OBS,Observed,2025,,0,Zero
FRA,France,WKT_STA_WKT,Total statutory working time,H_Y,Hours per year,INST_EDU_PUB,Public educational institutions,ISCED11_1,Primary education,TE,Teacher,,,O,Missing value,0,Units,OBS,Observed,2025,,0,Zero
FRA,France,WKT_STA_WKT,Total statutory working time,H_Y,Hours per year,INST_EDU_PUB,Public educational institutions,ISCED11_24,Lower secondary general education,TE,Teacher,,,O,Missing value,0,Units,OBS,Observed,2025,,0,Zero
FRA,France,WKT_STA_WKT,Total statutory working time,H_Y,Hours per year,INST_EDU_PUB,Public educational institutions,ISCED11_25,Lower secondary vocational education,TE,Teacher,,,O,Missing value,0,Units,OBS,Observed,2025,,0,Zero
FRA,France,WKT_STA_WKT,Total statutory working time,H_Y,Hours per year,INST_EDU_PUB,Public educational institutions,ISCED11_35,Upper secondary vocational education,TE,Teacher,,,O,Missing value,0,Units,OBS,Observed,2025,,0,Zero
FIN,Finland,WKT_ACT_TCH,Actual teaching time,H_Y,Hours per year,INST_EDU_PUB,Public educational institutions,ISCED11_02,Pre-primary education,TE,Teacher,,,O,Missing value,0,Units,OBS,Observed,2025,,0,Zero
FIN,Finland,WKT_ACT_TCH,Actual teaching time,H_Y,Hours per year,INST_EDU_PUB,Public educational institutions,ISCED11_1,Primary education,TE,Teacher,,,O,Missing value,0,Units,OBS,Observed,2025,,0,Zero
FIN,Finland,WKT_ACT_TCH,Actual teaching time,H_Y,Hours per year,INST_EDU_PUB,Public educational institutions,ISCED11_24,Lower secondary general education,TE,Teacher,,,O,Missing value,0,Units,OBS,Observed,2025,,0,Zero
FIN,Finland,WKT_ACT_TCH,Actual teaching time,H_Y,Hours per year,INST_EDU_PUB,Public educational institutions,ISCED11_35,Upper secondary vocational education,TE,Teacher,,,O,Missing value,0,Units,OBS,Observed,2025,,0,Zero
FIN,Finland,WKT_ACT_TCH,Actual teaching time,H_Y,Hours per year,INST_EDU_PUB,Public educational institutions,ISCED11_34,Upper secondary general education,TE,Teacher,,,O,Missing value,0,Units,OBS,Observed,2025,,0,Zero
FRA,France,WKT_ACT_TCH,Actual teaching time,H_Y,Hours per year,INST_EDU_PUB,Public educational institutions,ISCED11_34,Upper secondary general education,TE,Teacher,,,O,Missing value,0,Units,OBS,Observed,2025,,0,Zero
FRA,France,WKT_ACT_TCH,Actual teaching time,H_Y,Hours per year,INST_EDU_PUB,Public educational institutions,ISCED11_25,Lower secondary vocational education,TE,Teacher,,,O,Missing value,0,Units,OBS,Observed,2025,,0,Zero
FRA,France,WKT_ACT_TCH,Actual teaching time,H_Y,Hours per year,INST_EDU_PUB,Public educational institutions,ISCED11_1,Primary education,TE,Teacher,,,O,Missing value,0,Units,OBS,Observed,2025,,0,Zero
FRA,France,WKT_ACT_TCH,Actual teaching time,H_Y,Hours per year,INST_EDU_PUB,Public educational institutions,ISCED11_35,Upper secondary vocational education,TE,Teacher,,,O,Missing value,0,Units,OBS,Observed,2025,,0,Zero
FRA,France,WKT_ACT_TCH,Actual teaching time,H_Y,Hours per year,INST_EDU_PUB,Public educational institutions,ISCED11_24,Lower secondary general education,TE,Teacher,,,O,Missing value,0,Units,OBS,Observed,2025,,0,Zero
FRA,France,WKT_ACT_TCH,Actual teaching time,H_Y,Hours per year,INST_EDU_PUB,Public educational institutions,ISCED11_02,Pre-primary education,TE,Teacher,,,O,Missing value,0,Units,OBS,Observed,2025,,0,Zero
DEU,Germany,WKT_ACT_TCH,Actual teaching time,H_Y,Hours per year,INST_EDU_PUB,Public educational institutions,ISCED11_35,Upper secondary vocational education,TE,Teacher,,,O,Missing value,0,Units,OBS,Observed,2025,,0,Zero
DEU,Germany,WKT_ACT_TCH,Actual teaching time,H_Y,Hours per year,INST_EDU_PUB,Public educational institutions,ISCED11_34,Upper secondary general education,TE,Teacher,,,O,Missing value,0,Units,OBS,Observed,2025,,0,Zero
DEU,Germany,WKT_ACT_TCH,Actual teaching time,H_Y,Hours per year,INST_EDU_PUB,Public educational institutions,ISCED11_1,Primary education,TE,Teacher,,,O,Missing value,0,Units,OBS,Observed,2025,,0,Zero
DEU,Germany,WKT_ACT_TCH,Actual teaching time,H_Y,Hours per year,INST_EDU_PUB,Public educational institutions,ISCED11_24,Lower secondary general education,TE,Teacher,,,O,Missing value,0,Units,OBS,Observed,2025,,0,Zero
DEU,Germany,WKT_ACT_TCH,Actual teaching time,H_Y,Hours per year,INST_EDU_PUB,Public educational institutions,ISCED11_02,Pre-primary education,TE,Teacher,,,O,Missing value,0,Units,OBS,Observed,2025,,0,Zero
ITA,Italy,WKT_ACT_TCH,Actual teaching time,H_Y,Hours per year,INST_EDU_PUB,Public educational institutions,ISCED11_02,Pre-primary education,TE,Teacher,,,O,Missing value,0,Units,OBS,Observed,2025,,0,Zero
ITA,Italy,WKT_ACT_TCH,Actual teaching time,H_Y,Hours per year,INST_EDU_PUB,Public educational institutions,ISCED11_35,Upper secondary vocational education,TE,Teacher,,,O,Missing value,0,Units,OBS,Observed,2025,,0,Zero
ITA,Italy,WKT_ACT_TCH,Actual teaching time,H_Y,Hours per year,INST_EDU_PUB,Public educational institutions,ISCED11_1,Primary education,TE,Teacher,,,O,Missing value,0,Units,OBS,Observed,2025,,0,Zero
ITA,Italy,WKT_ACT_TCH,Actual teaching time,H_Y,Hours per year,INST_EDU_PUB,Public educational institutions,ISCED11_24,Lower secondary general education,TE,Teacher,,,O,Missing value,0,Units,OBS,Observed,2025,,0,Zero
ITA,Italy,WKT_ACT_TCH,Actual teaching time,H_Y,Hours per year,INST_EDU_PUB,Public educational institutions,ISCED11_34,Upper secondary general education,TE,Teacher,,,O,Missing value,0,Units,OBS,Observed,2025,,0,Zero
NLD,Netherlands,WKT_ACT_TCH,Actual teaching time,H_Y,Hours per year,INST_EDU_PUB,Public educational institutions,ISCED11_1,Primary education,TE,Teacher,,,O,Missing value,0,Units,OBS,Observed,2025,,0,Zero
NLD,Netherlands,WKT_ACT_TCH,Actual teaching time,H_Y,Hours per year,INST_EDU_PUB,Public educational institutions,ISCED11_02,Pre-primary education,TE,Teacher,,,O,Missing value,0,Units,OBS,Observed,2025,,0,Zero
NLD,Netherlands,WKT_ACT_TCH,Actual teaching time,H_Y,Hours per year,INST_EDU_PUB,Public educational institutions,ISCED11_35,Upper secondary vocational education,TE,Teacher,,,O,Missing value,0,Units,OBS,Observed,2025,,0,Zero
NLD,Netherlands,WKT_ACT_TCH,Actual teaching time,H_Y,Hours per year,INST_EDU_PUB,Public educational institutions,ISCED11_25,Lower secondary vocational education,TE,Teacher,,,O,Missing value,0,Units,OBS,Observed,2025,,0,Zero
NLD,Netherlands,WKT_ACT_TCH,Actual teaching time,H_Y,Hours per year,INST_EDU_PUB,Public educational institutions,ISCED11_24,Lower secondary general education,TE,Teacher,,,O,Missing value,0,Units,OBS,Observed,2025,,0,Zero
NLD,Netherlands,WKT_ACT_TCH,Actual teaching time,H_Y,Hours per year,INST_EDU_PUB,Public educational institutions,ISCED11_34,Upper secondary general education,TE,Teacher,,,O,Missing value,0,Units,OBS,Observed,2025,,0,Zero
ESP,Spain,WKT_ACT_TCH,Actual teaching time,H_Y,Hours per year,INST_EDU_PUB,Public educational institutions,ISCED11_34,Upper secondary general education,TE,Teacher,,,O,Missing value,0,Units,OBS,Observed,2025,,0,Zero
ESP,Spain,WKT_ACT_TCH,Actual teaching time,H_Y,Hours per year,INST_EDU_PUB,Public educational institutions,ISCED11_35,Upper secondary vocational education,TE,Teacher,,,O,Missing value,0,Units,OBS,Observed,2025,,0,Zero
ESP,Spain,WKT_ACT_TCH,Actual teaching time,H_Y,Hours per year,INST_EDU_PUB,Public educational institutions,ISCED11_02,Pre-primary education,TE,Teacher,,,O,Missing value,0,Units,OBS,Observed,2025,,0,Zero
ESP,Spain,WKT_ACT_TCH,Actual teaching time,H_Y,Hours per year,INST_EDU_PUB,Public educational institutions,ISCED11_1,Primary education,TE,Teacher,,,O,Missing value,0,Units,OBS,Observed,2025,,0,Zero
ESP,Spain,WKT_ACT_TCH,Actual teaching time,H_Y,Hours per year,INST_EDU_PUB,Public educational institutions,ISCED11_24,Lower secondary general education,TE,Teacher,,,O,Missing value,0,Units,OBS,Observed,2025,,0,Zero
ESP,Spain,WKT_ACT_TCH,Actual teaching time,H_Y,Hours per year,INST_EDU_PUB,Public educational institutions,ISCED11_25,Lower secondary vocational education,TE,Teacher,,,O,Missing value,0,Units,OBS,Observed,2025,,0,Zero
SWE,Sweden,WKT_ACT_TCH,Actual teaching time,H_Y,Hours per year,INST_EDU_PUB,Public educational institutions,ISCED11_02,Pre-primary education,TE,Teacher,,,O,Missing value,0,Units,OBS,Observed,2025,,0,Zero
SWE,Sweden,WKT_ACT_TCH,Actual teaching time,H_Y,Hours per year,INST_EDU_PUB,Public educational institutions,ISCED11_35,Upper secondary vocational education,TE,Teacher,,,O,Missing value,0,Units,OBS,Observed,2025,,0,Zero
SWE,Sweden,WKT_ACT_TCH,Actual teaching time,H_Y,Hours per year,INST_EDU_PUB,Public educational institutions,ISCED11_1,Primary education,TE,Teacher,,,O,Missing value,0,Units,OBS,Observed,2025,,0,Zero
SWE,Sweden,WKT_ACT_TCH,Actual teaching time,H_Y,Hours per year,INST_EDU_PUB,Public educational institutions,ISCED11_24,Lower secondary general education,TE,Teacher,,,O,Missing value,0,Units,OBS,Observed,2025,,0,Zero
SWE,Sweden,WKT_ACT_TCH,Actual teaching time,H_Y,Hours per year,INST_EDU_PUB,Public educational institutions,ISCED11_34,Upper secondary general education,TE,Teacher,,,O,Missing value,0,Units,OBS,Observed,2025,,0,Zero
FIN,Finland,WKT_STA_WKS,Statutory working time required at school,H_Y,Hours per year,INST_EDU_PUB,Public educational institutions,ISCED11_02,Pre-primary education,TE,Teacher,,,O,Missing value,0,Units,OBS,Observed,2025,,0,Zero
FRA,France,WKT_STA_WKS,Statutory working time required at school,H_Y,Hours per year,INST_EDU_PUB,Public educational institutions,ISCED11_35,Upper secondary vocational education,TE,Teacher,,,O,Missing value,0,Units,OBS,Observed,2025,,0,Zero
FRA,France,WKT_STA_WKS,Statutory working time required at school,H_Y,Hours per year,INST_EDU_PUB,Public educational institutions,ISCED11_02,Pre-primary education,TE,Teacher,,,O,Missing value,0,Units,OBS,Observed,2025,,0,Zero
FRA,France,WKT_STA_WKS,Statutory working time required at school,H_Y,Hours per year,INST_EDU_PUB,Public educational institutions,ISCED11_1,Primary education,TE,Teacher,,,O,Missing value,0,Units,OBS,Observed,2025,,0,Zero
FRA,France,WKT_STA_WKS,Statutory working time required at school,H_Y,Hours per year,INST_EDU_PUB,Public educational institutions,ISCED11_25,Lower secondary vocational education,TE,Teacher,,,O,Missing value,0,Units,OBS,Observed,2025,,0,Zero
FRA,France,WKT_STA_WKS,Statutory working time required at school,H_Y,Hours per year,INST_EDU_PUB,Public educational institutions,ISCED11_24,Lower secondary general education,TE,Teacher,,,O,Missing value,0,Units,OBS,Observed,2025,,0,Zero
FRA,France,WKT_STA_WKS,Statutory working time required at school,H_Y,Hours per year,INST_EDU_PUB,Public educational institutions,ISCED11_34,Upper secondary general education,TE,Teacher,,,O,Missing value,0,Units,OBS,Observed,2025,,0,Zero
FRA,France,WKT_STA_TCH,Statutory teaching time,H_Y,Hours per year,INST_EDU_PUB,Public educational institutions,ISCED11_34,Upper secondary general education,TE,Teacher,,,O,Missing value,0,Units,OBS,Observed,2025,,0,Zero
FRA,France,WKT_STA_TCH,Statutory teaching time,H_Y,Hours per year,INST_EDU_PUB,Public educational institutions,ISCED11_25,Lower secondary vocational education,TE,Teacher,,,O,Missing value,0,Units,OBS,Observed,2025,,0,Zero
FRA,France,WKT_STA_TCH,Statutory teaching time,H_Y,Hours per year,INST_EDU_PUB,Public educational institutions,ISCED11_02,Pre-primary education,TE,Teacher,,,O,Missing value,0,Units,OBS,Observed,2025,,0,Zero
FRA,France,WKT_STA_TCH,Statutory teaching time,H_Y,Hours per year,INST_EDU_PUB,Public educational institutions,ISCED11_35,Upper secondary vocational education,TE,Teacher,,,O,Missing value,0,Units,OBS,Observed,2025,,0,Zero
FRA,France,WKT_STA_TCH,Statutory teaching time,H_Y,Hours per year,INST_EDU_PUB,Public educational institutions,ISCED11_24,Lower secondary general education,TE,Teacher,,,O,Missing value,0,Units,OBS,Observed,2025,,0,Zero
FRA,France,WKT_STA_TCH,Statutory teaching time,H_Y,Hours per year,INST_EDU_PUB,Public educational institutions,ISCED11_1,Primary education,TE,Teacher,,,O,Missing value,0,Units,OBS,Observed,2025,,0,Zero
DEU,Germany,WKT_STA_TCH,Statutory teaching time,H_Y,Hours per year,INST_EDU_PUB,Public educational institutions,ISCED11_02,Pre-primary education,TE,Teacher,,,O,Missing value,0,Units,OBS,Observed,2025,,0,Zero
SWE,Sweden,WKT_STA_TCH,Statutory teaching time,H_Y,Hours per year,INST_EDU_PUB,Public educational institutions,ISCED11_02,Pre-primary education,TE,Teacher,,,O,Missing value,0,Units,OBS,Observed,2025,,0,Zero
FIN,Finland,WKT_STA_WKT,Total statutory working time,H_Y,Hours per year,INST_EDU_PUB,Public educational institutions,ISCED11_34,Upper secondary general education,TE,Teacher,,,M,Missing value; data cannot exist,0,Units,OBS,Observed,2025,,0,Zero
FIN,Finland,WKT_STA_WKT,Total statutory working time,H_Y,Hours per year,INST_EDU_PUB,Public educational institutions,ISCED11_1,Primary education,TE,Teacher,,,M,Missing value; data cannot exist,0,Units,OBS,Observed,2025,,0,Zero
FIN,Finland,WKT_STA_WKT,Total statutory working time,H_Y,Hours per year,INST_EDU_PUB,Public educational institutions,ISCED11_02,Pre-primary education,TE,Teacher,,,M,Missing value; data cannot exist,0,Units,OBS,Observed,2025,,0,Zero
FIN,Finland,WKT_STA_WKT,Total statutory working time,H_Y,Hours per year,INST_EDU_PUB,Public educational institutions,ISCED11_24,Lower secondary general education,TE,Teacher,,,M,Missing value; data cannot exist,0,Units,OBS,Observed,2025,,0,Zero
ITA,Italy,WKT_STA_WKT,Total statutory working time,H_Y,Hours per year,INST_EDU_PUB,Public educational institutions,ISCED11_34,Upper secondary general education,TE,Teacher,,,M,Missing value; data cannot exist,0,Units,OBS,Observed,2025,,0,Zero
ITA,Italy,WKT_STA_WKT,Total statutory working time,H_Y,Hours per year,INST_EDU_PUB,Public educational institutions,ISCED11_24,Lower secondary general education,TE,Teacher,,,M,Missing value; data cannot exist,0,Units,OBS,Observed,2025,,0,Zero
ITA,Italy,WKT_STA_WKT,Total statutory working time,H_Y,Hours per year,INST_EDU_PUB,Public educational institutions,ISCED11_02,Pre-primary education,TE,Teacher,,,M,Missing value; data cannot exist,0,Units,OBS,Observed,2025,,0,Zero
ITA,Italy,WKT_STA_WKT,Total statutory working time,H_Y,Hours per year,INST_EDU_PUB,Public educational institutions,ISCED11_1,Primary education,TE,Teacher,,,M,Missing value; data cannot exist,0,Units,OBS,Observed,2025,,0,Zero
SWE,Sweden,WKT_STA_TCH,Statutory teaching time,H_Y,Hours per year,INST_EDU_PUB,Public educational institutions,ISCED11_24,Lower secondary general education,TE,Teacher,,,M,Missing value; data cannot exist,0,Units,OBS,Observed,2025,,0,Zero
SWE,Sweden,WKT_STA_TCH,Statutory teaching time,H_Y,Hours per year,INST_EDU_PUB,Public educational institutions,ISCED11_1,Primary education,TE,Teacher,,,M,Missing value; data cannot exist,0,Units,OBS,Observed,2025,,0,Zero
SWE,Sweden,WKT_STA_TCH,Statutory teaching time,H_Y,Hours per year,INST_EDU_PUB,Public educational institutions,ISCED11_34,Upper secondary general education,TE,Teacher,,,M,Missing value; data cannot exist,0,Units,OBS,Observed,2025,,0,Zero
SWE,Sweden,WKT_STA_WKT,Total statutory working time,H_Y,Hours per year,INST_EDU_PUB,Public educational institutions,ISCED11_02,Pre-primary education,TE,Teacher,,,M,Missing value; data cannot exist,0,Units,OBS,Observed,2025,,0,Zero
DEU,Germany,WKT_STA_WKS,Statutory working time required at school,H_Y,Hours per year,INST_EDU_PUB,Public educational institutions,ISCED11_24,Lower secondary general education,TE,Teacher,,,M,Missing value; data cannot exist,0,Units,OBS,Observed,2025,,0,Zero
DEU,Germany,WKT_STA_WKS,Statutory working time required at school,H_Y,Hours per year,INST_EDU_PUB,Public educational institutions,ISCED11_34,Upper secondary general education,TE,Teacher,,,M,Missing value; data cannot exist,0,Units,OBS,Observed,2025,,0,Zero
DEU,Germany,WKT_STA_WKS,Statutory working time required at school,H_Y,Hours per year,INST_EDU_PUB,Public educational institutions,ISCED11_1,Primary education,TE,Teacher,,,M,Missing value; data cannot exist,0,Units,OBS,Observed,2025,,0,Zero
ITA,Italy,WKT_STA_WKS,Statutory working time required at school,H_Y,Hours per year,INST_EDU_PUB,Public educational institutions,ISCED11_1,Primary education,TE,Teacher,,,M,Missing value; data cannot exist,0,Units,OBS,Observed,2025,,0,Zero
ITA,Italy,WKT_STA_WKS,Statutory working time required at school,H_Y,Hours per year,INST_EDU_PUB,Public educational institutions,ISCED11_24,Lower secondary general education,TE,Teacher,,,M,Missing value; data cannot exist,0,Units,OBS,Observed,2025,,0,Zero
ITA,Italy,WKT_STA_WKS,Statutory working time required at school,H_Y,Hours per year,INST_EDU_PUB,Public educational institutions,ISCED11_02,Pre-primary education,TE,Teacher,,,M,Missing value; data cannot exist,0,Units,OBS,Observed,2025,,0,Zero
ITA,Italy,WKT_STA_WKS,Statutory working time required at school,H_Y,Hours per year,INST_EDU_PUB,Public educational institutions,ISCED11_34,Upper secondary general education,TE,Teacher,,,M,Missing value; data cannot exist,0,Units,OBS,Observed,2025,,0,Zero
NLD,Netherlands,WKT_STA_WKS,Statutory working time required at school,H_Y,Hours per year,INST_EDU_PUB,Public educational institutions,ISCED11_02,Pre-primary education,TE,Teacher,,,M,Missing value; data cannot exist,0,Units,OBS,Observed,2025,,0,Zero
NLD,Netherlands,WKT_STA_WKS,Statutory working time required at school,H_Y,Hours per year,INST_EDU_PUB,Public educational institutions,ISCED11_24,Lower secondary general education,TE,Teacher,,,M,Missing value; data cannot exist,0,Units,OBS,Observed,2025,,0,Zero
NLD,Netherlands,WKT_STA_WKS,Statutory working time required at school,H_Y,Hours per year,INST_EDU_PUB,Public educational institutions,ISCED11_1,Primary education,TE,Teacher,,,M,Missing value; data cannot exist,0,Units,OBS,Observed,2025,,0,Zero
NLD,Netherlands,WKT_STA_WKS,Statutory working time required at school,H_Y,Hours per year,INST_EDU_PUB,Public educational institutions,ISCED11_34,Upper secondary general education,TE,Teacher,,,M,Missing value; data cannot exist,0,Units,OBS,Observed,2025,,0,Zero
POL,Poland,WKT_STA_WKS,Statutory working time required at school,H_Y,Hours per year,INST_EDU_PUB,Public educational institutions,ISCED11_02,Pre-primary education,TE,Teacher,,,M,Missing value; data cannot exist,0,Units,OBS,Observed,2025,,0,Zero
POL,Poland,WKT_STA_WKS,Statutory working time required at school,H_Y,Hours per year,INST_EDU_PUB,Public educational institutions,ISCED11_1,Primary education,TE,Teacher,,,M,Missing value; data cannot exist,0,Units,OBS,Observed,2025,,0,Zero
POL,Poland,WKT_STA_WKS,Statutory working time required at school,H_Y,Hours per year,INST_EDU_PUB,Public educational institutions,ISCED11_34,Upper secondary general education,TE,Teacher,,,M,Missing value; data cannot exist,0,Units,OBS,Observed,2025,,0,Zero
POL,Poland,WKT_STA_WKS,Statutory working time required at school,H_Y,Hours per year,INST_EDU_PUB,Public educational institutions,ISCED11_24,Lower secondary general education,TE,Teacher,,,M,Missing value; data cannot exist,0,Units,OBS,Observed,2025,,0,Zero
SWE,Sweden,WKT_STA_TCH,Statutory teaching time,H_Y,Hours per year,INST_EDU_PUB,Public educational institutions,ISCED11_35,Upper secondary vocational education,TE,Teacher,,,M,Missing value; data cannot exist,0,Units,OBS,Observed,2025,,0,Zero
ITA,Italy,WKT_STA_WKT,Total statutory working time,H_Y,Hours per year,INST_EDU_PUB,Public educational institutions,ISCED11_35,Upper secondary vocational education,TE,Teacher,,,M,Missing value; data cannot exist,0,Units,OBS,Observed,2025,,0,Zero
DEU,Germany,WKT_STA_WKS,Statutory working time required at school,H_Y,Hours per year,INST_EDU_PUB,Public educational institutions,ISCED11_35,Upper secondary vocational education,TE,Teacher,,,M,Missing value; data cannot exist,0,Units,OBS,Observed,2025,,0,Zero
ITA,Italy,WKT_STA_WKS,Statutory working time required at school,H_Y,Hours per year,INST_EDU_PUB,Public educational institutions,ISCED11_35,Upper secondary vocational education,TE,Teacher,,,M,Missing value; data cannot exist,0,Units,OBS,Observed,2025,,0,Zero
NLD,Netherlands,WKT_STA_WKS,Statutory working time required at school,H_Y,Hours per year,INST_EDU_PUB,Public educational institutions,ISCED11_35,Upper secondary vocational education,TE,Teacher,,,M,Missing value; data cannot exist,0,Units,OBS,Observed,2025,,0,Zero
POL,Poland,WKT_STA_WKS,Statutory working time required at school,H_Y,Hours per year,INST_EDU_PUB,Public educational institutions,ISCED11_35,Upper secondary vocational education,TE,Teacher,,,M,Missing value; data cannot exist,0,Units,OBS,Observed,2025,,0,Zero
FIN,Finland,WKT_ACT_TCH,Actual teaching time,H_Y,Hours per year,INST_EDU_PUB,Public educational institutions,ISCED11_25,Lower secondary vocational education,TE,Teacher,,,M,Missing value; data cannot exist,0,Units,OBS,Observed,2025,,0,Zero
DEU,Germany,WKT_ACT_TCH,Actual teaching time,H_Y,Hours per year,INST_EDU_PUB,Public educational institutions,ISCED11_25,Lower secondary vocational education,TE,Teacher,,,M,Missing value; data cannot exist,0,Units,OBS,Observed,2025,,0,Zero
ITA,Italy,WKT_ACT_TCH,Actual teaching time,H_Y,Hours per year,INST_EDU_PUB,Public educational institutions,ISCED11_25,Lower secondary vocational education,TE,Teacher,,,M,Missing value; data cannot exist,0,Units,OBS,Observed,2025,,0,Zero
POL,Poland,WKT_ACT_TCH,Actual teaching time,H_Y,Hours per year,INST_EDU_PUB,Public educational institutions,ISCED11_25,Lower secondary vocational education,TE,Teacher,,,M,Missing value; data cannot exist,0,Units,OBS,Observed,2025,,0,Zero
SWE,Sweden,WKT_ACT_TCH,Actual teaching time,H_Y,Hours per year,INST_EDU_PUB,Public educational institutions,ISCED11_25,Lower secondary vocational education,TE,Teacher,,,M,Missing value; data cannot exist,0,Units,OBS,Observed,2025,,0,Zero
DEU,Germany,WKT_STA_TCH,Statutory teaching time,H_Y,Hours per year,INST_EDU_PUB,Public educational institutions,ISCED11_25,Lower secondary vocational education,TE,Teacher,,,M,Missing value; data cannot exist,0,Units,OBS,Observed,2025,,0,Zero
SWE,Sweden,WKT_STA_TCH,Statutory teaching time,H_Y,Hours per year,INST_EDU_PUB,Public educational institutions,ISCED11_25,Lower secondary vocational education,TE,Teacher,,,M,Missing value; data cannot exist,0,Units,OBS,Observed,2025,,0,Zero
FIN,Finland,WKT_STA_WKT,Total statutory working time,H_Y,Hours per year,INST_EDU_PUB,Public educational institutions,ISCED11_25,Lower secondary vocational education,TE,Teacher,,,M,Missing value; data cannot exist,0,Units,OBS,Observed,2025,,0,Zero
DEU,Germany,WKT_STA_WKT,Total statutory working time,H_Y,Hours per year,INST_EDU_PUB,Public educational institutions,ISCED11_25,Lower secondary vocational education,TE,Teacher,,,M,Missing value; data cannot exist,0,Units,OBS,Observed,2025,,0,Zero
ITA,Italy,WKT_STA_WKT,Total statutory working time,H_Y,Hours per year,INST_EDU_PUB,Public educational institutions,ISCED11_25,Lower secondary vocational education,TE,Teacher,,,M,Missing value; data cannot exist,0,Units,OBS,Observed,2025,,0,Zero
POL,Poland,WKT_STA_WKT,Total statutory working time,H_Y,Hours per year,INST_EDU_PUB,Public educational institutions,ISCED11_25,Lower secondary vocational education,TE,Teacher,,,M,Missing value; data cannot exist,0,Units,OBS,Observed,2025,,0,Zero
SWE,Sweden,WKT_STA_WKT,Total statutory working time,H_Y,Hours per year,INST_EDU_PUB,Public educational institutions,ISCED11_25,Lower secondary vocational education,TE,Teacher,,,M,Missing value; data cannot exist,0,Units,OBS,Observed,2025,,0,Zero
FIN,Finland,WKT_STA_WKS,Statutory working time required at school,H_Y,Hours per year,INST_EDU_PUB,Public educational institutions,ISCED11_25,Lower secondary vocational education,TE,Teacher,,,M,Missing value; data cannot exist,0,Units,OBS,Observed,2025,,0,Zero
DEU,Germany,WKT_STA_WKS,Statutory working time required at school,H_Y,Hours per year,INST_EDU_PUB,Public educational institutions,ISCED11_25,Lower secondary vocational education,TE,Teacher,,,M,Missing value; data cannot exist,0,Units,OBS,Observed,2025,,0,Zero
ITA,Italy,WKT_STA_WKS,Statutory working time required at school,H_Y,Hours per year,INST_EDU_PUB,Public educational institutions,ISCED11_25,Lower secondary vocational education,TE,Teacher,,,M,Missing value; data cannot exist,0,Units,OBS,Observed,2025,,0,Zero
NLD,Netherlands,WKT_STA_WKS,Statutory working time required at school,H_Y,Hours per year,INST_EDU_PUB,Public educational institutions,ISCED11_25,Lower secondary vocational education,TE,Teacher,,,M,Missing value; data cannot exist,0,Units,OBS,Observed,2025,,0,Zero
POL,Poland,WKT_STA_WKS,Statutory working time required at school,H_Y,Hours per year,INST_EDU_PUB,Public educational institutions,ISCED11_25,Lower secondary vocational education,TE,Teacher,,,M,Missing value; data cannot exist,0,Units,OBS,Observed,2025,,0,Zero
SWE,Sweden,WKT_STA_WKS,Statutory working time required at school,H_Y,Hours per year,INST_EDU_PUB,Public educational institutions,ISCED11_25,Lower secondary vocational education,TE,Teacher,,,M,Missing value; data cannot exist,0,Units,OBS,Observed,2025,,0,Zero
FRA,France,WKT_STA_TCH,Statutory teaching time,D_Y,Days per year,INST_EDU_PUB,Public educational institutions,ISCED11_35,Upper secondary vocational education,TE,Teacher,,,O,Missing value,0,Units,OBS,Observed,2025,,0,Zero
FRA,France,WKT_STA_TCH,Statutory teaching time,D_Y,Days per year,INST_EDU_PUB,Public educational institutions,ISCED11_25,Lower secondary vocational education,TE,Teacher,,,O,Missing value,0,Units,OBS,Observed,2025,,0,Zero
FRA,France,WKT_STA_TCH,Statutory teaching time,D_Y,Days per year,INST_EDU_PUB,Public educational institutions,ISCED11_24,Lower secondary general education,TE,Teacher,,,O,Missing value,0,Units,OBS,Observed,2025,,0,Zero
FRA,France,WKT_STA_TCH,Statutory teaching time,D_Y,Days per year,INST_EDU_PUB,Public educational institutions,ISCED11_02,Pre-primary education,TE,Teacher,,,O,Missing value,0,Units,OBS,Observed,2025,,0,Zero
FRA,France,WKT_STA_TCH,Statutory teaching time,D_Y,Days per year,INST_EDU_PUB,Public educational institutions,ISCED11_34,Upper secondary general education,TE,Teacher,,,O,Missing value,0,Units,OBS,Observed,2025,,0,Zero
FRA,France,WKT_STA_TCH,Statutory teaching time,D_Y,Days per year,INST_EDU_PUB,Public educational institutions,ISCED11_1,Primary education,TE,Teacher,,,O,Missing value,0,Units,OBS,Observed,2025,,0,Zero
FRA,France,WKT_STA_TCH,Statutory teaching time,WK_Y,Weeks per year,INST_EDU_PUB,Public educational institutions,ISCED11_25,Lower secondary vocational education,TE,Teacher,,,O,Missing value,0,Units,OBS,Observed,2025,,0,Zero
FRA,France,WKT_STA_TCH,Statutory teaching time,WK_Y,Weeks per year,INST_EDU_PUB,Public educational institutions,ISCED11_02,Pre-primary education,TE,Teacher,,,O,Missing value,0,Units,OBS,Observed,2025,,0,Zero
FRA,France,WKT_STA_TCH,Statutory teaching time,WK_Y,Weeks per year,INST_EDU_PUB,Public educational institutions,ISCED11_34,Upper secondary general education,TE,Teacher,,,O,Missing value,0,Units,OBS,Observed,2025,,0,Zero
FRA,France,WKT_STA_TCH,Statutory teaching time,WK_Y,Weeks per year,INST_EDU_PUB,Public educational institutions,ISCED11_35,Upper secondary vocational education,TE,Teacher,,,O,Missing value,0,Units,OBS,Observed,2025,,0,Zero
FRA,France,WKT_STA_TCH,Statutory teaching time,WK_Y,Weeks per year,INST_EDU_PUB,Public educational institutions,ISCED11_1,Primary education,TE,Teacher,,,O,Missing value,0,Units,OBS,Observed,2025,,0,Zero
FRA,France,WKT_STA_TCH,Statutory teaching time,WK_Y,Weeks per year,INST_EDU_PUB,Public educational institutions,ISCED11_24,Lower secondary general education,TE,Teacher,,,O,Missing value,0,Units,OBS,Observed,2025,,0,Zero
SWE,Sweden,WKT_STA_TCH,Statutory teaching time,D_Y,Days per year,INST_EDU_PUB,Public educational institutions,ISCED11_24,Lower secondary general education,TE,Teacher,,,M,Missing value; data cannot exist,0,Units,OBS,Observed,2025,,0,Zero
SWE,Sweden,WKT_STA_TCH,Statutory teaching time,D_Y,Days per year,INST_EDU_PUB,Public educational institutions,ISCED11_1,Primary education,TE,Teacher,,,M,Missing value; data cannot exist,0,Units,OBS,Observed,2025,,0,Zero
SWE,Sweden,WKT_STA_TCH,Statutory teaching time,D_Y,Days per year,INST_EDU_PUB,Public educational institutions,ISCED11_34,Upper secondary general education,TE,Teacher,,,M,Missing value; data cannot exist,0,Units,OBS,Observed,2025,,0,Zero
SWE,Sweden,WKT_STA_TCH,Statutory teaching time,WK_Y,Weeks per year,INST_EDU_PUB,Public educational institutions,ISCED11_24,Lower secondary general education,TE,Teacher,,,M,Missing value; data cannot exist,0,Units,OBS,Observed,2025,,0,Zero
SWE,Sweden,WKT_STA_TCH,Statutory teaching time,WK_Y,Weeks per year,INST_EDU_PUB,Public educational institutions,ISCED11_34,Upper secondary general education,TE,Teacher,,,M,Missing value; data cannot exist,0,Units,OBS,Observed,2025,,0,Zero
SWE,Sweden,WKT_STA_TCH,Statutory teaching time,WK_Y,Weeks per year,INST_EDU_PUB,Public educational institutions,ISCED11_1,Primary education,TE,Teacher,,,M,Missing value; data cannot exist,0,Units,OBS,Observed,2025,,0,Zero
SWE,Sweden,WKT_STA_TCH,Statutory teaching time,D_Y,Days per year,INST_EDU_PUB,Public educational institutions,ISCED11_35,Upper secondary vocational education,TE,Teacher,,,M,Missing value; data cannot exist,0,Units,OBS,Observed,2025,,0,Zero
SWE,Sweden,WKT_STA_TCH,Statutory teaching time,WK_Y,Weeks per year,INST_EDU_PUB,Public educational institutions,ISCED11_35,Upper secondary vocational education,TE,Teacher,,,M,Missing value; data cannot exist,0,Units,OBS,Observed,2025,,0,Zero
DEU,Germany,WKT_STA_TCH,Statutory teaching time,D_Y,Days per year,INST_EDU_PUB,Public educational institutions,ISCED11_25,Lower secondary vocational education,TE,Teacher,,,M,Missing value; data cannot exist,0,Units,OBS,Observed,2025,,0,Zero
SWE,Sweden,WKT_STA_TCH,Statutory teaching time,D_Y,Days per year,INST_EDU_PUB,Public educational institutions,ISCED11_25,Lower secondary vocational education,TE,Teacher,,,M,Missing value; data cannot exist,0,Units,OBS,Observed,2025,,0,Zero
DEU,Germany,WKT_STA_TCH,Statutory teaching time,WK_Y,Weeks per year,INST_EDU_PUB,Public educational institutions,ISCED11_25,Lower secondary vocational education,TE,Teacher,,,M,Missing value; data cannot exist,0,Units,OBS,Observed,2025,,0,Zero
SWE,Sweden,WKT_STA_TCH,Statutory teaching time,WK_Y,Weeks per year,INST_EDU_PUB,Public educational institutions,ISCED11_25,Lower secondary vocational education,TE,Teacher,,,M,Missing value; data cannot exist,0,Units,OBS,Observed,2025,,0,Zero
FIN,Finland,WKT_STA_TCH,Statutory teaching time,D_Y,Days per year,INST_EDU_PUB,Public educational institutions,ISCED11_35,Upper secondary vocational education,TE,Teacher,,,M,Missing value; data cannot exist,0,Units,MIN,Minimum,2025,,0,Zero
FIN,Finland,WKT_STA_TCH,Statutory teaching time,D_Y,Days per year,INST_EDU_PUB,Public educational institutions,ISCED11_02,Pre-primary education,TE,Teacher,,,O,Missing value,0,Units,MIN,Minimum,2025,,0,Zero
FIN,Finland,WKT_STA_TCH,Statutory teaching time,D_Y,Days per year,INST_EDU_PUB,Public educational institutions,ISCED11_25,Lower secondary vocational education,TE,Teacher,,,M,Missing value; data cannot exist,0,Units,MIN,Minimum,2025,,0,Zero
FIN,Finland,WKT_STA_TCH,Statutory teaching time,H_Y,Hours per year,INST_EDU_PUB,Public educational institutions,ISCED11_02,Pre-primary education,TE,Teacher,,,O,Missing value,0,Units,MIN,Minimum,2025,,0,Zero
FIN,Finland,WKT_STA_TCH,Statutory teaching time,H_Y,Hours per year,INST_EDU_PUB,Public educational institutions,ISCED11_35,Upper secondary vocational education,TE,Teacher,,,M,Missing value; data cannot exist,0,Units,MIN,Minimum,2025,,0,Zero
FIN,Finland,WKT_STA_TCH,Statutory teaching time,H_Y,Hours per year,INST_EDU_PUB,Public educational institutions,ISCED11_25,Lower secondary vocational education,TE,Teacher,,,M,Missing value; data cannot exist,0,Units,MIN,Minimum,2025,,0,Zero
FIN,Finland,WKT_STA_TCH,Statutory teaching time,WK_Y,Weeks per year,INST_EDU_PUB,Public educational institutions,ISCED11_35,Upper secondary vocational education,TE,Teacher,,,M,Missing value; data cannot exist,0,Units,MIN,Minimum,2025,,0,Zero
FIN,Finland,WKT_STA_TCH,Statutory teaching time,WK_Y,Weeks per year,INST_EDU_PUB,Public educational institutions,ISCED11_25,Lower secondary vocational education,TE,Teacher,,,M,Missing value; data cannot exist,0,Units,MIN,Minimum,2025,,0,Zero
FIN,Finland,WKT_STA_TCH,Statutory teaching time,WK_Y,Weeks per year,INST_EDU_PUB,Public educational institutions,ISCED11_02,Pre-primary education,TE,Teacher,,,O,Missing value,0,Units,MIN,Minimum,2025,,0,Zero
ITA,Italy,WKT_STA_TCH,Statutory teaching time,D_Y,Days per year,INST_EDU_PUB,Public educational institutions,ISCED11_25,Lower secondary vocational education,TE,Teacher,,,M,Missing value; data cannot exist,0,Units,MIN,Minimum,2025,,0,Zero
ITA,Italy,WKT_STA_TCH,Statutory teaching time,H_Y,Hours per year,INST_EDU_PUB,Public educational institutions,ISCED11_25,Lower secondary vocational education,TE,Teacher,,,M,Missing value; data cannot exist,0,Units,MIN,Minimum,2025,,0,Zero
ITA,Italy,WKT_STA_TCH,Statutory teaching time,WK_Y,Weeks per year,INST_EDU_PUB,Public educational institutions,ISCED11_25,Lower secondary vocational education,TE,Teacher,,,M,Missing value; data cannot exist,0,Units,MIN,Minimum,2025,,0,Zero
NLD,Netherlands,WKT_STA_TCH,Statutory teaching time,H_Y,Hours per year,INST_EDU_PUB,Public educational institutions,ISCED11_35,Upper secondary vocational education,TE,Teacher,,,O,Missing value,0,Units,MAX,Maximum,2025,,0,Zero
POL,Poland,WKT_STA_TCH,Statutory teaching time,D_Y,Days per year,INST_EDU_PUB,Public educational institutions,ISCED11_25,Lower secondary vocational education,TE,Teacher,,,M,Missing value; data cannot exist,0,Units,MAX,Maximum,2025,,0,Zero
POL,Poland,WKT_STA_TCH,Statutory teaching time,H_Y,Hours per year,INST_EDU_PUB,Public educational institutions,ISCED11_25,Lower secondary vocational education,TE,Teacher,,,M,Missing value; data cannot exist,0,Units,MAX,Maximum,2025,,0,Zero
POL,Poland,WKT_STA_TCH,Statutory teaching time,WK_Y,Weeks per year,INST_EDU_PUB,Public educational institutions,ISCED11_25,Lower secondary vocational education,TE,Teacher,,,M,Missing value; data cannot exist,0,Units,MAX,Maximum,2025,,0,Zero
USA,United States,WKT_STA_TCH,Statutory teaching time,D_Y,Days per year,INST_EDU_PUB,Public educational institutions,ISCED11_25,Lower secondary vocational education,TE,Teacher,,,M,Missing value; data cannot exist,0,Units,OBS,Observed,2021,,0,Zero
USA,United States,WKT_STA_TCH,Statutory teaching time,D_Y,Days per year,INST_EDU_PUB,Public educational institutions,ISCED11_35,Upper secondary vocational education,TE,Teacher,,,M,Missing value; data cannot exist,0,Units,OBS,Observed,2021,,0,Zero
USA,United States,WKT_STA_TCH,Statutory teaching time,H_Y,Hours per year,INST_EDU_PUB,Public educational institutions,ISCED11_25,Lower secondary vocational education,TE,Teacher,,,M,Missing value; data cannot exist,0,Units,OBS,Observed,2021,,0,Zero
USA,United States,WKT_STA_TCH,Statutory teaching time,H_Y,Hours per year,INST_EDU_PUB,Public educational institutions,ISCED11_35,Upper secondary vocational education,TE,Teacher,,,M,Missing value; data cannot exist,0,Units,OBS,Observed,2021,,0,Zero
USA,United States,WKT_STA_TCH,Statutory teaching time,WK_Y,Weeks per year,INST_EDU_PUB,Public educational institutions,ISCED11_35,Upper secondary vocational education,TE,Teacher,,,M,Missing value; data cannot exist,0,Units,OBS,Observed,2021,,0,Zero
USA,United States,WKT_STA_TCH,Statutory teaching time,WK_Y,Weeks per year,INST_EDU_PUB,Public educational institutions,ISCED11_25,Lower secondary vocational education,TE,Teacher,,,M,Missing value; data cannot exist,0,Units,OBS,Observed,2021,,0,Zero
USA,United States,WKT_STA_WKT,Total statutory working time,H_Y,Hours per year,INST_EDU_PUB,Public educational institutions,ISCED11_35,Upper secondary vocational education,TE,Teacher,,,M,Missing value; data cannot exist,0,Units,OBS,Observed,2021,,0,Zero
USA,United States,WKT_STA_WKT,Total statutory working time,H_Y,Hours per year,INST_EDU_PUB,Public educational institutions,ISCED11_02,Pre-primary education,TE,Teacher,,,O,Missing value,0,Units,OBS,Observed,2021,,0,Zero
USA,United States,WKT_STA_WKT,Total statutory working time,H_Y,Hours per year,INST_EDU_PUB,Public educational institutions,ISCED11_1,Primary education,TE,Teacher,,,O,Missing value,0,Units,OBS,Observed,2021,,0,Zero
USA,United States,WKT_STA_WKT,Total statutory working time,H_Y,Hours per year,INST_EDU_PUB,Public educational institutions,ISCED11_24,Lower secondary general education,TE,Teacher,,,O,Missing value,0,Units,OBS,Observed,2021,,0,Zero
USA,United States,WKT_STA_WKT,Total statutory working time,H_Y,Hours per year,INST_EDU_PUB,Public educational institutions,ISCED11_25,Lower secondary vocational education,TE,Teacher,,,M,Missing value; data cannot exist,0,Units,OBS,Observed,2021,,0,Zero
USA,United States,WKT_STA_WKT,Total statutory working time,H_Y,Hours per year,INST_EDU_PUB,Public educational institutions,ISCED11_34,Upper secondary general education,TE,Teacher,,,O,Missing value,0,Units,OBS,Observed,2021,,0,Zero
USA,United States,WKT_STA_WKS,Statutory working time required at school,H_Y,Hours per year,INST_EDU_PUB,Public educational institutions,ISCED11_25,Lower secondary vocational education,TE,Teacher,,,M,Missing value; data cannot exist,0,Units,OBS,Observed,2021,,0,Zero
USA,United States,WKT_STA_WKS,Statutory working time required at school,H_Y,Hours per year,INST_EDU_PUB,Public educational institutions,ISCED11_35,Upper secondary vocational education,TE,Teacher,,,M,Missing value; data cannot exist,0,Units,OBS,Observed,2021,,0,Zero
USA,United States,WKT_ACT_TCH,Actual teaching time,H_Y,Hours per year,INST_EDU_PUB,Public educational institutions,ISCED11_25,Lower secondary vocational education,TE,Teacher,,,M,Missing value; data cannot exist,0,Units,OBS,Observed,2021,,0,Zero
USA,United States,WKT_ACT_TCH,Actual teaching time,H_Y,Hours per year,INST_EDU_PUB,Public educational institutions,ISCED11_35,Upper secondary vocational education,TE,Teacher,,,M,Missing value; data cannot exist,0,Units,OBS,Observed,2021,,0,Zero
USA,United States,WKT_STA_TCH,Statutory teaching time,D_Y,Days per year,INST_EDU_PUB,Public educational institutions,ISCED11_34,Upper secondary general education,TE,Teacher,178.47072,,A,Normal value,0,Units,OBS,Observed,2021,,0,Zero
USA,United States,WKT_STA_TCH,Statutory teaching time,D_Y,Days per year,INST_EDU_PUB,Public educational institutions,ISCED11_24,Lower secondary general education,TE,Teacher,178.58876,,A,Normal value,0,Units,OBS,Observed,2021,,0,Zero
USA,United States,WKT_STA_TCH,Statutory teaching time,D_Y,Days per year,INST_EDU_PUB,Public educational institutions,ISCED11_1,Primary education,TE,Teacher,178.15502,,A,Normal value,0,Units,OBS,Observed,2021,,0,Zero
USA,United States,WKT_STA_TCH,Statutory teaching time,D_Y,Days per year,INST_EDU_PUB,Public educational institutions,ISCED11_02,Pre-primary education,TE,Teacher,177.99995,,A,Normal value,0,Units,OBS,Observed,2021,,0,Zero
USA,United States,WKT_STA_TCH,Statutory teaching time,H_Y,Hours per year,INST_EDU_PUB,Public educational institutions,ISCED11_1,Primary education,TE,Teacher,908.24674,,A,Normal value,0,Units,OBS,Observed,2021,,0,Zero
USA,United States,WKT_STA_TCH,Statutory teaching time,H_Y,Hours per year,INST_EDU_PUB,Public educational institutions,ISCED11_24,Lower secondary general education,TE,Teacher,893.16272,,A,Normal value,0,Units,OBS,Observed,2021,,0,Zero
USA,United States,WKT_STA_TCH,Statutory teaching time,H_Y,Hours per year,INST_EDU_PUB,Public educational institutions,ISCED11_34,Upper secondary general education,TE,Teacher,888.36209,,A,Normal value,0,Units,OBS,Observed,2021,,0,Zero
USA,United States,WKT_STA_TCH,Statutory teaching time,H_Y,Hours per year,INST_EDU_PUB,Public educational institutions,ISCED11_02,Pre-primary education,TE,Teacher,900.37952,,A,Normal value,0,Units,OBS,Observed,2021,,0,Zero
USA,United States,WKT_STA_TCH,Statutory teaching time,WK_Y,Weeks per year,INST_EDU_PUB,Public educational institutions,ISCED11_24,Lower secondary general education,TE,Teacher,35.71775,,A,Normal value,0,Units,OBS,Observed,2021,,0,Zero
USA,United States,WKT_STA_TCH,Statutory teaching time,WK_Y,Weeks per year,INST_EDU_PUB,Public educational institutions,ISCED11_34,Upper secondary general education,TE,Teacher,35.69414,,A,Normal value,0,Units,OBS,Observed,2021,,0,Zero
USA,United States,WKT_STA_TCH,Statutory teaching time,WK_Y,Weeks per year,INST_EDU_PUB,Public educational institutions,ISCED11_1,Primary education,TE,Teacher,35.631,,A,Normal value,0,Units,OBS,Observed,2021,,0,Zero
USA,United States,WKT_STA_TCH,Statutory teaching time,WK_Y,Weeks per year,INST_EDU_PUB,Public educational institutions,ISCED11_02,Pre-primary education,TE,Teacher,35.59999,,A,Normal value,0,Units,OBS,Observed,2021,,0,Zero
USA,United States,WKT_STA_WKS,Statutory working time required at school,H_Y,Hours per year,INST_EDU_PUB,Public educational institutions,ISCED11_02,Pre-primary education,TE,Teacher,1447.71591,,A,Normal value,0,Units,OBS,Observed,2021,,0,Zero
USA,United States,WKT_STA_WKS,Statutory working time required at school,H_Y,Hours per year,INST_EDU_PUB,Public educational institutions,ISCED11_34,Upper secondary general education,TE,Teacher,1459.31061,,A,Normal value,0,Units,OBS,Observed,2021,,0,Zero
USA,United States,WKT_STA_WKS,Statutory working time required at school,H_Y,Hours per year,INST_EDU_PUB,Public educational institutions,ISCED11_24,Lower secondary general education,TE,Teacher,1453.0166,,A,Normal value,0,Units,OBS,Observed,2021,,0,Zero
USA,United States,WKT_STA_WKS,Statutory working time required at school,H_Y,Hours per year,INST_EDU_PUB,Public educational institutions,ISCED11_1,Primary education,TE,Teacher,1442.65108,,A,Normal value,0,Units,OBS,Observed,2021,,0,Zero
USA,United States,WKT_ACT_TCH,Actual teaching time,H_Y,Hours per year,INST_EDU_PUB,Public educational institutions,ISCED11_1,Primary education,TE,Teacher,908.24674,,A,Normal value,0,Units,OBS,Observed,2021,,0,Zero
USA,United States,WKT_ACT_TCH,Actual teaching time,H_Y,Hours per year,INST_EDU_PUB,Public educational institutions,ISCED11_24,Lower secondary general education,TE,Teacher,893.16272,,A,Normal value,0,Units,OBS,Observed,2021,,0,Zero
USA,United States,WKT_ACT_TCH,Actual teaching time,H_Y,Hours per year,INST_EDU_PUB,Public educational institutions,ISCED11_34,Upper secondary general education,TE,Teacher,888.36209,,A,Normal value,0,Units,OBS,Observed,2021,,0,Zero
USA,United States,WKT_ACT_TCH,Actual teaching time,H_Y,Hours per year,INST_EDU_PUB,Public educational institutions,ISCED11_02,Pre-primary education,TE,Teacher,900.37952,,A,Normal value,0,Units,OBS,Observed,2021,,0,Zero
FIN,Finland,WKT_STA_TCH,Statutory teaching time,D_Y,Days per year,INST_EDU_PUB,Public educational institutions,ISCED11_1,Primary education,TE,Teacher,187,,A,Normal value,0,Units,MIN,Minimum,2025,,0,Zero
FIN,Finland,WKT_STA_TCH,Statutory teaching time,D_Y,Days per year,INST_EDU_PUB,Public educational institutions,ISCED11_24,Lower secondary general education,TE,Teacher,187,,A,Normal value,0,Units,MIN,Minimum,2025,,0,Zero
FIN,Finland,WKT_STA_TCH,Statutory teaching time,D_Y,Days per year,INST_EDU_PUB,Public educational institutions,ISCED11_34,Upper secondary general education,TE,Teacher,187,,A,Normal value,0,Units,MIN,Minimum,2025,,0,Zero
FIN,Finland,WKT_STA_TCH,Statutory teaching time,H_Y,Hours per year,INST_EDU_PUB,Public educational institutions,ISCED11_24,Lower secondary general education,TE,Teacher,594.66,,A,Normal value,0,Units,MIN,Minimum,2025,,0,Zero
FIN,Finland,WKT_STA_TCH,Statutory teaching time,H_Y,Hours per year,INST_EDU_PUB,Public educational institutions,ISCED11_34,Upper secondary general education,TE,Teacher,561,,A,Normal value,0,Units,MIN,Minimum,2025,,0,Zero
FIN,Finland,WKT_STA_TCH,Statutory teaching time,H_Y,Hours per year,INST_EDU_PUB,Public educational institutions,ISCED11_1,Primary education,TE,Teacher,673.2,,A,Normal value,0,Units,MIN,Minimum,2025,,0,Zero
FIN,Finland,WKT_STA_TCH,Statutory teaching time,WK_Y,Weeks per year,INST_EDU_PUB,Public educational institutions,ISCED11_24,Lower secondary general education,TE,Teacher,38,,A,Normal value,0,Units,MIN,Minimum,2025,,0,Zero
FIN,Finland,WKT_STA_TCH,Statutory teaching time,WK_Y,Weeks per year,INST_EDU_PUB,Public educational institutions,ISCED11_1,Primary education,TE,Teacher,38,,A,Normal value,0,Units,MIN,Minimum,2025,,0,Zero
FIN,Finland,WKT_STA_TCH,Statutory teaching time,WK_Y,Weeks per year,INST_EDU_PUB,Public educational institutions,ISCED11_34,Upper secondary general education,TE,Teacher,38,,A,Normal value,0,Units,MIN,Minimum,2025,,0,Zero
ITA,Italy,WKT_STA_TCH,Statutory teaching time,D_Y,Days per year,INST_EDU_PUB,Public educational institutions,ISCED11_35,Upper secondary vocational education,TE,Teacher,171,,A,Normal value,0,Units,MIN,Minimum,2025,,0,Zero
ITA,Italy,WKT_STA_TCH,Statutory teaching time,D_Y,Days per year,INST_EDU_PUB,Public educational institutions,ISCED11_02,Pre-primary education,TE,Teacher,186,,A,Normal value,0,Units,MIN,Minimum,2025,,0,Zero
ITA,Italy,WKT_STA_TCH,Statutory teaching time,D_Y,Days per year,INST_EDU_PUB,Public educational institutions,ISCED11_24,Lower secondary general education,TE,Teacher,171,,A,Normal value,0,Units,MIN,Minimum,2025,,0,Zero
ITA,Italy,WKT_STA_TCH,Statutory teaching time,D_Y,Days per year,INST_EDU_PUB,Public educational institutions,ISCED11_1,Primary education,TE,Teacher,171,,A,Normal value,0,Units,MIN,Minimum,2025,,0,Zero
ITA,Italy,WKT_STA_TCH,Statutory teaching time,D_Y,Days per year,INST_EDU_PUB,Public educational institutions,ISCED11_34,Upper secondary general education,TE,Teacher,171,,A,Normal value,0,Units,MIN,Minimum,2025,,0,Zero
ITA,Italy,WKT_STA_TCH,Statutory teaching time,H_Y,Hours per year,INST_EDU_PUB,Public educational institutions,ISCED11_02,Pre-primary education,TE,Teacher,930,,A,Normal value,0,Units,MIN,Minimum,2025,,0,Zero
ITA,Italy,WKT_STA_TCH,Statutory teaching time,H_Y,Hours per year,INST_EDU_PUB,Public educational institutions,ISCED11_24,Lower secondary general education,TE,Teacher,615.6,,A,Normal value,0,Units,MIN,Minimum,2025,,0,Zero
ITA,Italy,WKT_STA_TCH,Statutory teaching time,H_Y,Hours per year,INST_EDU_PUB,Public educational institutions,ISCED11_35,Upper secondary vocational education,TE,Teacher,615.6,,A,Normal value,0,Units,MIN,Minimum,2025,,0,Zero
ITA,Italy,WKT_STA_TCH,Statutory teaching time,H_Y,Hours per year,INST_EDU_PUB,Public educational institutions,ISCED11_1,Primary education,TE,Teacher,752.4,,A,Normal value,0,Units,MIN,Minimum,2025,,0,Zero
ITA,Italy,WKT_STA_TCH,Statutory teaching time,H_Y,Hours per year,INST_EDU_PUB,Public educational institutions,ISCED11_34,Upper secondary general education,TE,Teacher,615.6,,A,Normal value,0,Units,MIN,Minimum,2025,,0,Zero
ITA,Italy,WKT_STA_TCH,Statutory teaching time,WK_Y,Weeks per year,INST_EDU_PUB,Public educational institutions,ISCED11_02,Pre-primary education,TE,Teacher,41,,A,Normal value,0,Units,MIN,Minimum,2025,,0,Zero
ITA,Italy,WKT_STA_TCH,Statutory teaching time,WK_Y,Weeks per year,INST_EDU_PUB,Public educational institutions,ISCED11_1,Primary education,TE,Teacher,38,,A,Normal value,0,Units,MIN,Minimum,2025,,0,Zero
ITA,Italy,WKT_STA_TCH,Statutory teaching time,WK_Y,Weeks per year,INST_EDU_PUB,Public educational institutions,ISCED11_35,Upper secondary vocational education,TE,Teacher,38,,A,Normal value,0,Units,MIN,Minimum,2025,,0,Zero
ITA,Italy,WKT_STA_TCH,Statutory teaching time,WK_Y,Weeks per year,INST_EDU_PUB,Public educational institutions,ISCED11_34,Upper secondary general education,TE,Teacher,38,,A,Normal value,0,Units,MIN,Minimum,2025,,0,Zero
ITA,Italy,WKT_STA_TCH,Statutory teaching time,WK_Y,Weeks per year,INST_EDU_PUB,Public educational institutions,ISCED11_24,Lower secondary general education,TE,Teacher,38,,A,Normal value,0,Units,MIN,Minimum,2025,,0,Zero
NLD,Netherlands,WKT_STA_TCH,Statutory teaching time,D_Y,Days per year,INST_EDU_PUB,Public educational institutions,ISCED11_24,Lower secondary general education,TE,Teacher,200,,A,Normal value,0,Units,MAX,Maximum,2025,,0,Zero
NLD,Netherlands,WKT_STA_TCH,Statutory teaching time,D_Y,Days per year,INST_EDU_PUB,Public educational institutions,ISCED11_34,Upper secondary general education,TE,Teacher,200,,A,Normal value,0,Units,MAX,Maximum,2025,,0,Zero
NLD,Netherlands,WKT_STA_TCH,Statutory teaching time,D_Y,Days per year,INST_EDU_PUB,Public educational institutions,ISCED11_1,Primary education,TE,Teacher,200,,A,Normal value,0,Units,MAX,Maximum,2025,,0,Zero
NLD,Netherlands,WKT_STA_TCH,Statutory teaching time,D_Y,Days per year,INST_EDU_PUB,Public educational institutions,ISCED11_25,Lower secondary vocational education,TE,Teacher,200,,A,Normal value,0,Units,MAX,Maximum,2025,,0,Zero
NLD,Netherlands,WKT_STA_TCH,Statutory teaching time,D_Y,Days per year,INST_EDU_PUB,Public educational institutions,ISCED11_35,Upper secondary vocational education,TE,Teacher,200,,A,Normal value,0,Units,MAX,Maximum,2025,,0,Zero
NLD,Netherlands,WKT_STA_TCH,Statutory teaching time,D_Y,Days per year,INST_EDU_PUB,Public educational institutions,ISCED11_02,Pre-primary education,TE,Teacher,200,,A,Normal value,0,Units,MAX,Maximum,2025,,0,Zero
NLD,Netherlands,WKT_STA_TCH,Statutory teaching time,H_Y,Hours per year,INST_EDU_PUB,Public educational institutions,ISCED11_24,Lower secondary general education,TE,Teacher,720,,A,Normal value,0,Units,MAX,Maximum,2025,,0,Zero
NLD,Netherlands,WKT_STA_TCH,Statutory teaching time,H_Y,Hours per year,INST_EDU_PUB,Public educational institutions,ISCED11_02,Pre-primary education,TE,Teacher,940,,A,Normal value,0,Units,MAX,Maximum,2025,,0,Zero
NLD,Netherlands,WKT_STA_TCH,Statutory teaching time,H_Y,Hours per year,INST_EDU_PUB,Public educational institutions,ISCED11_34,Upper secondary general education,TE,Teacher,720,,A,Normal value,0,Units,MAX,Maximum,2025,,0,Zero
NLD,Netherlands,WKT_STA_TCH,Statutory teaching time,H_Y,Hours per year,INST_EDU_PUB,Public educational institutions,ISCED11_25,Lower secondary vocational education,TE,Teacher,720,,A,Normal value,0,Units,MAX,Maximum,2025,,0,Zero
NLD,Netherlands,WKT_STA_TCH,Statutory teaching time,H_Y,Hours per year,INST_EDU_PUB,Public educational institutions,ISCED11_1,Primary education,TE,Teacher,940,,A,Normal value,0,Units,MAX,Maximum,2025,,0,Zero
NLD,Netherlands,WKT_STA_TCH,Statutory teaching time,WK_Y,Weeks per year,INST_EDU_PUB,Public educational institutions,ISCED11_02,Pre-primary education,TE,Teacher,40,,A,Normal value,0,Units,MAX,Maximum,2025,,0,Zero
NLD,Netherlands,WKT_STA_TCH,Statutory teaching time,WK_Y,Weeks per year,INST_EDU_PUB,Public educational institutions,ISCED11_34,Upper secondary general education,TE,Teacher,40,,A,Normal value,0,Units,MAX,Maximum,2025,,0,Zero
NLD,Netherlands,WKT_STA_TCH,Statutory teaching time,WK_Y,Weeks per year,INST_EDU_PUB,Public educational institutions,ISCED11_25,Lower secondary vocational education,TE,Teacher,40,,A,Normal value,0,Units,MAX,Maximum,2025,,0,Zero
NLD,Netherlands,WKT_STA_TCH,Statutory teaching time,WK_Y,Weeks per year,INST_EDU_PUB,Public educational institutions,ISCED11_1,Primary education,TE,Teacher,40,,A,Normal value,0,Units,MAX,Maximum,2025,,0,Zero
NLD,Netherlands,WKT_STA_TCH,Statutory teaching time,WK_Y,Weeks per year,INST_EDU_PUB,Public educational institutions,ISCED11_24,Lower secondary general education,TE,Teacher,40,,A,Normal value,0,Units,MAX,Maximum,2025,,0,Zero
NLD,Netherlands,WKT_STA_TCH,Statutory teaching time,WK_Y,Weeks per year,INST_EDU_PUB,Public educational institutions,ISCED11_35,Upper secondary vocational education,TE,Teacher,40,,A,Normal value,0,Units,MAX,Maximum,2025,,0,Zero
POL,Poland,WKT_STA_TCH,Statutory teaching time,D_Y,Days per year,INST_EDU_PUB,Public educational institutions,ISCED11_02,Pre-primary education,TE,Teacher,207,,A,Normal value,0,Units,MAX,Maximum,2025,,0,Zero
POL,Poland,WKT_STA_TCH,Statutory teaching time,D_Y,Days per year,INST_EDU_PUB,Public educational institutions,ISCED11_34,Upper secondary general education,TE,Teacher,178,,A,Normal value,0,Units,MAX,Maximum,2025,,0,Zero
POL,Poland,WKT_STA_TCH,Statutory teaching time,D_Y,Days per year,INST_EDU_PUB,Public educational institutions,ISCED11_1,Primary education,TE,Teacher,180,,A,Normal value,0,Units,MAX,Maximum,2025,,0,Zero
POL,Poland,WKT_STA_TCH,Statutory teaching time,D_Y,Days per year,INST_EDU_PUB,Public educational institutions,ISCED11_35,Upper secondary vocational education,TE,Teacher,178,,A,Normal value,0,Units,MAX,Maximum,2025,,0,Zero
POL,Poland,WKT_STA_TCH,Statutory teaching time,D_Y,Days per year,INST_EDU_PUB,Public educational institutions,ISCED11_24,Lower secondary general education,TE,Teacher,180,,A,Normal value,0,Units,MAX,Maximum,2025,,0,Zero
POL,Poland,WKT_STA_TCH,Statutory teaching time,H_Y,Hours per year,INST_EDU_PUB,Public educational institutions,ISCED11_02,Pre-primary education,TE,Teacher,1035,,A,Normal value,0,Units,MAX,Maximum,2025,,0,Zero
POL,Poland,WKT_STA_TCH,Statutory teaching time,H_Y,Hours per year,INST_EDU_PUB,Public educational institutions,ISCED11_35,Upper secondary vocational education,TE,Teacher,480.6,,A,Normal value,0,Units,MAX,Maximum,2025,,0,Zero
POL,Poland,WKT_STA_TCH,Statutory teaching time,H_Y,Hours per year,INST_EDU_PUB,Public educational institutions,ISCED11_24,Lower secondary general education,TE,Teacher,486,,A,Normal value,0,Units,MAX,Maximum,2025,,0,Zero
POL,Poland,WKT_STA_TCH,Statutory teaching time,H_Y,Hours per year,INST_EDU_PUB,Public educational institutions,ISCED11_34,Upper secondary general education,TE,Teacher,480.6,,A,Normal value,0,Units,MAX,Maximum,2025,,0,Zero
POL,Poland,WKT_STA_TCH,Statutory teaching time,H_Y,Hours per year,INST_EDU_PUB,Public educational institutions,ISCED11_1,Primary education,TE,Teacher,607.5,,A,Normal value,0,Units,MAX,Maximum,2025,,0,Zero
POL,Poland,WKT_STA_TCH,Statutory teaching time,WK_Y,Weeks per year,INST_EDU_PUB,Public educational institutions,ISCED11_34,Upper secondary general education,TE,Teacher,37.4,,A,Normal value,0,Units,MAX,Maximum,2025,,0,Zero
POL,Poland,WKT_STA_TCH,Statutory teaching time,WK_Y,Weeks per year,INST_EDU_PUB,Public educational institutions,ISCED11_24,Lower secondary general education,TE,Teacher,37.8,,A,Normal value,0,Units,MAX,Maximum,2025,,0,Zero
POL,Poland,WKT_STA_TCH,Statutory teaching time,WK_Y,Weeks per year,INST_EDU_PUB,Public educational institutions,ISCED11_1,Primary education,TE,Teacher,37.8,,A,Normal value,0,Units,MAX,Maximum,2025,,0,Zero
POL,Poland,WKT_STA_TCH,Statutory teaching time,WK_Y,Weeks per year,INST_EDU_PUB,Public educational institutions,ISCED11_35,Upper secondary vocational education,TE,Teacher,37.4,,A,Normal value,0,Units,MAX,Maximum,2025,,0,Zero
POL,Poland,WKT_STA_TCH,Statutory teaching time,WK_Y,Weeks per year,INST_EDU_PUB,Public educational institutions,ISCED11_02,Pre-primary education,TE,Teacher,43.2,,A,Normal value,0,Units,MAX,Maximum,2025,,0,Zero
PRT,Portugal,WKT_STA_TCH,Statutory teaching time,D_Y,Days per year,INST_EDU_PUB,Public educational institutions,ISCED11_35,Upper secondary vocational education,TE,Teacher,165,,A,Normal value,0,Units,MAX,Maximum,2025,,0,Zero
PRT,Portugal,WKT_STA_TCH,Statutory teaching time,D_Y,Days per year,INST_EDU_PUB,Public educational institutions,ISCED11_24,Lower secondary general education,TE,Teacher,165,,A,Normal value,0,Units,MAX,Maximum,2025,,0,Zero
PRT,Portugal,WKT_STA_TCH,Statutory teaching time,D_Y,Days per year,INST_EDU_PUB,Public educational institutions,ISCED11_1,Primary education,TE,Teacher,174,,A,Normal value,0,Units,MAX,Maximum,2025,,0,Zero
PRT,Portugal,WKT_STA_TCH,Statutory teaching time,D_Y,Days per year,INST_EDU_PUB,Public educational institutions,ISCED11_02,Pre-primary education,TE,Teacher,174,,A,Normal value,0,Units,MAX,Maximum,2025,,0,Zero
PRT,Portugal,WKT_STA_TCH,Statutory teaching time,D_Y,Days per year,INST_EDU_PUB,Public educational institutions,ISCED11_34,Upper secondary general education,TE,Teacher,165,,A,Normal value,0,Units,MAX,Maximum,2025,,0,Zero
PRT,Portugal,WKT_STA_TCH,Statutory teaching time,D_Y,Days per year,INST_EDU_PUB,Public educational institutions,ISCED11_25,Lower secondary vocational education,TE,Teacher,165,,A,Normal value,0,Units,MAX,Maximum,2025,,0,Zero
PRT,Portugal,WKT_STA_TCH,Statutory teaching time,H_Y,Hours per year,INST_EDU_PUB,Public educational institutions,ISCED11_35,Upper secondary vocational education,TE,Teacher,605,,A,Normal value,0,Units,MAX,Maximum,2025,,0,Zero
PRT,Portugal,WKT_STA_TCH,Statutory teaching time,H_Y,Hours per year,INST_EDU_PUB,Public educational institutions,ISCED11_02,Pre-primary education,TE,Teacher,870,,A,Normal value,0,Units,MAX,Maximum,2025,,0,Zero
PRT,Portugal,WKT_STA_TCH,Statutory teaching time,H_Y,Hours per year,INST_EDU_PUB,Public educational institutions,ISCED11_25,Lower secondary vocational education,TE,Teacher,605,,A,Normal value,0,Units,MAX,Maximum,2025,,0,Zero
PRT,Portugal,WKT_STA_TCH,Statutory teaching time,H_Y,Hours per year,INST_EDU_PUB,Public educational institutions,ISCED11_34,Upper secondary general education,TE,Teacher,605,,A,Normal value,0,Units,MAX,Maximum,2025,,0,Zero
PRT,Portugal,WKT_STA_TCH,Statutory teaching time,H_Y,Hours per year,INST_EDU_PUB,Public educational institutions,ISCED11_1,Primary education,TE,Teacher,783,,A,Normal value,0,Units,MAX,Maximum,2025,,0,Zero
PRT,Portugal,WKT_STA_TCH,Statutory teaching time,H_Y,Hours per year,INST_EDU_PUB,Public educational institutions,ISCED11_24,Lower secondary general education,TE,Teacher,605,,A,Normal value,0,Units,MAX,Maximum,2025,,0,Zero
PRT,Portugal,WKT_STA_TCH,Statutory teaching time,WK_Y,Weeks per year,INST_EDU_PUB,Public educational institutions,ISCED11_35,Upper secondary vocational education,TE,Teacher,36,,A,Normal value,0,Units,MAX,Maximum,2025,,0,Zero
PRT,Portugal,WKT_STA_TCH,Statutory teaching time,WK_Y,Weeks per year,INST_EDU_PUB,Public educational institutions,ISCED11_24,Lower secondary general education,TE,Teacher,36,,A,Normal value,0,Units,MAX,Maximum,2025,,0,Zero
PRT,Portugal,WKT_STA_TCH,Statutory teaching time,WK_Y,Weeks per year,INST_EDU_PUB,Public educational institutions,ISCED11_1,Primary education,TE,Teacher,38,,A,Normal value,0,Units,MAX,Maximum,2025,,0,Zero
PRT,Portugal,WKT_STA_TCH,Statutory teaching time,WK_Y,Weeks per year,INST_EDU_PUB,Public educational institutions,ISCED11_34,Upper secondary general education,TE,Teacher,36,,A,Normal value,0,Units,MAX,Maximum,2025,,0,Zero
PRT,Portugal,WKT_STA_TCH,Statutory teaching time,WK_Y,Weeks per year,INST_EDU_PUB,Public educational institutions,ISCED11_25,Lower secondary vocational education,TE,Teacher,36,,A,Normal value,0,Units,MAX,Maximum,2025,,0,Zero
PRT,Portugal,WKT_STA_TCH,Statutory teaching time,WK_Y,Weeks per year,INST_EDU_PUB,Public educational institutions,ISCED11_02,Pre-primary education,TE,Teacher,38,,A,Normal value,0,Units,MAX,Maximum,2025,,0,Zero
POL,Poland,WKT_ACT_TCH,Actual teaching time,H_Y,Hours per year,INST_EDU_PUB,Public educational institutions,ISCED11_02,Pre-primary education,TE,Teacher,1198,,A,Normal value,0,Units,OBS,Observed,2025,,0,Zero
POL,Poland,WKT_ACT_TCH,Actual teaching time,H_Y,Hours per year,INST_EDU_PUB,Public educational institutions,ISCED11_1,Primary education,TE,Teacher,660,,A,Normal value,0,Units,OBS,Observed,2025,,0,Zero
POL,Poland,WKT_ACT_TCH,Actual teaching time,H_Y,Hours per year,INST_EDU_PUB,Public educational institutions,ISCED11_24,Lower secondary general education,TE,Teacher,591,,A,Normal value,0,Units,OBS,Observed,2025,,0,Zero
POL,Poland,WKT_ACT_TCH,Actual teaching time,H_Y,Hours per year,INST_EDU_PUB,Public educational institutions,ISCED11_34,Upper secondary general education,TE,Teacher,653,,A,Normal value,0,Units,OBS,Observed,2025,,0,Zero
POL,Poland,WKT_ACT_TCH,Actual teaching time,H_Y,Hours per year,INST_EDU_PUB,Public educational institutions,ISCED11_35,Upper secondary vocational education,TE,Teacher,672,,A,Normal value,0,Units,OBS,Observed,2025,,0,Zero
PRT,Portugal,WKT_ACT_TCH,Actual teaching time,H_Y,Hours per year,INST_EDU_PUB,Public educational institutions,ISCED11_02,Pre-primary education,TE,Teacher,816.87602,,A,Normal value,0,Units,OBS,Observed,2025,,0,Zero
PRT,Portugal,WKT_ACT_TCH,Actual teaching time,H_Y,Hours per year,INST_EDU_PUB,Public educational institutions,ISCED11_24,Lower secondary general education,TE,Teacher,597.4089,,A,Normal value,0,Units,OBS,Observed,2025,,0,Zero
PRT,Portugal,WKT_ACT_TCH,Actual teaching time,H_Y,Hours per year,INST_EDU_PUB,Public educational institutions,ISCED11_34,Upper secondary general education,TE,Teacher,574.99844,,A,Normal value,0,Units,OBS,Observed,2025,,0,Zero
PRT,Portugal,WKT_ACT_TCH,Actual teaching time,H_Y,Hours per year,INST_EDU_PUB,Public educational institutions,ISCED11_25,Lower secondary vocational education,TE,Teacher,597.4089,,A,Normal value,0,Units,OBS,Observed,2025,,0,Zero
PRT,Portugal,WKT_ACT_TCH,Actual teaching time,H_Y,Hours per year,INST_EDU_PUB,Public educational institutions,ISCED11_35,Upper secondary vocational education,TE,Teacher,574.99844,,A,Normal value,0,Units,OBS,Observed,2025,,0,Zero
PRT,Portugal,WKT_ACT_TCH,Actual teaching time,H_Y,Hours per year,INST_EDU_PUB,Public educational institutions,ISCED11_1,Primary education,TE,Teacher,744.2407,,A,Normal value,0,Units,OBS,Observed,2025,,0,Zero
FIN,Finland,WKT_STA_WKT,Total statutory working time,H_Y,Hours per year,INST_EDU_PUB,Public educational institutions,ISCED11_35,Upper secondary vocational education,TE,Teacher,1500,,A,Normal value,0,Units,OBS,Observed,2025,,0,Zero
DEU,Germany,WKT_STA_WKT,Total statutory working time,H_Y,Hours per year,INST_EDU_PUB,Public educational institutions,ISCED11_34,Upper secondary general education,TE,Teacher,1764,,A,Normal value,0,Units,OBS,Observed,2025,,0,Zero
DEU,Germany,WKT_STA_WKT,Total statutory working time,H_Y,Hours per year,INST_EDU_PUB,Public educational institutions,ISCED11_24,Lower secondary general education,TE,Teacher,1764,,A,Normal value,0,Units,OBS,Observed,2025,,0,Zero
DEU,Germany,WKT_STA_WKT,Total statutory working time,H_Y,Hours per year,INST_EDU_PUB,Public educational institutions,ISCED11_02,Pre-primary education,TE,Teacher,1755,,A,Normal value,0,Units,OBS,Observed,2025,,0,Zero
DEU,Germany,WKT_STA_WKT,Total statutory working time,H_Y,Hours per year,INST_EDU_PUB,Public educational institutions,ISCED11_35,Upper secondary vocational education,TE,Teacher,1764,,A,Normal value,0,Units,OBS,Observed,2025,,0,Zero
DEU,Germany,WKT_STA_WKT,Total statutory working time,H_Y,Hours per year,INST_EDU_PUB,Public educational institutions,ISCED11_1,Primary education,TE,Teacher,1764,,A,Normal value,0,Units,OBS,Observed,2025,,0,Zero
NLD,Netherlands,WKT_STA_WKT,Total statutory working time,H_Y,Hours per year,INST_EDU_PUB,Public educational institutions,ISCED11_35,Upper secondary vocational education,TE,Teacher,1659,,A,Normal value,0,Units,OBS,Observed,2025,,0,Zero
NLD,Netherlands,WKT_STA_WKT,Total statutory working time,H_Y,Hours per year,INST_EDU_PUB,Public educational institutions,ISCED11_1,Primary education,TE,Teacher,1659,,A,Normal value,0,Units,OBS,Observed,2025,,0,Zero
NLD,Netherlands,WKT_STA_WKT,Total statutory working time,H_Y,Hours per year,INST_EDU_PUB,Public educational institutions,ISCED11_24,Lower secondary general education,TE,Teacher,1659,,A,Normal value,0,Units,OBS,Observed,2025,,0,Zero
NLD,Netherlands,WKT_STA_WKT,Total statutory working time,H_Y,Hours per year,INST_EDU_PUB,Public educational institutions,ISCED11_02,Pre-primary education,TE,Teacher,1659,,A,Normal value,0,Units,OBS,Observed,2025,,0,Zero
NLD,Netherlands,WKT_STA_WKT,Total statutory working time,H_Y,Hours per year,INST_EDU_PUB,Public educational institutions,ISCED11_25,Lower secondary vocational education,TE,Teacher,1659,,A,Normal value,0,Units,OBS,Observed,2025,,0,Zero
NLD,Netherlands,WKT_STA_WKT,Total statutory working time,H_Y,Hours per year,INST_EDU_PUB,Public educational institutions,ISCED11_34,Upper secondary general education,TE,Teacher,1659,,A,Normal value,0,Units,OBS,Observed,2025,,0,Zero
POL,Poland,WKT_STA_WKT,Total statutory working time,H_Y,Hours per year,INST_EDU_PUB,Public educational institutions,ISCED11_24,Lower secondary general education,TE,Teacher,1440,,A,Normal value,0,Units,OBS,Observed,2025,,0,Zero
POL,Poland,WKT_STA_WKT,Total statutory working time,H_Y,Hours per year,INST_EDU_PUB,Public educational institutions,ISCED11_1,Primary education,TE,Teacher,1440,,A,Normal value,0,Units,OBS,Observed,2025,,0,Zero
POL,Poland,WKT_STA_WKT,Total statutory working time,H_Y,Hours per year,INST_EDU_PUB,Public educational institutions,ISCED11_02,Pre-primary education,TE,Teacher,1728,,A,Normal value,0,Units,OBS,Observed,2025,,0,Zero
POL,Poland,WKT_STA_WKT,Total statutory working time,H_Y,Hours per year,INST_EDU_PUB,Public educational institutions,ISCED11_34,Upper secondary general education,TE,Teacher,1424,,A,Normal value,0,Units,OBS,Observed,2025,,0,Zero
POL,Poland,WKT_STA_WKT,Total statutory working time,H_Y,Hours per year,INST_EDU_PUB,Public educational institutions,ISCED11_35,Upper secondary vocational education,TE,Teacher,1424,,A,Normal value,0,Units,OBS,Observed,2025,,0,Zero
PRT,Portugal,WKT_STA_WKT,Total statutory working time,H_Y,Hours per year,INST_EDU_PUB,Public educational institutions,ISCED11_34,Upper secondary general education,TE,Teacher,1279,,A,Normal value,0,Units,OBS,Observed,2025,,0,Zero
PRT,Portugal,WKT_STA_WKT,Total statutory working time,H_Y,Hours per year,INST_EDU_PUB,Public educational institutions,ISCED11_02,Pre-primary education,TE,Teacher,1324,,A,Normal value,0,Units,OBS,Observed,2025,,0,Zero
PRT,Portugal,WKT_STA_WKT,Total statutory working time,H_Y,Hours per year,INST_EDU_PUB,Public educational institutions,ISCED11_1,Primary education,TE,Teacher,1324,,A,Normal value,0,Units,OBS,Observed,2025,,0,Zero
PRT,Portugal,WKT_STA_WKT,Total statutory working time,H_Y,Hours per year,INST_EDU_PUB,Public educational institutions,ISCED11_25,Lower secondary vocational education,TE,Teacher,1279,,A,Normal value,0,Units,OBS,Observed,2025,,0,Zero
PRT,Portugal,WKT_STA_WKT,Total statutory working time,H_Y,Hours per year,INST_EDU_PUB,Public educational institutions,ISCED11_35,Upper secondary vocational education,TE,Teacher,1279,,A,Normal value,0,Units,OBS,Observed,2025,,0,Zero
PRT,Portugal,WKT_STA_WKT,Total statutory working time,H_Y,Hours per year,INST_EDU_PUB,Public educational institutions,ISCED11_24,Lower secondary general education,TE,Teacher,1279,,A,Normal value,0,Units,OBS,Observed,2025,,0,Zero
ESP,Spain,WKT_STA_WKT,Total statutory working time,H_Y,Hours per year,INST_EDU_PUB,Public educational institutions,ISCED11_34,Upper secondary general education,TE,Teacher,1384.81643,,A,Normal value,0,Units,OBS,Observed,2025,,0,Zero
ESP,Spain,WKT_STA_WKT,Total statutory working time,H_Y,Hours per year,INST_EDU_PUB,Public educational institutions,ISCED11_02,Pre-primary education,TE,Teacher,1384.60092,,A,Normal value,0,Units,OBS,Observed,2025,,0,Zero
ESP,Spain,WKT_STA_WKT,Total statutory working time,H_Y,Hours per year,INST_EDU_PUB,Public educational institutions,ISCED11_35,Upper secondary vocational education,TE,Teacher,1384.81643,,A,Normal value,0,Units,OBS,Observed,2025,,0,Zero
ESP,Spain,WKT_STA_WKT,Total statutory working time,H_Y,Hours per year,INST_EDU_PUB,Public educational institutions,ISCED11_25,Lower secondary vocational education,TE,Teacher,1384.81643,,A,Normal value,0,Units,OBS,Observed,2025,,0,Zero
ESP,Spain,WKT_STA_WKT,Total statutory working time,H_Y,Hours per year,INST_EDU_PUB,Public educational institutions,ISCED11_1,Primary education,TE,Teacher,1384.60092,,A,Normal value,0,Units,OBS,Observed,2025,,0,Zero
ESP,Spain,WKT_STA_WKT,Total statutory working time,H_Y,Hours per year,INST_EDU_PUB,Public educational institutions,ISCED11_24,Lower secondary general education,TE,Teacher,1384.81643,,A,Normal value,0,Units,OBS,Observed,2025,,0,Zero
SWE,Sweden,WKT_STA_WKT,Total statutory working time,H_Y,Hours per year,INST_EDU_PUB,Public educational institutions,ISCED11_35,Upper secondary vocational education,TE,Teacher,1767,,A,Normal value,0,Units,OBS,Observed,2025,,0,Zero
SWE,Sweden,WKT_STA_WKT,Total statutory working time,H_Y,Hours per year,INST_EDU_PUB,Public educational institutions,ISCED11_1,Primary education,TE,Teacher,1767,,A,Normal value,0,Units,OBS,Observed,2025,,0,Zero
SWE,Sweden,WKT_STA_WKT,Total statutory working time,H_Y,Hours per year,INST_EDU_PUB,Public educational institutions,ISCED11_24,Lower secondary general education,TE,Teacher,1767,,A,Normal value,0,Units,OBS,Observed,2025,,0,Zero
SWE,Sweden,WKT_STA_WKT,Total statutory working time,H_Y,Hours per year,INST_EDU_PUB,Public educational institutions,ISCED11_34,Upper secondary general education,TE,Teacher,1767,,A,Normal value,0,Units,OBS,Observed,2025,,0,Zero
FIN,Finland,WKT_STA_WKS,Statutory working time required at school,H_Y,Hours per year,INST_EDU_PUB,Public educational institutions,ISCED11_35,Upper secondary vocational education,TE,Teacher,1125,,A,Normal value,0,Units,OBS,Observed,2025,,0,Zero
PRT,Portugal,WKT_STA_WKS,Statutory working time required at school,H_Y,Hours per year,INST_EDU_PUB,Public educational institutions,ISCED11_35,Upper secondary vocational education,TE,Teacher,811.5,,A,Normal value,0,Units,OBS,Observed,2025,,0,Zero
PRT,Portugal,WKT_STA_WKS,Statutory working time required at school,H_Y,Hours per year,INST_EDU_PUB,Public educational institutions,ISCED11_25,Lower secondary vocational education,TE,Teacher,811.5,,A,Normal value,0,Units,OBS,Observed,2025,,0,Zero
ESP,Spain,WKT_STA_WKS,Statutory working time required at school,H_Y,Hours per year,INST_EDU_PUB,Public educational institutions,ISCED11_25,Lower secondary vocational education,TE,Teacher,1077.0926,,A,Normal value,0,Units,OBS,Observed,2025,,0,Zero
ESP,Spain,WKT_STA_WKS,Statutory working time required at school,H_Y,Hours per year,INST_EDU_PUB,Public educational institutions,ISCED11_35,Upper secondary vocational education,TE,Teacher,1077.0926,,A,Normal value,0,Units,OBS,Observed,2025,,0,Zero
SWE,Sweden,WKT_STA_WKS,Statutory working time required at school,H_Y,Hours per year,INST_EDU_PUB,Public educational institutions,ISCED11_35,Upper secondary vocational education,TE,Teacher,1360,,A,Normal value,0,Units,OBS,Observed,2025,,0,Zero
DEU,Germany,WKT_STA_WKS,Statutory working time required at school,H_Y,Hours per year,INST_EDU_PUB,Public educational institutions,ISCED11_02,Pre-primary education,TE,Teacher,1755,,A,Normal value,0,Units,OBS,Observed,2025,,0,Zero
PRT,Portugal,WKT_STA_WKS,Statutory working time required at school,H_Y,Hours per year,INST_EDU_PUB,Public educational institutions,ISCED11_02,Pre-primary education,TE,Teacher,1034,,A,Normal value,0,Units,OBS,Observed,2025,,0,Zero
ESP,Spain,WKT_STA_WKS,Statutory working time required at school,H_Y,Hours per year,INST_EDU_PUB,Public educational institutions,ISCED11_02,Pre-primary education,TE,Teacher,1111.28465,,A,Normal value,0,Units,OBS,Observed,2025,,0,Zero
SWE,Sweden,WKT_STA_WKS,Statutory working time required at school,H_Y,Hours per year,INST_EDU_PUB,Public educational institutions,ISCED11_02,Pre-primary education,TE,Teacher,1792,,A,Normal value,0,Units,OBS,Observed,2025,,0,Zero
FIN,Finland,WKT_STA_WKS,Statutory working time required at school,H_Y,Hours per year,INST_EDU_PUB,Public educational institutions,ISCED11_24,Lower secondary general education,TE,Teacher,732.66,,A,Normal value,0,Units,OBS,Observed,2025,,0,Zero
PRT,Portugal,WKT_STA_WKS,Statutory working time required at school,H_Y,Hours per year,INST_EDU_PUB,Public educational institutions,ISCED11_24,Lower secondary general education,TE,Teacher,811.5,,A,Normal value,0,Units,OBS,Observed,2025,,0,Zero
ESP,Spain,WKT_STA_WKS,Statutory working time required at school,H_Y,Hours per year,INST_EDU_PUB,Public educational institutions,ISCED11_24,Lower secondary general education,TE,Teacher,1077.0926,,A,Normal value,0,Units,OBS,Observed,2025,,0,Zero
SWE,Sweden,WKT_STA_WKS,Statutory working time required at school,H_Y,Hours per year,INST_EDU_PUB,Public educational institutions,ISCED11_24,Lower secondary general education,TE,Teacher,1360,,A,Normal value,0,Units,OBS,Observed,2025,,0,Zero
FIN,Finland,WKT_STA_WKS,Statutory working time required at school,H_Y,Hours per year,INST_EDU_PUB,Public educational institutions,ISCED11_34,Upper secondary general education,TE,Teacher,680,,A,Normal value,0,Units,OBS,Observed,2025,,0,Zero
PRT,Portugal,WKT_STA_WKS,Statutory working time required at school,H_Y,Hours per year,INST_EDU_PUB,Public educational institutions,ISCED11_34,Upper secondary general education,TE,Teacher,811.5,,A,Normal value,0,Units,OBS,Observed,2025,,0,Zero
ESP,Spain,WKT_STA_WKS,Statutory working time required at school,H_Y,Hours per year,INST_EDU_PUB,Public educational institutions,ISCED11_34,Upper secondary general education,TE,Teacher,1077.0926,,A,Normal value,0,Units,OBS,Observed,2025,,0,Zero
SWE,Sweden,WKT_STA_WKS,Statutory working time required at school,H_Y,Hours per year,INST_EDU_PUB,Public educational institutions,ISCED11_34,Upper secondary general education,TE,Teacher,1360,,A,Normal value,0,Units,OBS,Observed,2025,,0,Zero
FIN,Finland,WKT_STA_WKS,Statutory working time required at school,H_Y,Hours per year,INST_EDU_PUB,Public educational institutions,ISCED11_1,Primary education,TE,Teacher,811.2,,A,Normal value,0,Units,OBS,Observed,2025,,0,Zero
PRT,Portugal,WKT_STA_WKS,Statutory working time required at school,H_Y,Hours per year,INST_EDU_PUB,Public educational institutions,ISCED11_1,Primary education,TE,Teacher,947,,A,Normal value,0,Units,OBS,Observed,2025,,0,Zero
ESP,Spain,WKT_STA_WKS,Statutory working time required at school,H_Y,Hours per year,INST_EDU_PUB,Public educational institutions,ISCED11_1,Primary education,TE,Teacher,1111.28465,,A,Normal value,0,Units,OBS,Observed,2025,,0,Zero
SWE,Sweden,WKT_STA_WKS,Statutory working time required at school,H_Y,Hours per year,INST_EDU_PUB,Public educational institutions,ISCED11_1,Primary education,TE,Teacher,1360,,A,Normal value,0,Units,OBS,Observed,2025,,0,Zero
DEU,Germany,WKT_STA_TCH,Statutory teaching time,D_Y,Days per year,INST_EDU_PUB,Public educational institutions,ISCED11_02,Pre-primary education,TE,Teacher,225,,A,Normal value,0,Units,OBS,Observed,2025,,0,Zero
ESP,Spain,WKT_STA_TCH,Statutory teaching time,D_Y,Days per year,INST_EDU_PUB,Public educational institutions,ISCED11_02,Pre-primary education,TE,Teacher,176,,A,Normal value,0,Units,OBS,Observed,2025,,0,Zero
SWE,Sweden,WKT_STA_TCH,Statutory teaching time,D_Y,Days per year,INST_EDU_PUB,Public educational institutions,ISCED11_02,Pre-primary education,TE,Teacher,224,,A,Normal value,0,Units,OBS,Observed,2025,,0,Zero
DEU,Germany,WKT_STA_TCH,Statutory teaching time,WK_Y,Weeks per year,INST_EDU_PUB,Public educational institutions,ISCED11_02,Pre-primary education,TE,Teacher,46,,A,Normal value,0,Units,OBS,Observed,2025,,0,Zero
ESP,Spain,WKT_STA_TCH,Statutory teaching time,WK_Y,Weeks per year,INST_EDU_PUB,Public educational institutions,ISCED11_02,Pre-primary education,TE,Teacher,37,,A,Normal value,0,Units,OBS,Observed,2025,,0,Zero
SWE,Sweden,WKT_STA_TCH,Statutory teaching time,WK_Y,Weeks per year,INST_EDU_PUB,Public educational institutions,ISCED11_02,Pre-primary education,TE,Teacher,47,,A,Normal value,0,Units,OBS,Observed,2025,,0,Zero
ESP,Spain,WKT_STA_TCH,Statutory teaching time,H_Y,Hours per year,INST_EDU_PUB,Public educational institutions,ISCED11_02,Pre-primary education,TE,Teacher,827.96619,,A,Normal value,0,Units,OBS,Observed,2025,,0,Zero
DEU,Germany,WKT_STA_TCH,Statutory teaching time,D_Y,Days per year,INST_EDU_PUB,Public educational institutions,ISCED11_35,Upper secondary vocational education,TE,Teacher,192.5,,A,Normal value,0,Units,OBS,Observed,2025,,0,Zero
DEU,Germany,WKT_STA_TCH,Statutory teaching time,H_Y,Hours per year,INST_EDU_PUB,Public educational institutions,ISCED11_35,Upper secondary vocational education,TE,Teacher,616.78339,,A,Normal value,0,Units,OBS,Observed,2025,,0,Zero
DEU,Germany,WKT_STA_TCH,Statutory teaching time,WK_Y,Weeks per year,INST_EDU_PUB,Public educational institutions,ISCED11_35,Upper secondary vocational education,TE,Teacher,39.5,,A,Normal value,0,Units,OBS,Observed,2025,,0,Zero
ESP,Spain,WKT_STA_TCH,Statutory teaching time,D_Y,Days per year,INST_EDU_PUB,Public educational institutions,ISCED11_35,Upper secondary vocational education,TE,Teacher,176,,A,Normal value,0,Units,OBS,Observed,2025,,0,Zero
ESP,Spain,WKT_STA_TCH,Statutory teaching time,H_Y,Hours per year,INST_EDU_PUB,Public educational institutions,ISCED11_35,Upper secondary vocational education,TE,Teacher,642.46477,,A,Normal value,0,Units,OBS,Observed,2025,,0,Zero
ESP,Spain,WKT_STA_TCH,Statutory teaching time,WK_Y,Weeks per year,INST_EDU_PUB,Public educational institutions,ISCED11_35,Upper secondary vocational education,TE,Teacher,37,,A,Normal value,0,Units,OBS,Observed,2025,,0,Zero
ESP,Spain,WKT_STA_TCH,Statutory teaching time,D_Y,Days per year,INST_EDU_PUB,Public educational institutions,ISCED11_25,Lower secondary vocational education,TE,Teacher,176,,A,Normal value,0,Units,OBS,Observed,2025,,0,Zero
ESP,Spain,WKT_STA_TCH,Statutory teaching time,H_Y,Hours per year,INST_EDU_PUB,Public educational institutions,ISCED11_25,Lower secondary vocational education,TE,Teacher,642.46477,,A,Normal value,0,Units,OBS,Observed,2025,,0,Zero
ESP,Spain,WKT_STA_TCH,Statutory teaching time,WK_Y,Weeks per year,INST_EDU_PUB,Public educational institutions,ISCED11_25,Lower secondary vocational education,TE,Teacher,37,,A,Normal value,0,Units,OBS,Observed,2025,,0,Zero
DEU,Germany,WKT_STA_TCH,Statutory teaching time,H_Y,Hours per year,INST_EDU_PUB,Public educational institutions,ISCED11_34,Upper secondary general education,TE,Teacher,619.90468,,A,Normal value,0,Units,OBS,Observed,2025,,0,Zero
ESP,Spain,WKT_STA_TCH,Statutory teaching time,H_Y,Hours per year,INST_EDU_PUB,Public educational institutions,ISCED11_34,Upper secondary general education,TE,Teacher,642.46477,,A,Normal value,0,Units,OBS,Observed,2025,,0,Zero
DEU,Germany,WKT_STA_TCH,Statutory teaching time,WK_Y,Weeks per year,INST_EDU_PUB,Public educational institutions,ISCED11_34,Upper secondary general education,TE,Teacher,39.5,,A,Normal value,0,Units,OBS,Observed,2025,,0,Zero
ESP,Spain,WKT_STA_TCH,Statutory teaching time,WK_Y,Weeks per year,INST_EDU_PUB,Public educational institutions,ISCED11_34,Upper secondary general education,TE,Teacher,37,,A,Normal value,0,Units,OBS,Observed,2025,,0,Zero
DEU,Germany,WKT_STA_TCH,Statutory teaching time,D_Y,Days per year,INST_EDU_PUB,Public educational institutions,ISCED11_34,Upper secondary general education,TE,Teacher,192.5,,A,Normal value,0,Units,OBS,Observed,2025,,0,Zero
ESP,Spain,WKT_STA_TCH,Statutory teaching time,D_Y,Days per year,INST_EDU_PUB,Public educational institutions,ISCED11_34,Upper secondary general education,TE,Teacher,176,,A,Normal value,0,Units,OBS,Observed,2025,,0,Zero
DEU,Germany,WKT_STA_TCH,Statutory teaching time,D_Y,Days per year,INST_EDU_PUB,Public educational institutions,ISCED11_24,Lower secondary general education,TE,Teacher,192.5,,A,Normal value,0,Units,OBS,Observed,2025,,0,Zero
ESP,Spain,WKT_STA_TCH,Statutory teaching time,D_Y,Days per year,INST_EDU_PUB,Public educational institutions,ISCED11_24,Lower secondary general education,TE,Teacher,176,,A,Normal value,0,Units,OBS,Observed,2025,,0,Zero
DEU,Germany,WKT_STA_TCH,Statutory teaching time,WK_Y,Weeks per year,INST_EDU_PUB,Public educational institutions,ISCED11_24,Lower secondary general education,TE,Teacher,39.5,,A,Normal value,0,Units,OBS,Observed,2025,,0,Zero
ESP,Spain,WKT_STA_TCH,Statutory teaching time,WK_Y,Weeks per year,INST_EDU_PUB,Public educational institutions,ISCED11_24,Lower secondary general education,TE,Teacher,37,,A,Normal value,0,Units,OBS,Observed,2025,,0,Zero
DEU,Germany,WKT_STA_TCH,Statutory teaching time,H_Y,Hours per year,INST_EDU_PUB,Public educational institutions,ISCED11_24,Lower secondary general education,TE,Teacher,642.32682,,A,Normal value,0,Units,OBS,Observed,2025,,0,Zero
ESP,Spain,WKT_STA_TCH,Statutory teaching time,H_Y,Hours per year,INST_EDU_PUB,Public educational institutions,ISCED11_24,Lower secondary general education,TE,Teacher,642.46477,,A,Normal value,0,Units,OBS,Observed,2025,,0,Zero
DEU,Germany,WKT_STA_TCH,Statutory teaching time,H_Y,Hours per year,INST_EDU_PUB,Public educational institutions,ISCED11_1,Primary education,TE,Teacher,690.79185,,A,Normal value,0,Units,OBS,Observed,2025,,0,Zero
ESP,Spain,WKT_STA_TCH,Statutory teaching time,H_Y,Hours per year,INST_EDU_PUB,Public educational institutions,ISCED11_1,Primary education,TE,Teacher,827.96619,,A,Normal value,0,Units,OBS,Observed,2025,,0,Zero
DEU,Germany,WKT_STA_TCH,Statutory teaching time,WK_Y,Weeks per year,INST_EDU_PUB,Public educational institutions,ISCED11_1,Primary education,TE,Teacher,39.5,,A,Normal value,0,Units,OBS,Observed,2025,,0,Zero
ESP,Spain,WKT_STA_TCH,Statutory teaching time,WK_Y,Weeks per year,INST_EDU_PUB,Public educational institutions,ISCED11_1,Primary education,TE,Teacher,37,,A,Normal value,0,Units,OBS,Observed,2025,,0,Zero
DEU,Germany,WKT_STA_TCH,Statutory teaching time,D_Y,Days per year,INST_EDU_PUB,Public educational institutions,ISCED11_1,Primary education,TE,Teacher,192.5,,A,Normal value,0,Units,OBS,Observed,2025,,0,Zero
ESP,Spain,WKT_STA_TCH,Statutory teaching time,D_Y,Days per year,INST_EDU_PUB,Public educational institutions,ISCED11_1,Primary education,TE,Teacher,176,,A,Normal value,0,Units,OBS,Observed,2025,,0,Zero
