paese,uso_digit_presentazione,uso_digit_percorsi_personalizzati,uso_digit_valutazione,uso_digit_collaborazione_studenti,uso_digit_sostituire_cartaceo,autoeff_supporto_apprendimento,autoeff_individuare_risorse,autoeff_adattare_attivita,autoeff_imparare_nuove_tecnologie,ha_usato_IA_12mesi,ostacolo_carenza_risorse_digitali,ostacolo_internet_insufficiente,form_ricevuta_pedagogia_digitale,form_ricevuta_competenze_tecniche_digitali,form_ricevuta_ICT,form_ricevuta_IA,bisogno_form_pedagogia_digitale,bisogno_form_competenze_tecniche_digitali,bisogno_form_IA
Albania,65.0,53.8,50.5,73.7,40.3,92.3,91.2,88.4,93.5,52.3,41.5,35.0,86.9,81.0,90.5,45.8,13.0,14.8,26.9
Australia,82.9,37.6,57.2,46.3,63.1,78.3,78.2,69.6,76.2,65.8,5.5,1.3,62.5,57.6,69.9,53.8,9.2,11.0,25.8
Austria,58.4,29.1,23.3,25.2,41.4,66.7,72.4,67.9,72.4,39.1,7.2,8.1,62.3,51.3,69.6,34.4,17.0,16.7,28.2
Azerbaijan,38.8,41.1,44.3,43.6,34.1,57.1,55.8,52.9,69.9,58.6,34.4,26.9,64.3,61.1,72.1,51.1,20.1,19.6,21.1
Bahrain,81.2,62.7,68.2,71.4,62.5,88.6,85.6,86.6,89.0,51.8,31.2,39.9,88.7,88.0,92.5,53.2,24.9,25.1,41.7
Belgium,63.0,17.8,27.9,21.1,34.3,62.5,74.4,62.1,64.9,33.2,9.0,11.8,59.3,53.4,67.4,27.3,16.2,17.6,17.1
Flemish Comm. (Belgium),73.0,21.6,38.1,27.7,43.5,76.7,82.7,73.0,72.7,39.5,3.3,3.7,66.8,59.8,75.8,34.5,12.5,13.5,14.0
French Comm. (Belgium),47.1,11.7,11.7,10.6,19.6,40.1,61.4,44.9,52.6,23.1,18.5,25.4,47.3,42.8,53.7,15.5,22.0,23.9,21.9
Brazil,53.9,48.2,46.6,48.6,40.5,83.5,84.8,79.6,86.7,56.1,39.5,48.7,78.5,70.6,82.1,44.7,25.6,26.6,38.6
Bulgaria,59.2,36.7,41.6,43.8,41.3,76.9,76.8,69.7,81.6,22.1,4.4,3.1,81.1,78.8,86.3,26.2,26.8,27.4,24.4
Chile,73.4,33.7,42.8,48.4,52.2,71.8,75.3,70.4,74.0,55.4,21.9,18.6,68.0,60.3,72.7,42.3,29.2,31.0,41.5
Colombia,57.4,43.3,44.9,49.5,46.4,63.8,70.6,64.7,68.3,52.8,61.3,55.1,79.2,71.8,81.8,47.8,29.4,31.1,42.5
Costa Rica,62.2,46.5,58.2,57.6,47.5,71.8,72.0,68.6,71.6,52.0,33.7,47.8,70.2,67.3,76.5,44.1,46.4,48.0,55.4
Croatia,60.9,27.4,28.1,26.3,39.1,65.0,70.3,68.1,72.4,32.5,4.6,1.5,79.5,75.3,85.9,38.0,15.3,15.9,21.1
Cyprus,80.0,31.6,41.7,39.9,60.4,77.0,78.8,72.3,70.7,31.5,6.9,2.8,71.0,64.7,75.6,39.9,21.8,23.3,37.8
Czechia,63.9,33.7,18.8,36.1,43.1,70.4,76.4,69.0,79.9,45.8,6.6,4.6,70.7,64.0,77.0,53.9,17.9,17.9,23.4
Denmark,70.1,62.5,51.4,52.9,61.9,85.1,87.3,84.7,76.7,36.1,10.0,2.9,51.5,37.2,64.4,20.9,11.4,15.7,29.9
Estonia,49.7,17.5,37.8,27.7,31.4,56.5,68.1,52.6,56.5,35.0,9.1,4.1,62.4,59.8,71.1,50.7,16.6,18.8,18.4
Finland,70.7,17.0,46.9,14.4,40.8,59.2,76.9,59.0,54.0,26.9,4.8,3.0,37.0,39.6,49.0,38.3,7.6,7.8,22.8
France,49.5,12.2,18.3,14.3,31.0,44.9,74.2,58.8,61.0,13.5,10.9,7.1,38.2,33.1,44.2,8.9,16.5,18.9,23.9
Hungary,65.8,35.8,45.9,46.2,46.8,83.4,90.3,84.4,89.6,23.1,22.9,16.2,71.9,73.7,79.3,25.4,23.8,26.9,26.8
Iceland,50.9,33.9,64.0,42.7,41.3,68.3,75.3,61.0,85.6,23.8,32.5,3.3,43.0,45.1,52.0,25.4,20.4,18.9,25.7
Israel,63.8,34.7,47.9,45.3,51.3,66.8,65.9,66.6,74.2,44.3,21.2,25.5,77.9,72.6,82.4,52.7,28.9,30.0,40.7
Italy,73.5,41.7,34.6,48.7,51.4,81.7,89.5,83.4,83.9,25.4,9.8,9.8,69.7,74.6,83.6,26.3,14.2,15.7,16.3
Japan,62.1,23.1,37.6,29.5,39.5,45.9,40.3,35.1,36.8,17.4,12.2,16.1,72.6,66.1,76.1,23.6,43.2,43.7,26.0
Kazakhstan,72.3,61.1,70.9,69.6,47.8,75.1,67.9,67.8,81.2,59.0,20.2,21.2,88.3,82.5,92.0,60.4,46.8,46.6,42.6
Korea,66.8,30.8,31.5,36.4,35.9,66.2,64.6,63.0,59.9,42.7,3.7,1.8,81.3,79.6,83.7,61.9,35.8,35.6,33.2
Kosovo,53.3,45.7,38.8,67.6,40.1,84.3,81.4,78.0,79.2,43.1,56.5,47.0,68.5,64.9,74.1,34.2,20.3,19.6,27.2
Latvia,73.6,33.5,58.7,43.9,54.6,85.7,81.6,74.1,68.4,35.3,35.0,13.6,84.0,77.6,88.2,45.6,18.5,21.3,24.3
Lithuania,76.2,38.5,48.2,46.6,60.9,82.5,91.0,79.5,83.8,39.0,25.6,5.3,80.3,71.3,84.7,46.3,29.1,29.0,30.2
Malta,77.6,30.6,40.5,36.0,49.3,72.7,69.9,65.2,66.9,46.0,3.9,6.7,64.1,57.7,69.5,37.4,19.2,19.5,39.0
Montenegro,54.9,39.8,44.4,39.8,43.3,75.7,76.9,77.8,79.6,28.3,9.9,11.1,80.0,76.6,85.6,29.3,22.6,22.6,24.0
Morocco,31.2,17.4,22.4,22.6,23.2,71.9,80.0,72.3,79.7,26.5,62.3,57.1,59.7,54.2,63.6,20.3,53.5,52.6,60.7
North Macedonia,54.9,43.0,37.1,51.3,41.0,74.7,68.7,67.1,75.7,42.2,28.1,13.2,76.3,73.8,82.3,39.9,11.9,13.7,19.1
Poland,65.3,38.9,54.4,33.2,46.7,76.7,77.5,76.5,78.6,45.1,5.8,3.8,78.8,73.8,83.5,45.5,20.4,22.4,27.7
Portugal,72.7,36.4,61.6,42.8,69.7,75.9,90.3,83.2,78.7,30.5,39.0,52.3,70.3,65.9,75.5,26.2,12.2,13.2,34.8
Romania,64.3,43.0,37.8,53.3,47.8,80.6,83.1,80.2,80.6,45.8,29.7,17.3,72.7,69.0,78.5,36.8,23.5,25.2,30.7
Saudi Arabia,82.3,72.7,74.8,76.5,47.0,88.7,86.0,85.2,85.2,42.6,50.6,55.5,87.8,87.9,91.6,54.0,25.7,27.8,39.7
Serbia,54.6,46.8,49.0,42.1,43.6,68.6,67.4,62.2,64.6,29.5,6.6,5.1,72.8,68.0,78.1,28.1,21.3,20.8,24.0
Shanghai (China),82.2,56.9,51.0,56.1,49.3,85.3,82.1,81.0,74.0,53.5,3.1,1.5,90.7,89.8,92.4,56.8,55.4,55.4,54.3
Singapore,75.2,40.6,50.6,54.5,57.1,77.1,75.8,70.8,71.5,74.9,0.0,0.6,89.1,83.2,92.5,75.7,16.9,16.2,31.5
Slovak Republic,66.5,25.2,47.7,31.3,46.3,70.4,72.7,63.4,70.4,29.4,20.2,17.7,69.4,63.4,75.1,25.0,20.3,21.1,22.2
Slovenia,56.0,21.2,16.5,19.5,41.0,54.9,57.8,53.4,69.4,34.6,9.9,3.5,76.4,66.9,81.0,54.7,16.2,18.0,18.2
South Africa,43.2,36.6,36.7,39.5,32.1,65.1,71.4,67.9,77.1,47.9,51.5,55.9,71.2,63.7,75.9,53.1,31.7,34.7,36.3
Spain,71.5,42.1,58.6,47.3,59.6,74.1,80.7,73.1,76.2,35.3,13.0,7.3,81.1,81.3,88.0,26.1,12.5,11.5,29.7
Sweden,62.6,47.2,51.8,27.5,37.2,64.8,70.5,68.9,71.1,31.4,1.3,1.3,40.5,41.2,50.6,30.6,8.9,10.1,25.3
Türkiye,75.8,48.9,58.2,48.4,55.1,86.1,81.0,73.8,74.2,23.8,11.9,13.3,66.5,59.7,70.6,33.1,14.0,16.1,38.0
United Arab Emirates,87.6,74.3,76.8,74.3,68.4,90.3,92.1,89.5,86.2,75.0,18.2,9.7,88.8,86.8,91.7,72.5,17.2,15.1,28.2
United States,77.8,43.8,64.5,48.6,55.2,78.2,75.8,71.5,74.1,42.7,5.1,2.6,71.1,67.7,77.6,46.1,9.2,10.0,21.7
Uzbekistan,65.8,67.0,73.5,69.8,51.3,83.1,78.1,76.8,84.9,62.1,29.0,21.7,87.0,81.8,92.4,57.5,41.8,40.7,32.3
Viet Nam,80.0,58.4,70.3,65.4,61.9,80.8,82.1,74.5,85.3,64.5,26.5,13.4,94.7,89.6,96.2,54.4,58.6,56.3,43.9
OECD average-27,66.0,34.3,44.8,38.2,47.6,70.1,75.2,68.1,71.5,36.3,16.6,13.3,66.5,62.1,73.2,37.7,20.2,21.4,28.5
EU total-22,64.7,33.5,40.3,35.8,46.7,70.0,79.7,72.3,74.7,31.6,12.3,9.2,66.6,63.9,74.1,29.7,16.6,17.8,25.2
TALIS average-49,65.3,40.0,47.0,44.8,47.1,73.6,76.3,70.9,74.8,41.3,20.6,17.4,72.2,67.8,77.9,41.3,23.7,24.4,30.9
Alberta (Canada)*,69.7,32.8,44.3,41.0,43.1,70.7,71.0,65.5,74.1,61.3,9.8,5.2,63.5,56.2,69.1,56.6,8.5,9.9,25.0
Netherlands*,58.7,35.1,37.0,23.6,44.1,60.4,81.7,67.3,72.0,37.2,1.7,0.0,48.9,37.8,54.8,32.1,8.1,7.1,13.1
New Zealand*,75.9,40.2,52.8,45.7,56.8,75.7,76.0,64.7,75.9,68.8,6.2,0.0,62.5,60.2,69.4,51.5,10.0,12.2,22.4
Norway*,84.4,60.3,63.3,59.3,54.6,73.8,89.6,78.1,73.8,39.7,2.1,1.4,62.4,56.9,69.5,46.1,18.5,16.2,44.4
