regione,comune,candidato,classificazione,n_liste,n_csx_core,n_cdx_core,n_amb_csx,n_amb_cdx,n_m5s,n_civ,partiti,liste
ABRUZZO,AVEZZANO,CESAREO ALESSIO,centrodestra,4,0,3,0,0,0,1,"FDI,FI,NM",FRATELLI D'ITALIA | FORZA ITALIA-PPE | NOI MODERATI-PPE | AVEZZANO CITTA' SICURA
ABRUZZO,AVEZZANO,DI PANGRAZIO GIOVANNI,centrodestra,10,0,1,1,1,0,7,"AZIONE,LEGA,UDC",IO STO CON AVEZZANO | AVEZZANO AL CENTRO | AZIONE POLITICA | LEGA | SCELTA LIBERA AVEZZANO | LISTA AZ | IO AMO AVEZZANO | AREE INTERNE | CIVICA PER AVEZZANO | UNIONE DI CENTRO
ABRUZZO,CHIETI,LEGNINI GIOVANNI,centrosinistra,7,2,0,0,0,1,4,"PD,M5S,AVS",PARTITO DEMOCRATICO | CHIETI VIVA CON LEGNINI | SINDACO LEGNINI CHIETI 2026 | MOVIMENTO 5 STELLE | CHIETI PER CHIETI | POLO CIVICO | ALLEANZA VERDI E SINISTRA
ABRUZZO,CHIETI,SICARI CRISTIANO,centrodestra,4,0,3,0,0,0,1,"FI,FDI,NM",FORZA ITALIA-PPE | FRATELLI D'ITALIA | NOI MODERATI-PPE | CHIETI PROGETTO
CALABRIA,CASTROVILLARI,BELLO ERNESTO,centrosinistra,3,1,0,0,0,0,2,PD,PARTITO DEMOCRATICO | PROGRESSISTI PER CASTROVILLARI | DEMOCRATICI PER CV
CALABRIA,CASTROVILLARI,SALERNO EUGENIO,corre_da_solo,1,0,0,0,0,0,1,"",FUTURO CASTROVILLARI
CALABRIA,CROTONE,TROCINO GIUSEPPE,centrosinistra,4,1,0,0,0,1,2,"PD,M5S",CITTA' FUTURA | PARTITO DEMOCRATICO | PER LA NOSTRA CROTONE | MOVIMENTO 5 STELLE
CALABRIA,CROTONE,VOCE VINCENZO,centrodestra,6,0,2,0,0,0,4,"FI,FDI",CRESCERE | PROGETTO IN COMUNE KR | VALORIZZIAMO CROTONE | INSIEME | FORZA ITALIA-PPE - LIBERTA' E' DEMOCRAZIA | FRATELLI D'ITALIA
CALABRIA,PALMI,CALABRIA GIOVANNI,civico_altro,4,0,0,0,0,0,4,"",PARTECIPAZIONE CITTADINA | INSIEME PER PALMI | PALMI MIGLIORE | FARO
CALABRIA,PALMI,CARDONE FRANCESCO,civico_altro,3,0,0,0,0,0,3,"",CARDONE SINDACO | INDIETRO NON SI TORNA | PALMI 365
CALABRIA,REGGIO DI CALABRIA,BATTAGLIA DOMENICO DONATO,centrosinistra,6,3,0,0,0,0,3,"PD,AVS,IV",PARTITO DEMOCRATICO | LA SVOLTA | ALLEANZA VERDI E SINISTRA | AVANTI-PSI - ITALIA VIVA - PRI - CASA RIFORMISTA | RESET | BATTAGLIA SINDACO
CALABRIA,REGGIO DI CALABRIA,CANNIZZARO FRANCESCO,centrodestra,11,0,4,1,1,0,5,"FI,FDI,LEGA,NM,AZIONE,UDC",FORZA ITALIA-PPE | FRATELLI D'ITALIA | CANNIZZARO SINDACO | REGGIO FUTURA | LEGA | ALTERNATIVA POPOLARE | NOI MODERATI-PPE | INSIEME SI PUÒ | AZIONE CON CALENDA | REGGIO PROTAGONISTA | UNIONE DI CENTRO
CALABRIA,SAN GIOVANNI IN FIORE,AMBROGIO MARCO,centrodestra,10,0,2,0,0,0,8,"FI,NM",FORZA ITALIA-PPE | IMPEGNO CIVICO | CONTINUIAMO | AMBROGIO SINDACO | SAN GIOVANNI CAPITALE | PER ROSARIA | FUTURA | VALORE FLORENSE | LA SILA NEL CUORE | NOI MODERATI-PPE
CALABRIA,SAN GIOVANNI IN FIORE,BARILE ANTONIO,corre_da_solo,1,0,0,0,0,0,1,"",BARILE SINDACO
CAMPANIA,AFRAGOLA,GIUSTINO GENNARO,centrosinistra,11,4,0,0,0,1,6,"CASARIF,PD,PIUEUROPA,M5S,AVS",A TESTA ALTA | A VISO APERTO | CASA RIFORMISTA | PARTITO DEMOCRATICO | +EUROPA | LA SVOLTA GIUSTA | NOI DI CENTRO | AFRAGOLA AL CENTRO | MOVIMENTO 5 STELLE | SCELTA DEMOCRATICA | ALLEANZA VERDI E SINISTRA
CAMPANIA,AFRAGOLA,IROSO ALESSANDRA,centrodestra,10,0,4,0,0,0,6,"LEGA,FI,FDI,NM",LEGA | LISTA BIAGIO CASTALDO COERENZA E CORAGGIO | FORZA ITALIA-PPE | NUOVO CDU CRISTIANI DEMOCRATICI UNITI | NUOVA CITTA' | AFRAGOLA LIBERA | FRATELLI D'ITALIA | ALESSANDRA IROSO SINDACO X AFRAGOLA | CANTIERE AFRAGOLA | NOI MODERATI
CAMPANIA,ANGRI,IOZZINO GIUSEPPE,m5s,2,0,0,0,0,1,1,M5S,MOVIMENTO 5 STELLE | IOZZINO SINDACO
CAMPANIA,ANGRI,PEPE MADDALENA,civico_altro,5,0,0,0,0,0,5,"",MADE IN ANGRI | DALLA PARTE GIUSTA | GRANDE ANGRI | CON MADDALENA PEPE SINDACO | FRATELLI PER ANGRI
CAMPANIA,ARIANO IRPINO,CARDINALE ROBERTO,civico_centrosinistra,3,0,0,0,0,0,3,"",HD HIRPINIA DEMOCRATICA | FUTURA ROBERTO CARDINALE | ROBERTO CARDINALE SINDACO  ARIANO SA FARE!
CAMPANIA,ARIANO IRPINO,FERRANTE MARIO NICOLA VITTORIO,centrodestra,5,0,2,1,0,0,2,"AZIONE,FI,FDI",AZIONE CON CALENDA | FORZA ITALIA-PPE | PATTO CIVICO PER ARIANO | FRATELLI D'ITALIA | INSIEME PER ARIANO LIBERI E FORTI
CAMPANIA,ARZANO,EFFICIE ANNUNZIATA,centrodestra,4,0,1,0,0,0,3,FDI,FRATELLI D'ITALIA | ARIA NUOVA PER ARZANO | EFFICIE SINDACO | LIBERI E FORTI PER ARZANO
CAMPANIA,ARZANO,VITAGLIANO GIUSEPPE,centrosinistra,5,1,0,0,0,1,3,"PD,M5S",PROGETTO ARZANO | PARTITO DEMOCRATICO | LE NUOVE GENERAZIONI | MOVIMENTO 5 STELLE | CAMBIAMO ARZANO
CAMPANIA,AVELLINO,FESTA GIANLUCA,civico_centrodestra,4,0,0,0,0,0,4,"",DAVVERO AVELLINO | W LA LIBERTÀ | LIBERI E FORTI | ENJOY AVELLINO
CAMPANIA,AVELLINO,PIZZA NELLO,centrosinistra,6,3,0,1,0,1,1,"PD,PSI,AVS,CASARIF,M5S",PARTITO DEMOCRATICO | AVANTI-PSI - AVELLINO EUROPEA | ALLEANZA VERDI E SINISTRA - AVELLINO CITTÀ PUBBLICA | CASA RIFORMISTA | MOVIMENTO 5 STELLE | NOI DI CENTRO
CAMPANIA,CAMPAGNA,D'AMBROSIO PIERFRANCESCO,civico_altro,4,0,0,0,0,0,4,"",BATTITI PER ME | CAMPAGNA POSSIBILE | CAMPAGNA ATTIVA  A | PER CAMPAGNA
CAMPANIA,CAMPAGNA,MOSCATO LIVIO,civico_centrosinistra,4,0,0,0,0,0,4,"",VISIONE COMUNE | NUOVI ORIZZONTI | CORSO ALTERNATIVO | CAMPAGNA DEMOCRATICA
CAMPANIA,CARDITO,GRIMALDI ALDO,centrosinistra,7,1,0,1,0,1,4,"M5S,PD,AZIONE",CARDITO DEMOCRATICA | CARDITO VIVA | A VISO APERTO CARDITO | MOVIMENTO 5 STELLE | A TESTA ALTA | PARTITO DEMOCRATICO | TERRITORI IN AZIONE CARDITO
CAMPANIA,CARDITO,RAUCCI NUNZIANTE,civico_altro,7,0,0,0,0,0,7,"",CARDITO VALORE COMUNE | NUNZIO SINDACO | CARDITO VERDE | BARRA AL CENTRO 80024 | ITINERARIO | ORIZZONTE COMUNE | SIAMO CARDITO
CAMPANIA,CASALNUOVO DI NAPOLI,NAPPI GIOVANNI,civico_altro,4,0,0,0,0,0,4,"",LA CITTA' CHE VOGLIAMO | SINISTRAMENTE PARLANDO | NAPPI SINDACO | A TESTA ALTA
CAMPANIA,CASALNUOVO DI NAPOLI,ROMANO NICOLETTA,centrodestra,13,0,1,0,0,0,12,FI,CASALNUOVO LIBERA | IL QUADRIFOGLIO | CASALNUOVO IN MOVIMENTO | CASALNUOVO NEL CUORE | UNITI PER CASALNUOVO CITTA' LAB | PRIMA CASALNUOVO | MOVIMENTO CIVICO CASALNUOVO COCCINELLA | VIVERE CASALNUOVO | DEMOCRAZIA E LIBERTA' | CASALNUOVO AL CENTRO | IL GIGLIO LEGALITA' E GIUSTIZIA | OBLO' | FORZA ITALIA-PPE
CAMPANIA,CAVA DE' TIRRENI,GIORDANO RAFFAELE,centrodestra,6,0,3,0,0,0,3,"FDI,FI,NM",SIAMO CAVESI | FRATELLI D'ITALIA | FORZA ITALIA-PPE | NOI MODERATI | LE FRAZIONI AL CENTRO | PRIMA CAVA
CAMPANIA,CAVA DE' TIRRENI,PETRONE LUIGI,civico_altro,2,0,0,0,0,0,2,"",LA FRATELLANZA | NUOVI ORIZZONTI
CAMPANIA,ERCOLANO,GARZIA ANTONIETTA,centrosinistra,8,3,0,1,0,1,3,"PD,CASARIF,M5S,PSI,AVS",PARTITO DEMOCRATICO | CASA RIFORMISTA | MOVIMENTO 5 STELLE | SI RIPARTE DA HERCULANEUM | PROGETTO CIVICO ITALIA PER ERCOLANO | AVANTI-PSI - NUOVO CDU CRISTIANI DEMOCRATICI UNITI | PER LE PERSONE E LA COMUNITA' | ALLEANZA VERDI E SINISTRA
CAMPANIA,ERCOLANO,SABBARESE PIETRO,civico_centrosinistra,3,0,0,1,0,0,2,AZIONE,ERCOLANO IN AZIONE | CON SABBARESE SINDACO | ANGOLO CIVICO
CAMPANIA,FRATTAMAGGIORE,D'AMBROSIO GIUSEPPE,centrodestra,3,0,2,0,1,0,0,"FI,FDI,DC",FORZA ITALIA-PPE | FRATELLI D'ITALIA | DC DEMOCRAZIA CRISTIANA
CAMPANIA,FRATTAMAGGIORE,PEZZELLA DANIELA,civico_altro,2,0,0,0,0,0,2,"",CITTA' NOSTRA | FRATTAMAGGIORE CAMBIA
CAMPANIA,MARCIANISE,IODICE MARIA LUIGIA,centrosinistra,8,2,0,1,0,1,4,"PD,M5S,AVS,PSI",MARCIANISE SUL SERIO | PARTITO DEMOCRATICO | MOVIMENTO 5 STELLE | ALLEANZA VERDI E SINISTRA | AGIRE LIBERI | A TESTA ALTA | VIVILA MARCIANISE | AVANTI-PSI
CAMPANIA,MARCIANISE,VELARDI ANTONELLO,civico_centrodestra,5,0,0,0,0,0,5,"",IMPEGNO PER MARCIANISE | FRATELLI DI MARCIANISE | LIBERI E FORTI | MARCIANISE AL CENTRO | FORZA MARCIANISE
CAMPANIA,MELITO DI NAPOLI,CHIANTESE GIUSEPPE,civico_altro,4,0,0,0,0,0,4,"",PRESENTE CON MELITO | ORA MELITO CHIANTESE SINDACO | PIU' MELITO | GC GOVERNO CIVICO
CAMPANIA,MELITO DI NAPOLI,PELLECCHIA DOMINIQUE,centrosinistra,8,1,0,0,0,1,6,"PD,M5S",PARTITO DEMOCRATICO | FREE MELITO | CON MELITO | MOVIMENTO 5 STELLE | UN PATTO PER MELITO | A TESTA ALTA | PER LE PERSONE E LA COMUNITA' | NUOVO CDU CRISTIANI DEMOCRATICI UNITI
CAMPANIA,MUGNANO DI NAPOLI,ROMAGNUOLO ANIELLO,civico_altro,2,0,0,0,0,0,2,"",PERIFERIA ATTIVA | AGORA' 80018
CAMPANIA,MUGNANO DI NAPOLI,SCHIATTARELLA PIERLUIGI,centrosinistra,7,3,0,0,0,0,4,"AVS,CASARIF,PD",A TESTA ALTA | SCHIATTARELLA SINDACO | EUROPA VERDE | CASA RIFORMISTA | PARTITO DEMOCRATICO | SIAMO MUGNANO AL CENTRO | MUGNANO CITTA' VIVA
CAMPANIA,OTTAVIANO,MARIGLIANO GIORGIO,civico_centrodestra,4,0,0,0,0,0,4,"",INSIEME PER IL TERRITORIO | TERRA NOSTRA | ORGOGLIO ZABATTA | IDENTITA' E FUTURO
CAMPANIA,OTTAVIANO,PRISCO STEFANO,centrosinistra,4,1,0,1,0,0,2,"PD,PSI",PER OTTAVIANO | LA GINESTRA | PARTITO DEMOCRATICO | PSI
CAMPANIA,POMPEI,ALFANO SALVATORE,centrosinistra,9,1,0,0,0,1,7,"PD,M5S",PARTITO DEMOCRATICO | PROGRAMMA DEMOCRATICO | VIVIAMO POMPEI | I CRISTIANO DEMOCRATICI | NUOVA POMPEI | POMPEI RICOMINCIA | MOVIMENTO 5 STELLE | PATTO PER POMPEI | RP RINASCITA POMPEI 2026
CAMPANIA,POMPEI,TORTORA GIUSEPPE,civico_altro,7,0,0,0,0,0,7,"",I POMPEIANI | POMPEI GIOVANI | ALLEATI PER POMPEI | TORTORA GIUSEPPE SINDACO | INSIEME PER IL FUTURO | AP ALTERNATIVA POMPEIANA | NOI DI POMPEI
CAMPANIA,PORTICI,FARRONI FERNANDO,centrosinistra,9,1,0,0,0,1,7,"CASARIF,M5S",CASA RIFORMISTA | FERNANDO FARRONI SINDACO | MOVIMENTO 5 STELLE | SU' PORTICI 2026 | ATTIVAMENTE | NOI DI CENTRO | SINISTRA E AMBIENTE | RIBALTA | COMUNITA' E PASSIONE OLTRE
CAMPANIA,PORTICI,TEODONNO CLAUDIO,centrosinistra,8,2,0,1,0,0,5,"PD,PSI,AVS",A TESTA ALTA | PARTITO DEMOCRATICO | PORTICI NEL CUORE | IL CITTADINO | PORTICI LIBERA | PROGETTO PORTICI - AVANTI-PSI | PER LE PERSONE E LA COMUNITA' | EUROPA VERDE
CAMPANIA,SALERNO,DE LUCA VINCENZO,centrosinistra,7,0,0,1,1,0,5,"PSI,DC",PROGRESSISTI PER SALERNO | A TESTA ALTA | SALERNO PER I GIOVANI | AVANTI-PSI | CRISTIANI DEMOCRATICI | DAVVERO ECOLOGIA & DIRITTI | DC DEMOCRAZIA CRISTIANA - INSIEME PER SALERNO
CAMPANIA,SALERNO,LANOCITA FRANCESCO,centrosinistra,3,1,0,0,0,1,1,"AVS,M5S",ALLEANZA VERDI E SINISTRA | MOVIMENTO 5 STELLE | SALERNO DEMOCRATICA
CAMPANIA,SAN GIORGIO A CREMANO,CARBONE MICHELE,centrosinistra,10,3,0,1,0,0,6,"PD,AVS,CASARIF,PSI",PARTITO DEMOCRATICO | PROGETTO SAN GIORGIO | ORA | CIVICI E PROGRESSISTI | ALLEANZA VERDI E SINISTRA - CENTO PASSI | CASA RIFORMISTA | PER LE PERSONE E LA COMUNITA' | A TESTA ALTA | QUARTIERE MIO | AVANTI-PSI
CAMPANIA,SAN GIORGIO A CREMANO,NOLA PATRIZIA,m5s,1,0,0,0,0,1,0,M5S,MOVIMENTO 5 STELLE
CAMPANIA,SAN NICOLA LA STRADA,NATALE MARIA,centrosinistra,7,1,0,1,0,1,4,"PSI,PD,M5S",AVANTI-PSI | OLTRE | PARTITO DEMOCRATICO | DEMOCRATICI PER SAN NICOLA | IMPEGNO CIVICO SAN NICOLA LA STRADA | MOVIMENTO 5 STELLE | MOVIMENTO CIVICO X SAN NICOLA
CAMPANIA,SAN NICOLA LA STRADA,SANTUCCI ELIGIA,civico_altro,3,0,0,0,0,0,3,"",FORZA SAN NICOLA | MOVIMENTO STRADA NUOVA | UNITI PER SAN NICOLA SUL SERIO
CAMPANIA,SANT'ANASTASIA,CASERTA MARIANO,centrosinistra,8,1,0,1,0,0,6,"PD,PSI",PATTO DEI VALORI | MARIANO CASERTA SINDACO | PARTITO DEMOCRATICO | INSIEME | SANT'ANASTASIA LIBERA | SVOLTA ANASTASIANA | AVANTI-PSI - NUOVO CDU CRISTIANI DEMOCRATICI UNITI | SANT’ANASTASIA CIVICA 2.0
CAMPANIA,SANT'ANASTASIA,ESPOSITO CARMINE,civico_altro,4,0,0,0,0,0,4,"",CUORE ANASTASIANO | SÌAMO ANASTASIANI | AGIRE CON CARMINE ESPOSITO | SANT'ANASTASIA PRIMA DI TUTTO
CAMPANIA,SAVIANO,ALLOCCA GIUSEPPE,civico_altro,2,0,0,0,0,0,2,"",SAVIANO POPOLARE | SAVIANO DEMOCRATICA
CAMPANIA,SAVIANO,FRANCO GIUSEPPE,civico_centrosinistra,3,0,0,0,0,0,3,"",NUOVO CDU CRISTIANI DEMOCRATICI UNITI | ORIZZONTE SAVIANO | AMA SAVIANO
CAMPANIA,SOMMA VESUVIANA,GRANATO ANTONIO,civico_altro,6,0,0,0,0,0,6,"",FORZA SOMMA | A VISO APERTO | FRATELLI PER SOMMA VESUVIANA | SOMMA MODERATA | OBLO' PER SOMMA | SOMMA NOVA
CAMPANIA,SOMMA VESUVIANA,SVANERA SILVIA,centrosinistra,7,2,0,1,0,1,3,"PD,M5S,PSI,AVS",NOI | A TESTA ALTA | PARTITO DEMOCRATICO | MOVIMENTO 5 STELLE | AVANTI-PSI - NUOVO CDU CRISTIANI DEMOCRATICI UNITI | PER LE PERSONE E LA COMUNITA' | ALLEANZA VERDI E SINISTRA
CAMPANIA,SORRENTO,FATTORUSSO CORRADO,civico_altro,3,0,0,0,0,0,3,"",SIAMO SORRENTO | SORRENTO FUTURA | TERRA MIA
CAMPANIA,SORRENTO,PINTO FERDINANDO,civico_altro,3,0,0,0,0,0,3,"",SORRENTO RIALZATI | NOI SORRENTO | SORRENTO D'AMARE
CAMPANIA,TERZIGNO,CARILLO SALVATORE,civico_altro,5,0,0,0,0,0,5,"",TERZIGNO FUTURA | TERZIGNO RINASCE | RADICI E FUTURO | FORZA TERZIGNO | SALVATORE NDOLONE SINDACO
CAMPANIA,TERZIGNO,FALCIANO GENNY,centrosinistra,4,1,0,0,0,0,3,CASARIF,CASA RIFORMISTA | TERZIGNO DEMOCRATICA | CON GENNY FALCIANO SINDACO | TERZIGNO NEL CUORE
CAMPANIA,TRENTOLA DUCENTA,APICELLA MICHELE,civico_centrosinistra,6,0,0,0,0,0,6,"",LA CITTA' CHE CRESCE | TRENTOLA DUCENTA ADESSO | C'E' COMUNITA' PER TRENTOLA DUCENTA | TRENTOLA DUCENTA RIFORMISTA E LIBERALE | EVOLUZIONE | DISEGNAMO IL DOMANI
CAMPANIA,TRENTOLA DUCENTA,GRIFFO MICHELE,civico_centrosinistra,6,0,0,0,0,0,6,"",INSIEME POSSIAMO | PROGETTO PER TRENTOLA DUCENTA | PROGRESSISTI PER LA CITTA' | TRENTOLA DUCENTA FUTURA | INSIEME PER LA CITTA' | A TESTA ALTA
EMILIA-ROMAGNA,CERVIA,BOSCHETTI MIRKO,centrosinistra,6,2,0,0,0,1,3,"PD,AVS,M5S",PARTITO DEMOCRATICO | PER CERVIA | PARTITO REPUBBLICANO ITALIANO | ALLEANZA VERDI E SINISTRA | MOVIMENTO 5 STELLE | CERVIA FARE COMUNE
EMILIA-ROMAGNA,CERVIA,DELORENZI MARCO,centrodestra,3,0,2,0,0,0,1,"FDI,FI",FRATELLI D'ITALIA | FORZA ITALIA-PPE | PATTO PER IL NORD
EMILIA-ROMAGNA,COMACCHIO,BELLOTTI SAMUELE,centrodestra,7,0,4,0,1,0,2,"FDI,FI,LEGA,NM,UDC",FRATELLI D'ITALIA | UN PONTE PER COMACCHIO | 7 LIDI | FORZA ITALIA-PPE | LEGA | NOI MODERATI-PPE | UNIONE DI CENTRO
EMILIA-ROMAGNA,COMACCHIO,CAVALIERI FOSCHINI WALTER,centrosinistra,3,1,0,0,0,0,2,AVS,IO VOTO | SI PUO' | ALLEANZA VERDI E SINISTRA - POSSIBILE
EMILIA-ROMAGNA,FAENZA,ISOLA MASSIMO,centrosinistra,5,2,0,0,0,1,2,"PD,AVS,M5S",PARTITO DEMOCRATICO | FAENZA CRESCE | FAENZA POP | ¡FAI! - ALLEANZA VERDI E SINISTRA - PSI | MOVIMENTO 5 STELLE
EMILIA-ROMAGNA,FAENZA,PADOVANI GABRIELE,centrodestra,5,0,2,0,0,0,3,"FDI,NM",FAENZA INSIEME | FRATELLI D'ITALIA | AREA LIBERALE | NOI MODERATI-PPE | PARTITO POPOLARE DEL NORD AUTONOMIA E LIBERTA'
EMILIA-ROMAGNA,IMOLA,PANIERI MARCO,centrosinistra,4,3,0,0,0,0,1,"PD,AVS,CASARIF",PARTITO DEMOCRATICO | IMOLA CORRE | ALLEANZA VERDI E SINISTRA - POSSIBILE | CASA RIFORMISTA - AVANTI-PSI - RIFORMISTI PER IMOLA
EMILIA-ROMAGNA,IMOLA,VACCHI NICOLAS,centrodestra,3,0,2,0,1,0,0,"FDI,FI,DC",FRATELLI D'ITALIA | FORZA ITALIA-PPE | DC DEMOCRAZIA CRISTIANA - CIVICA
EMILIA-ROMAGNA,VIGNOLA,MURATORI EMILIA,centrosinistra,5,2,0,0,0,1,2,"PD,AVS,M5S",PARTITO DEMOCRATICO | MURATORI SINDACA UNA COMUNITA' CHE CRESCE | ALLEANZA VERDI E SINISTRA - POSSIBILE | PROGETTO CIVICO VIGNOLA | MOVIMENTO 5 STELLE
EMILIA-ROMAGNA,VIGNOLA,PASINI ANGELO,centrodestra,5,0,3,0,0,0,2,"FDI,FI,LEGA",FRATELLI D'ITALIA | VIGNOLA PER TUTTI | ANGELO PASINI SINDACO | FORZA ITALIA-PPE | LEGA
LAZIO,ALBANO LAZIALE,ANDREASSI LUCA,civico_altro,2,0,0,0,0,0,2,"",LABORATORIO ALBANO | ALBANO DEI QUARTIERI
LAZIO,ALBANO LAZIALE,BORELLI MASSIMILIANO,centrosinistra,6,3,0,0,0,1,2,"PD,AVS,M5S,CASARIF",PARTITO DEMOCRATICO | ALLEANZA VERDI E SINISTRA | MOVIMENTO 5 STELLE | CASA RIFORMISTA | PASSIONE CIVICA | IDENTITA' E BENE COMUNE
LAZIO,ANGUILLARA SABAZIA,GERMOGLI SANDRA,corre_da_solo,1,0,0,0,0,0,1,"",ITALIA DEI DIRITTI
LAZIO,ANGUILLARA SABAZIA,PIZZIGALLO ANGELO,centrodestra,3,0,3,0,0,0,0,"FI,LEGA,FDI",FORZA ITALIA-PPE - INSIEME PER ANGUILLARA | LEGA | FRATELLI D'ITALIA
LAZIO,ARICCIA,LA LEGGIA GIORGIA,centrosinistra,4,1,0,1,0,0,2,"PD,PSI",PARTITO DEMOCRATICO | IO SCELGO ARICCIA DOMANI | AGIRE INSIEME  PER ARICCIA | AVANTI-PSI - CIVICA
LAZIO,ARICCIA,STACCOLI GIANLUCA,centrodestra,6,0,4,0,0,0,2,"FDI,FI,LEGA,NM",STACCOLI SINDACO | STACCOLI INNOVA | FRATELLI D'ITALIA | FORZA ITALIA-PPE | LEGA | NOI MODERATI-PPE
LAZIO,CIVITA CASTELLANA,CORAZZA DANILO,centrosinistra,3,1,0,0,0,0,2,PD,PARTITO DEMOCRATICO | PER CIVITA CON DANILO SINDACO | CIVITONICI
LAZIO,CIVITA CASTELLANA,PARROCCINI CLAUDIO,centrodestra,4,0,1,0,0,0,3,LEGA,LISTA CIVICA PARROCCINI SINDACO | FORZA ITALIA-PPE - UNIONE DI CENTRO - LEGA | CIVITA TRICOLORE | DIMENSIONE CIVITA
LAZIO,COLLEFERRO,ARCARI STEFANO,centrodestra,2,0,1,0,0,0,1,FDI,FRATELLI D'ITALIA | COLLEFERRO PROTAGONISTA
LAZIO,COLLEFERRO,CALAMITA GIULIO,centrosinistra,6,2,0,0,0,1,3,"PD,M5S,AVS",PARTITO DEMOCRATICO | IL CASTELLO CON CALAMITA | PER CALAMITA INSIEME PER I CITTADINI | LA CITTA' | MOVIMENTO 5 STELLE | ALLEANZA VERDI E SINISTRA
LAZIO,FONDI,CARNEVALE VINCENZO,centrodestra,5,0,1,0,0,0,4,FI,LITORALE & SVILUPPO FONDANO | FORZA ITALIA-PPE | FONDI AZZURRA | IO SI | NOI PER FONDI
LAZIO,FONDI,VENDITTI SALVATORE,centrosinistra,2,1,0,0,0,1,0,"M5S,PD",MOVIMENTO 5 STELLE | FONDI PROGRESSISTA-PARTITO DEMOCRATICO-ALLEANZA VERDI E SINISTRA
LAZIO,GENZANO DI ROMA,PAPALIA ROCCO FABIO,centrodestra,5,0,4,0,0,0,1,"FDI,FI,LEGA,NM",FRATELLI D'ITALIA | GENZANO RISORGE | FORZA ITALIA-PPE | LEGA | NOI MODERATI-PPE
LAZIO,GENZANO DI ROMA,ZOCCOLOTTI CARLO,centrosinistra,6,2,0,0,0,1,3,"PD,AVS,M5S",PARTITO DEMOCRATICO | ALLEANZA VERDI E SINISTRA | MOVIMENTO 5 STELLE | GENZANO PRIMA DI TUTTO | LISTA GRAMSCI | NOI DOMANI GENZANO
LAZIO,SANTA MARINELLA,GASPARRI DAMIANO,centrodestra,4,0,2,0,0,0,2,"LEGA,FDI",LEGA - UNIONE DI CENTRO | FRATELLI D'ITALIA | FUTURA | GASPARRI SINDACO
LAZIO,SANTA MARINELLA,MINGHELLA EMANUELE,centrosinistra,6,2,0,0,0,0,4,"CASARIF,PD",CITTADINI AL CENTRO | CASA RIFORMISTA | MINGHELLA SINDACO SPAZIO MODERATO | PARTITO DEMOCRATICO | PROGETTO CIVICO ITALIA | LISTA TIDEI
LAZIO,ZAGAROLO,BONINI MARCO,centrodestra,4,0,3,0,0,0,1,"FDI,LEGA,FI",FRATELLI D'ITALIA | ZAGAROLO PER PASSIONE | LEGA | FORZA ITALIA - ZAGAROLO VINCE
LAZIO,ZAGAROLO,PANZIRONI EMANUELA,centrosinistra,6,2,0,0,0,0,4,"AVS,PD",ALLEANZA VERDI E SINISTRA - ZAGAROLO DEI DIRITTI | PARTITO DEMOCRATICO | ZAGAROLO NEL CUORE | ZAGAROLO FUTURA | VALLE MARTELLA E COLLI UNITI | ZAGAROLO UNICO COLLE
LOMBARDIA,BOLLATE,BONIARDI FABIO MASSIMO,centrodestra,4,0,3,0,0,0,1,"FDI,LEGA,FI",FRATELLI D'ITALIA | LEGA | FORZA ITALIA-PPE - UNIONE DI CENTRO | BOLLATE AL CENTRO
LOMBARDIA,BOLLATE,NIZZOLA CAROLINA MARIA,centrosinistra,6,2,0,0,0,1,3,"PD,AVS,M5S",PARTITO DEMOCRATICO | ALLEANZA VERDI E SINISTRA | PIANO B | UNITI PER BOLLATE | MOVIMENTO 5 STELLE | RIFORMISTI PER BOLLATE
LOMBARDIA,CORSICO,VENTURA STEFANO MARTINO,centrosinistra,5,2,0,0,0,1,2,"PD,M5S,AVS",PARTITO DEMOCRATICO | CORSICO GRANDE | INSIEME PER CORSICO | MOVIMENTO 5 STELLE | ALLEANZA VERDI E SINISTRA
LOMBARDIA,CORSICO,ZUCCHERINI GIANMARCO,centrodestra,5,0,4,0,0,0,1,"FDI,FI,LEGA,NM",FRATELLI D'ITALIA | CORSICO AL CENTRO | FORZA ITALIA-PPE | LEGA | NOI MODERATI
LOMBARDIA,LECCO,BOSCAGLI FILIPPO,centrodestra,4,0,3,0,0,0,1,"FDI,LEGA,FI",FRATELLI D'ITALIA | FILIPPO BOSCAGLI SINDACO DI LECCO | LEGA | FORZA ITALIA-PPE
LOMBARDIA,LECCO,GATTINONI MAURO,centrosinistra,4,2,0,0,0,0,2,"PD,AVS",PARTITO DEMOCRATICO | FATTORE LECCO | ALLEANZA VERDI E SINISTRA | AMBIENTALMENTE LECCO
LOMBARDIA,LEGNANO,ALMICI MARIO,centrodestra,4,0,3,0,0,0,1,"FDI,FI,LEGA",FRATELLI D'ITALIA | FORZA ITALIA-PPE | LEGA | LEGNANO IDEALE
LOMBARDIA,LEGNANO,RADICE LORENZO,centrosinistra,4,1,0,0,0,0,3,PD,PARTITO DEMOCRATICO | INSIEME PER LEGNANO - LEGNANO POPOLARE | FARE CENTRO | RI LEGNANO
LOMBARDIA,LONATO DEL GARDA,BIANCHI NICOLA,centrodestra,4,0,4,0,0,0,0,"FDI,LEGA,NM,FI",FRATELLI D'ITALIA | LEGA | NOI CON LONATO DEL GARDA - NOI MODERATI-PPE | FORZA ITALIA-PPE
LOMBARDIA,LONATO DEL GARDA,SIGURTA' DAVIDE,centrosinistra,3,2,0,0,0,0,1,"PD,AVS",PARTITO DEMOCRATICO | MOVIMENTO 5 STELLE - ALLEANZA VERDI E SINISTRA - LONATO INSIEME | ONDA CIVICA
LOMBARDIA,MANTOVA,MURARI ANDREA,centrosinistra,5,2,0,1,0,0,2,"PD,AVS,AZIONE","PARTITO DEMOCRATICO | # LISTA GIALLA | ALLEANZA VERDI E SINISTRA | MANTOVA, ADESSO | AZIONE - CIVICI"
LOMBARDIA,MANTOVA,ZANCUOGHI RAFFAELE,centrodestra,4,0,4,0,0,0,0,"FDI,FI,LEGA,NM",FRATELLI D'ITALIA | FORZA ITALIA-PPE - UNIONE DI CENTRO - MANTOVA CIVICA | LEGA | NOI MODERATI
LOMBARDIA,MORTARA,FARINA FABIO,corre_da_solo,1,0,0,0,0,0,1,"",SVEGLIA MORTARA
LOMBARDIA,MORTARA,TESTA VITTORIO,centrodestra,6,0,4,0,0,0,2,"LEGA,FDI,NM,FI",LEGA | FRATELLI D'ITALIA | NOI MODERATI - CIVICI E INDIPENDENTI | FORZA ITALIA-PPE | LOMBARDIA IDEALE | VIVIAMO MORTARA
LOMBARDIA,PARABIAGO,SARTORI GIACOMO,civico_altro,3,0,0,0,0,0,3,"",RIPARABIAGO | PARABIAGO DOMANI | PARABIAGO AL CENTRO
LOMBARDIA,PARABIAGO,SLAVAZZA MARIA ENRICA,centrodestra,4,0,3,0,0,0,1,"FDI,LEGA,FI",FRATELLI D'ITALIA | LEGA | FORZA ITALIA-PPE | PATTO CIVICO PER PARABIAGO
LOMBARDIA,ROVATO,BERGO VALENTINA,centrodestra,5,0,4,0,0,0,1,"FDI,LEGA,FI,NM",FRATELLI D'ITALIA | LEGA | CIVICA BELOTTI PER ROVATO | FORZA ITALIA-PPE | NOI MODERATI - UNIONE DI CENTRO - DC - NOI SIAMO ROVATO
LOMBARDIA,ROVATO,MARINI GABRIELLA GIUSEPPINA,civico_altro,2,0,0,0,0,0,2,"",ROVATO VIVIBILE | ROVATO CHE CRESCE
LOMBARDIA,SEGRATE,ALESSANDRINI ADRIANO,centrodestra,4,0,3,0,0,0,1,"FDI,FI,LEGA",AMIAMO SEGRATE | FRATELLI D'ITALIA | FORZA ITALIA-PPE | LEGA
LOMBARDIA,SEGRATE,DI CHIO FRANCESCO,centrosinistra,5,2,0,0,0,0,3,"PD,AVS",PARTITO DEMOCRATICO | FRANCESCO DI CHIO SINDACO | LISTA PAOLO MICHELI SEGRATE NOSTRA | SEGRATE AL CENTRO | ALLEANZA VERDI E SINISTRA
LOMBARDIA,SOMMA LOMBARDO,ALIPRANDINI STEFANO,centrosinistra,4,1,0,0,0,0,3,PD,PARTITO DEMOCRATICO | SINISTRA PER SOMMA | SOMMA FUTURA | CIVICI PER SOMMA
LOMBARDIA,SOMMA LOMBARDO,PEZZOTTA SILVIO,centrodestra,6,0,4,0,1,0,1,"FDI,FI,LEGA,UDC,NM",FRATELLI D'ITALIA | FORZA ITALIA-PPE | LEGA | UNIONE DI CENTRO | FUTURO PER SOMMA NOI MODERATI | UNITI PER SOMMA
LOMBARDIA,VIADANA,AZZI MARA,centrodestra,5,0,3,0,0,0,2,"FI,LEGA,NM",FORZA ITALIA-PPE  - AZZURRI IN MOVIMENTO | VIADANA IN SALUTE | IL GRANDE FIUME | LEGA | VIADANA DAVVERO - NOI MODERATI
LOMBARDIA,VIADANA,CAVATORTA NICOLA,centrodestra,3,0,1,0,0,0,2,FDI,FRATELLI D'ITALIA | VIADANA IN TESTA | LEGALITA' E TERRITORIO
LOMBARDIA,VIGEVANO,BURATTI ROSSELLA,centrosinistra,7,4,0,0,0,1,2,"PD,AVS,M5S,PRC,CASARIF",PARTITO DEMOCRATICO | POLO LAICO | VIGEVANO SÌCURA | ALLEANZA VERDI E SINISTRA | MOVIMENTO 5 STELLE | VIGEVANO BENE COMUNE - RIFONDAZIONE COMUNISTA | CASA RIFORMISTA
LOMBARDIA,VIGEVANO,PREVIDE MASSARA PAOLO,centrodestra,2,0,1,0,0,0,1,FI,FORZA ITALIA-PPE | LAB 27029 CON PAOLO
LOMBARDIA,VOGHERA,BERGONZI PERRONE MARCELLO,centrosinistra,6,4,0,1,0,1,0,"PD,AZIONE,M5S,AVS,PRC,CASARIF",PARTITO DEMOCRATICO | AZIONE CON CALENDA - CIVICI | MOVIMENTO 5 STELLE | ALLEANZA VERDI E SINISTRA | RIFONDAZIONE COMUNISTA | CASA RIFORMISTA
LOMBARDIA,VOGHERA,GARLASCHELLI PAOLA,centrodestra,6,0,3,0,1,0,2,"LEGA,FI,FDI,UDC",LEGA | FORZA ITALIA-PPE | FRATELLI D'ITALIA | UNIONE DI CENTRO | NOI CITTADINI | GIOVANI PER VOGHERA
MARCHE,FERMO,MALVATANI ANGELICA,centrosinistra,5,2,0,0,0,1,2,"PD,AVS,M5S",PARTITO DEMOCRATICO | LA CITTA' CHE VOGLIAMO | ALLEANZA VERDI E SINISTRA | PROGETTO RIFORMISTA UNA NUOVA STORIA | MOVIMENTO 5 STELLE
MARCHE,FERMO,SCARFINI ALBERTO MARIA,civico_altro,5,0,0,0,0,0,5,"",PIAZZA PULITA | INSIEME PER FERMO | NON MI FERMO | COMITATO CITTADINO FERMO FORTE | PER LA NOSTRA CITTA'
MARCHE,MACERATA,PARCAROLI SANDRO,centrodestra,6,0,4,0,1,0,1,"FDI,LEGA,FI,UDC,NM",FRATELLI D'ITALIA | LEGA - CIVICI PER PARCAROLI | FORZA ITALIA-PPE | I MACERATESI PER PARCAROLI | UNIONE DI CENTRO | NOI MODERATI-PPE - CIVICI MACERATA
MARCHE,MACERATA,TITTARELLI GIANLUCA,centrosinistra,7,3,0,0,0,1,3,"PD,M5S,CASARIF,AVS",PARTITO DEMOCRATICO | UNIAMO MACERATA | STRADA COMUNE | L'ALTRA MACERATA | MOVIMENTO 5 STELLE | AVANTI-PSI - CASA RIFORMISTA | ALLEANZA VERDI E SINISTRA
MARCHE,SAN BENEDETTO DEL TRONTO,FEDE GIORGIO,centrosinistra,5,2,0,0,0,1,2,"PD,AVS,M5S",PARTITO DEMOCRATICO | ALLEANZA VERDI E SINISTRA - PSI | MOVIMENTO 5 STELLE | CAMBIA SAN BENEDETTO | PROGETTO CIVICO SAMBENEDETTESE
MARCHE,SAN BENEDETTO DEL TRONTO,MOZZONI NICOLA,centrodestra,8,0,4,0,1,0,3,"FDI,LEGA,FI,NM,UDC",FRATELLI D'ITALIA | LEGA- PIUNTI SAN BENEDETTO PROTAGONISTA | INSIEME PER SAN BENEDETTO | FORZA ITALIA-PPE | NOI MODERATI-PPE | VOCE NUOVA SAN BENEDETTO DEL TRONTO | UNIONE DI CENTRO - CENTRO CIVICO POPOLARE | LA CITTA' CAMBIA VOLTO OFFICINA SAMBENEDETTESE
MARCHE,SENIGALLIA,OLIVETTI MASSIMO,centrodestra,6,0,3,0,0,0,3,"FDI,LEGA,FI",SENIGALLIA AL CENTRO | FRATELLI D'ITALIA | LA CIVICA | LEGA | FORZA ITALIA-PPE | NOI CON OLIVETTI
MARCHE,SENIGALLIA,ROMANO DARIO,centrosinistra,5,2,0,0,0,1,2,"PD,AVS,M5S",PARTITO DEMOCRATICO | ONDA CIVICA PER SENIGALLIA | ALLEANZA VERDI E SINISTRA | MOVIMENTO 5 STELLE | PROGETTO SENIGALLIA RIFORMISTA
PIEMONTE,ALPIGNANO,OLIVA ANDREA,centrodestra,5,0,2,0,0,0,3,"FDI,FI",FRATELLI D'ITALIA - LEGA | OBIETTIVO ALPIGNANO | FORZA ITALIA-PPE - UNIONE DI CENTRO | ALPIGNANO AL CENTRO | PATTO CIVICO PER ALPIGNANO
PIEMONTE,ALPIGNANO,PALMIERI STEVEN GIUSEPPE,civico_altro,4,0,0,0,0,0,4,"",ALPIGNANO CON STEVEN PALMIERI SINDACO | ALPIGNANO IN MOVIMENTO | ALPIGNANO FUTURA | ALPIGNANO ECOLOGICA
PIEMONTE,MONCALIERI,FONTANA MAURIZIO,centrodestra,3,0,3,0,0,0,0,"FDI,FI,LEGA",FRATELLI D'ITALIA | FORZA ITALIA-PPE - UNIONE DI CENTRO | LEGA - CIVICI PER IL TUO TERRITORIO
PIEMONTE,MONCALIERI,MAURO LORENZO,centrosinistra,6,3,0,1,0,0,2,"PD,AVS,IV,AZIONE",PARTITO DEMOCRATICO | MONCALIERI PIU' DI PRIMA | ALLEANZA VERDI E SINISTRA | ITALIA VIVA | MONCALIERI CORAGGIOSA PROGRESSISTI ECOLOGISTI | AZIONE CON CALENDA
PIEMONTE,TRECATE,MINERA ROBERTO,centrodestra,5,0,3,0,0,0,2,"FDI,LEGA,FI",MINERA SINDACO | FRATELLI D'ITALIA | LEGA | FORZA ITALIA-PPE | ORGOGLIO TRECATESE
PIEMONTE,TRECATE,SACCO RAFFAELE,centrosinistra,6,2,0,0,0,1,3,"PD,M5S,AVS",PARTITO DEMOCRATICO | TRECATE DOMANI | CIVICA TRECATE | TRECATE ATTIVA LISTA CIVICA UBOLDI | MOVIMENTO 5 STELLE | ALLEANZA VERDI E SINISTRA
PIEMONTE,VALENZA,BALLERINI LUCA,civico_centrosinistra,3,0,0,0,0,0,3,"",VALENZA FUTURA | VALENZA BENE COMUNE | CENTRO RIFORMISTA
PIEMONTE,VALENZA,GRIVA MARIA MADDALENA,centrosinistra,4,2,0,0,0,0,2,"PD,AVS",PARTITO DEMOCRATICO | LISTA ERMES GATTI | ALLEANZA VERDI E SINISTRA | LISTA GERMONIO ORIZZONTE VALENZA
PIEMONTE,VENARIA REALE,GIULIVI FABIO,centrodestra,6,0,4,0,0,0,2,"LEGA,FDI,FI,NM",VENARIA RIPARTE | LEGA - CIVICI PER IL TUO TERRITORIO | FRATELLI D'ITALIA | FORZA ITALIA-PPE - UNIONE DI CENTRO | PER VENARIA INSIEME CAPOGNA | NOI MODERATI-PPE - DC DEMOCRAZIA CRISTIANA
PIEMONTE,VENARIA REALE,REPETTO MIRCO,centrosinistra,5,2,0,0,0,1,2,"PD,AVS,M5S",PARTITO DEMOCRATICO | ALLEANZA VERDI E SINISTRA | MOVIMENTO 5 STELLE | UNITI PER CAMBIARE | VENARIA PROGETTO COMUNE - VOLT
PUGLIA,ANDRIA,BRUNO GIOVANNA,centrosinistra,7,2,0,1,0,0,4,"PD,AVS,AZIONE",PARTITO DEMOCRATICO | BRUNO SINDACO | ANDRIA LAB 3 | PER ABC | PROGETTO ANDRIA | MOVIMENTO 5 STELLE - ALLEANZA VERDI E SINISTRA | AZIONE CON CALENDA
PUGLIA,ANDRIA,NAPOLITANO SABINO,centrodestra,5,0,3,1,0,0,1,"FDI,FI,LEGA,PSI",FRATELLI D'ITALIA | FORZA ITALIA-PPE | LEGA | ANDRIA FATTI GRANDE | NUOVO PSI - ANDRIA RIPARTE
PUGLIA,CAPURSO,LARICCHIA MICHELE,civico_altro,4,0,0,0,0,0,4,"",AMARE CAPURSO | CAPURSO FUTURA | CAPURSO DOMANI | EVVIVA CAPURSO
PUGLIA,CAPURSO,ZIPPO BEATRICE,civico_centrosinistra,2,0,0,0,0,0,2,"",CASA DEMOCRATICA | CAPURSO IN MOVIMENTO
PUGLIA,CASARANO,ANASTASIA LUIGI,civico_altro,3,0,0,0,0,0,3,"",CASARANO IN MOVIMENTO | PROGETTO CASARANO SI | GENERAZIONE CASARANO
PUGLIA,CASARANO,DE NUZZO POMPILIO GIOVANNI OTTAVIO,centrodestra,5,0,1,0,0,0,4,FDI,CASARANO INSIEME SI PUO' | PARTITO LIBERALE ITALIANO - SOVRANISTI | LA CITTA' AL CENTRO | OTTAVIO DE NUZZO SINDACO | FRATELLI D'ITALIA
PUGLIA,CEGLIE MESSAPICA,PALMISANO ANGELO,centrodestra,6,0,2,0,0,0,4,"FDI,FI",IO STO CON PALMISANO | PRIMA CEGLIE | FRATELLI D'ITALIA | CEGLIE CONTINUA | VERSO IL 2031 | FORZA ITALIA-PPE
PUGLIA,CEGLIE MESSAPICA,SCARAFILO AGATA,centrosinistra,4,1,0,0,0,1,2,"M5S,PD",MOVIMENTO 5 STELLE - UNITI SI CAMBIA | PARTITO DEMOCRATICO | CON AGATA SCARAFILO PER CEGLIE | PROSSIMA
PUGLIA,CONVERSANO,FANIZZI FRANCESCO PAOLO,centrosinistra,5,3,0,0,0,1,1,"PD,M5S,PRC,AVS",PARTITO DEMOCRATICO | QUARK | MOVIMENTO 5 STELLE | RIFONDAZIONE COMUNISTA | ALLEANZA VERDI E SINISTRA
PUGLIA,CONVERSANO,LOVASCIO GIUSEPPE,civico_altro,8,0,0,0,0,0,8,"",INNOVIAMO | POPOLARI | CONVERSIAMO PER LA CITTA' | ATTIVAMENTE | NORBA | ESSERCI | CONVERSANO DOMANI | RADICI E ORIZZONTI
PUGLIA,CORATO,DE BENEDITTIS CORRADO NICOLA,centrosinistra,9,3,0,0,0,1,5,"PD,AVS,CASARIF,M5S",PARTITO DEMOCRATICO | CORRADO SINDACO | DEMOS DEMOCRAZIA SOLIDALE | PROSSIMA | ARTICOLO 49 | ALLEANZA VERDI E SINISTRA | RIMETTIAMO IN MOTO LA CITTA' | CASA RIFORMISTA - AVANTI-PSI | MOVIMENTO 5 STELLE
PUGLIA,CORATO,ZONA PIETRO,centrodestra,8,0,4,0,1,0,3,"FDI,UDC,FI,LEGA,NM",DIREZIONE CORATO | ZONA COMUNE | FRATELLI D'ITALIA | UNIONE DI CENTRO | FORZA ITALIA-PPE | POLIS INSIEME PER LA CITTA' | LEGA | POPOLARI - NOI MODERATI-PPE
PUGLIA,GALLIPOLI,FASANO FLAVIO,centrodestra,8,0,2,0,0,0,6,"FDI,FI",CASTELLO GALLIPOLI FUTURA | FRATELLI D'ITALIA | CANTIERE 73014 | PIU' FORZA NEL CUORE | CRESCERE INSIEME | CON FLAVIO FASANO SINDACO | FORZA ITALIA-PPE | FONTANA
PUGLIA,GALLIPOLI,PITEO ANTONIO,centrosinistra,5,2,0,0,0,0,3,"PD,AVS",TONY PITEO SINDACO | PROSSIMA | PARTITO DEMOCRATICO | ALLEANZA VERDI E SINISTRA | AMARE GALLIPOLI
PUGLIA,LUCERA,CHECCHIA VINCENZO,civico_altro,3,0,0,0,0,0,3,"",LISTA TUTOLO 2026 | FACCIAMO LUCE | ORIZZONTI FUTURI
PUGLIA,LUCERA,PITTA GIUSEPPE,centrosinistra,8,1,0,0,0,1,6,"PD,M5S",PITTA SINDACO 2031 | ENERGIA CIVICA | PARTITO DEMOCRATICO | PROGETTO CONCITTADINO LUCERA | LUCERA AL CENTRO | OFFICINA COMUNE LUCERA | SIAMO LUCERA | MOVIMENTO 5 STELLE
PUGLIA,MANDURIA,ARNO' FERDINANDO,corre_da_solo,1,0,0,0,0,0,1,"",MANDURIAMO
PUGLIA,MANDURIA,ROSSETTI FABIANA,m5s,1,0,0,0,0,1,0,M5S,MOVIMENTO 5 STELLE
PUGLIA,MESAGNE,CAMPANA GIORGIA,centrodestra,2,0,1,0,0,0,1,FDI,FRATELLI D'ITALIA | MESAGNE CHE CAMBIA
PUGLIA,MESAGNE,ROGOLI FRANCESCO MICHELE,centrosinistra,7,1,0,0,0,1,5,"PD,M5S",PARTITO DEMOCRATICO | AVANTI MESAGNE | PROSSIMA | PER MESAGNE | LA MIA CITTA' | CITTA' SOLIDALE E RIFORMISTA | MOVIMENTO 5 STELLE
PUGLIA,MODUGNO,LOMORO GIOVANNI,centrosinistra,5,1,0,1,0,1,2,"PD,PSI,M5S",PARTITO DEMOCRATICO | AVANTI-PSI | FARE COMUNITA' | NOI POPOLARI | MOVIMENTO 5 STELLE
PUGLIA,MODUGNO,MONTEBRUNO GIUSEPPE,civico_altro,5,0,0,0,0,0,5,"",PROGETTA MODUGNO COL CUORE | #MODUGNO TUTTA | CENTRO DEM MODUGNO | ONDA CIVICA | CAMBIA VERSO
PUGLIA,MOLFETTA,MASTROPASQUA PIETRO,civico_altro,11,0,0,0,0,0,11,"",MASTROPASQUA SINDACO | CUORE DEMOCRATICO | MOLFETTA UNITA | MOLFETTA POPOLARE | MOLFETTA AZZURRA | OBIETTIVO MOLFETTA | MOLFETTA NOSTRA | FARE COMUNE | AVANTI MOLFETTA | ALA DEMOCRATICA | PER MOLFETTA
PUGLIA,MOLFETTA,MINERVINI MANUEL FLAVIO,centrosinistra,8,4,0,0,0,1,3,"PD,PRC,M5S,AVS,IV",RINASCERE | PARTITO DEMOCRATICO | RIFONDAZIONE COMUNISTA | MOVIMENTO 5 STELLE | DEMOS DEMOCRAZIA SOLIDALE | ALLEANZA VERDI E SINISTRA | AVANTI-PSI - ITALIA VIVA - SPAZIO RIFORMISTA | PIU' DI COSI' MANUEL
PUGLIA,PALO DEL COLLE,AMENDOLARA TOMMASO,centrosinistra,7,1,0,0,0,1,5,"PD,M5S",PARTITO DEMOCRATICO | PROGETTO PALO MOVIMENTO CIVICO | PALO METROPOLITANA | OFFICINE PROGRESSISTE PALESI | PROSSIMA | FARE COMUNE | MOVIMENTO 5 STELLE
PUGLIA,PALO DEL COLLE,DAGOSTINO VITO,centrodestra,6,0,2,0,0,0,4,"FDI,FI",LISTA CIVICA DAGOSTINO SINDACO | LISTA IURILLI | FRATELLI D'ITALIA | FORZA ITALIA-PPE | PRIMA PALO DEL COLLE | TRADIZIONE E FUTURO
PUGLIA,SAN GIOVANNI ROTONDO,FINI ROSSELLA,centrosinistra,4,1,0,0,0,1,2,"PD,M5S",PARTITO DEMOCRATICO | ROSSELLA FINI SINDACO | MOVIMENTO 5 STELLE | CON SAN GIOVANNI ROTONDO
PUGLIA,SAN GIOVANNI ROTONDO,NATALE FLORIANA,centrodestra,5,0,3,0,0,0,2,"FDI,NM,FI",FRATELLI D'ITALIA | NOI ORA - CITTA' ATTIVA | NOI MODERATI - CUORE CIVICO | IN FORMAZIONE CIVICA | FORZA ITALIA-PPE
PUGLIA,SAN VITO DEI NORMANNI,RUGGIERO MARCO,centrosinistra,5,1,0,1,0,1,2,"PD,M5S,PSI",PARTITO DEMOCRATICO | MOVIMENTO 5 STELLE | ATTIVA SAN VITO | PROSSIMA | AVANTI-PSI
PUGLIA,SAN VITO DEI NORMANNI,VIVA GIACOMO,centrodestra,4,0,2,0,0,0,2,"FDI,FI",FRATELLI D'ITALIA | FORZA ITALIA-PPE | SAN VITO VIVA | INSIEME PER SAN VITO
PUGLIA,TRANI,GALIANO MARCO,centrosinistra,5,3,0,0,0,0,2,"PD,IV,AVS",PARTITO DEMOCRATICO | ITALIA VIVA | POPOLARI | PER TRANI | ALLEANZA VERDI E SINISTRA
PUGLIA,TRANI,GUARRIELLO ANGELO,centrodestra,4,0,2,0,0,0,2,"FDI,FI",FRATELLI D'ITALIA | FORZA ITALIA-PPE | ANGELO GUARRIELLO SINDACO | TRANI LIBERA
PUGLIA,TRICASE,DE DONNO ANTONIO,civico_altro,4,0,0,0,0,0,4,"",TRICASE RESPONSABILE | PER TRICASE | SI’AMO TRICASE | TRICASE PROTAGONISTA
PUGLIA,TRICASE,MORCIANO ANDREA,civico_altro,3,0,0,0,0,0,3,"",ORIZZONTE TRICASE | CUORE PER TRICASE | GENERAZIONE TRICASE
SICILIA,AGRIGENTO,ALONGE GERLANDO,centrodestra,5,0,3,0,1,0,1,"FI,UDC,FDI",FORZA ITALIA - BERLUSCONI - PARTITO POPOLARE EUROPEO | POPOLARI E AUTONOMISTI - NOI CON LA SICILIA - GRANDE SICILIA | FORZA AZZURRI - AGRIGENTO | UNIONE DI CENTRO - ITALIA | FRATELLI D'ITALIA - GIORGIA MELONI
SICILIA,AGRIGENTO,GENTILE LUIGI,centrodestra,4,0,3,0,1,0,0,"NM,LEGA,DC",NOI MODERATI - PARTITO POPOLARE EUROPEO - SUD CHIAMA NORD | LEGA AGRIGENTO | GENTILE SINDACO DI AGRIGENTO - PRIMA L'ITALIA | DEMOCRAZIA CRISTIANA
SICILIA,AUGUSTA,DI MARE GIUSEPPE detto PEPPE,centrodestra,8,0,1,0,0,0,7,FI,CINQUE + CINQUE - DI MARE SINDACO | FORZA ITALIA - BERLUSCONI - PARTITO POPOLARE EUROPEO | #I LOVE AUGUSTA - GIUSEPPE DI MARE SINDACO | AUGUSTA 2020 | GRANDE SICILIA - GIUSEPPE DI MARE SINDACO | PIU' AUGUSTA #DIMARESINDACO | GIUSEPPE DI MARE SINDACO - IL CAMBIAMENTO CONTINUA INSIEME | INSIEME PER AUGUSTA
SICILIA,AUGUSTA,PANCARI SALVATORE detto SALVO,centrosinistra,3,2,0,0,0,1,0,"AVS,M5S,PD",ALLEANZA VERDI E SINISTRA | MOVIMENTO 5 STELLE 2050 | PARTITO DEMOCRATICO - PANCARI SINDACO
SICILIA,BARCELLONA POZZO DI GOTTO,BARBERA NICOLA MARIA,centrodestra,9,0,2,0,0,0,7,"FI,FDI",VAMOS! CON BARBERA SINDACO | ASCOLTIAMO BARCELLONA POZZO DI GOTTO BARBERA SINDACO | AZZURRI PER BARCELLONA POZZO DI GOTTO BARBERA SINDACO | #NOI CI SIAMO | FUORI DAL CORO PRIMA BARCELLONA POZZO DI GOTTO | PARTITO POPOLARE EUROPEO FORZA ITALIA BERLUSCONI | NICOLA BARBERA SINDACO X BARCELLONA POZZO DI GOTTO | FRATELLI D'ITALIA GIORGIA MELONI | LACIVICA BARCELLONA P.G. BARBERA SINDACO
SICILIA,BARCELLONA POZZO DI GOTTO,SCOLARO MELANGELA,civico_altro,5,0,0,0,4,0,1,SCN,SUD CHIAMA NORD UNA MARCIA IN PIU' PER BARCELLONA POZZO DI GOTTO SCOLARO | SUD CHIAMA NORD AVREMO CURA DI TE BARCELLONA POZZO DI GOTTO SCOLARO | SUD CHIAMA NORD DE LUCA SINDACO DI SICILIA SCOLARO | BARCELLONA POZZO DI GOTTO IN COMUNE SCOLARO SINDACO | SUD CHIAMA NORD SCOLARO SINDACO DI BARCELLONA POZZO DI GOTTO
SICILIA,BRONTE,CARUSO GIOVANNA,centrodestra,6,0,3,0,0,0,3,"FDI,LEGA",BRONTE PROTAGONISTA GIOVANNA CARUSO SINDACO FRATELLI D'ITALIA GIORGIA MELONI | BRONTE BENE COMUNE | PRIMA L'ITALIA PER BRONTE | VIVIAMO BRONTE GIOVANNA CARUSO SINDACO | LEGA SICILIA | BRONTE ADESSO
SICILIA,BRONTE,CASTIGLIONE GIUSEPPE,centrodestra,5,0,1,0,0,0,4,FI,FORZA BRONTE CASTIGLIONE SINDACO | GIOVANI PER BRONTE CASTIGLIONE SINDACO | FORZA ITALIA | UNITI PER BRONTE CASTIGLIONE SINDACO | AZZURRI PER BRONTE CASTIGLIONE SINDACO
SICILIA,CARINI,COVELLO ROSA,centrodestra,8,0,3,0,0,0,5,"LEGA,FI,FDI",RADICI & PROGRESSO | CAMBIAMO CARINI | NOI CON LA SICILIA - POPOLARI E AUTONOMISTI | GRANDE CARINI - PRIMA L'ITALIA - LEGA SALVINI | PARTITO POPOLARE EUROPEO - FORZA ITALIA - BERLUSCONI | LISTA CIVICA - COVELLO SINDACO CARINI - #COVELLOSINDACO | GIOVANI IDEE | FRATELLI D'ITALIA - GIORGIA MELONI
SICILIA,CARINI,GAMBINO VALERIA,centrosinistra,6,1,0,1,0,1,3,"AZIONE,M5S,PD",AZIONE POPOLARE | MOVIMENTO 5 STELLE - CARINI SI SVEGLIA - CARINI 2026 - VALERIA GAMBINO SINDACO | IL GERMOGLIO | AVANTI CARINI - PARTITO DEMOCRATICO | CON TUTTA L'ANIMA - VALERIA GAMBINO SINDACO | CARINI OLTRE
SICILIA,ENNA,CRISAFULLI VLADIMIRO,civico_centrosinistra,5,0,0,0,0,0,5,"",MOVIMENTO PROGESSISTA E DEMOCRATICI PER ENNA - CRISAFULLI SINDACO | ENNA DEMOCRATICA | DEMOCRATICI E PROGRESSISTI - CRISAFULLI SINDACO | PRIMA ENNA - LISTA CIVICA INDIPENDENTE - CRISAFULLI SINDACO | SINISTRA DEMOCRATICA - CRISAFULLI SINDACO
SICILIA,ENNA,DE ROSE EZIO MASSIMO,centrodestra,6,0,3,0,0,0,3,"FDI,NM,FI",FARE COMUNE | FRATELLI D'ITALIA - GIORGIA MELONI | NOI MODERATI - PARTITO POPOLARE EUROPEO | NOI CON LA SICILIA - POPOLARI E AUTONOMISTI - DE ROSE SINDACO | ENNA FUTURA | FORZA ITALIA - BERLUSCONI - PARTITO POPOLARE EUROPEO
SICILIA,FLORIDIA,CARIANNI MARCO,centrosinistra,4,1,0,0,0,0,3,PD,PARTITO DEMOCRATICO | FLORIDIA FUTURA - CARIANNI SINDACO | DIREZIONE FLORIDIA - CARIANNI SINDACO | PROGETTO FLORIDIA - LISTA CIVICA - CARIANNI SINDACO
SICILIA,FLORIDIA,SALA ANTONIO detto ANTONELLO,centrodestra,5,0,2,0,0,0,3,"FI,FDI",GRANDE SICILIA - ANTONELLO SALA SINDACO | SPAZIO CIVICO PER FLORIDIA - ANTONELLO SALA SINDACO | FORZA ITALIA - BERLUSCONI - PARTIRO POPOLARE EUROPEO | INSIEME PER FLORIDIA | FRATELLI D'ITALIA - GIORGIA MELONI
SICILIA,ISPICA,CAFISI TONINO,centrodestra,3,0,2,0,0,0,1,"FDI,NM",LISTA CIVICA CAFISI SINDACO | FRATELLI D'ITALIA GIORGIA MELONI | PARTITO POPOLARE EUROPEO NOI MODERATI
SICILIA,ISPICA,MONACA PAOLO,centrosinistra,3,1,0,0,1,0,1,"SCN,PD",PAOLO MONACA SINDACO DI ISPICA SUD CHIAMA NORD | DIFENDIAMO ISPICA DA IBLEA ACQUE MONACA SINDACO | PARTITO DEMOCRATICO
SICILIA,LENTINI,FISICARO GIUSEPPE,centrodestra,7,0,1,0,0,0,6,FDI,FRATELLI D'ITALIA - GIORGIA MELONI | LENTINI ANDIAMO AVANTI - GIUSEPPE FISICARO SINDACO | LENTINI GRANDE SICILIA - GIUSEPPE FISICARO SINDACO | LISTA CIVICA - LENTINI AZZURRA | LIBERI - GIUSEPPE FISICARO SINDACO | SINDACO GIUSEPPE FISICARO PER LENTINI | LENTINI GIOVANE
SICILIA,LENTINI,PUPILLO VINCENZO,centrosinistra,5,1,0,0,0,1,3,"M5S,PD",LENTINI 2026 - UNITI X CAMBIARE - MOVIMENTO 5 STELLE - SINISTRA FUTURA | TERRITORIO UNITO | PARTITO DEMOCRATICO | LENTINI BENE COMUNE - LISTA CIVICA | LENTINI C'E'
SICILIA,MARSALA,ADAMO GIULIA,centrodestra,6,0,4,0,0,0,2,"FI,NM,LEGA,FDI",MOVIMENTO POPOLARE ARCOBALENO | FORZA ITALIA - BERLUSCONI - PARTITO POPOLARE EUROPEO | CORAGGIO E PASSIONE PER MARSALA - GIULIA ADAMO SINDACO | NOI MODERATI - NOI MARSALESI - POPOLARI AUTONOMISTI | LEGA - LA NOSTRA FORZA SONO I TERRITORI | FRATELLI D'ITALIA - GIORGIA MELONI
SICILIA,MARSALA,PATTI ANDREANA MARIA,centrosinistra,7,1,0,0,1,1,4,"SCN,M5S,AVS",COMPATTI PER MARSALA - ANDREANA PATTI SINDACA | PROGETTIAMO MARSALA | PATITO DEMOCRATICO | MARSALA CIVICA - SUD CHIAMA NORD - PATTI | SI MUOVE LA CITTA' - ANDREANA PATTI SINDACA | PATTI SINDACA - MOVIMENTO 5 STELLE - AVANTI MARSALA | ALLEANZA VERDI E SINISTRA - EUROPA VERDE - SINISTRA ITALIANA
SICILIA,MESSINA,BASILE FEDERICO,civico_altro,15,0,0,0,1,0,14,SCN,LA POLITICA DEL FARE - BASILE | ORGOGLIO MESSINESE - BASILE | LAVORO E SOLIDARIETA' - BASILE | IL FUTURO E' ADESSO - BASILE | SUD CHIAMA NORD PER MESSINA - BASILE | DE LUCA SINDACO DI SICILIA - BASILE | SVILUPPO SOSTENIBILE - BASILE | AMO MESSINA - BASILE | BASILE SINDACO DI MESSINA | COSTA BLU - BASILE | LIBERI E FORTI - BASILE | ZANCLE - BASILE | CATENO PER I GIOVANI - BASILE | FEDERICO PER MESSINA - BASILE | MESSINA PROTAGONISTA - BASILE
SICILIA,MESSINA,SCURRIA MARCELLO,centrodestra,7,0,4,0,1,0,2,"DC,FDI,NM,FI,LEGA",DEMOCRAZIA CRISTIANA - PARTITO REPUBBLICANO ITALIANO - PARTITO ANIMALISTA | MARCELLO SCURRIA SINDACO DI MESSINA | FRATELLI D'ITALIA - GIORGIA MELONI | NOI MODERATI - PARTITO POPOLARE EUROPEO | FORZA ITALIA - BERLUSCONI - SCURRIA SINDACO | POPOLARI E AUTONOMISTI - GRANDE SICILIA | LEGA MESSINA
SICILIA,MILAZZO,CASTELLI LAURA,civico_altro,4,0,0,0,0,0,4,"",CASTELLI SINDACO DI MILAZZO | DE LUCA SINDACO DI SICILIA - CASTELLI | UNA MARCIA IN PIU' PER MILAZZO - CASTELLI | LA SVOLTA PER MILAZZO - CASTELLI
SICILIA,MILAZZO,MIDILI GIUSEPPE,centrodestra,7,0,3,0,0,0,4,"FI,NM,FDI",FARE MILAZZO - MIDILI SINDACO | CITTA' FUTURA - MIDILI SINDACO | FORZA ITALIA BERLUSCONI - PARTITO POPOLARE EUROPEO | PRIMA MILAZZO - NOI MODERATI - MIDILI SINDACO | MILAZZO 2026 - MIDILI SINDACO | FRATELLI D'ITALIA - GIORGIA MELONI | CAMBIAMENTE PER MILAZZO - MIDILI SINDACO
SICILIA,MISILMERI,RIZZOLO ROSARIO,civico_centrosinistra,7,0,0,0,0,0,7,"",MOVIMENTO DEMOCRATICO E VERDE - ROSARIO RIZZOLO SINDACO | MISILMERI FUTURA - ROSARIO RIZZOLO SINDACO | MISILMERI PRIMA DI TUTTO - SINDACO RIZZOLO | PROGETTO MISILMERI - PROGETTIAMO IL FUTURO DELLA NOSTRA CITTA' - ROSARIO RIZZOLO SINDACO | PORTELLA DI MARE UNITA - SINDACO ROSARIO RIZZOLO | MISILMERI IN CAMMINO - ROSARIO RIZZOLO SINDACO | PRIMAVERA MISILMERI - ROSARIO RIZZOLO SINDACO
SICILIA,MISILMERI,STADARELLI ROSALIA,centrodestra,4,0,1,0,0,0,3,FI,FORZA ITALIA BERLUSCONI | SIAMO MISILMERI | RIGENERAZIONE MISILMERI E PORTELLA DI MARE | CONTINUIAMO INSIEME
SICILIA,RIBERA,PACE CARMELO,civico_centrodestra,6,0,0,0,1,0,5,SCN,PER RIBERA - PACE SINDACO | RIBERA CHE VORREI - INSIEME PER LA RINASCITA | CARMELO PACE SINDACO | SUD CHIAMA NORD - PER RIBERA PACE | ORA PER RIBERA | DEMOCRAZIA CRISTANA
SICILIA,RIBERA,PROVENZANO ROSARIA,civico_altro,4,0,0,0,0,0,4,"",RIBERA DOMANI - MARIA ROSARIA PROVENZANO SINDACA | PROVENZANO MARIA ROSARIA SINDACA | IDEE IN MOVIMENTO - RIBERA | RIBERA - PROGETTO COMUNE
SICILIA,SAN GIOVANNI LA PUNTA,BRANCATO MARIO LUCIANO,centrodestra,8,0,1,0,1,0,6,"FI,SCN",FORZA ITALIA | SAN GIOVANNI LA PUNTA - L'ORA DI AGIRE | RISORGIMENTO PUNTESE - BASILE CON SAN GIOVANNI LA PUNTA E TRAPPETO | LIBERI E FORTI PER SAN GIOVANNI LA PUNTA | NOI CON LA SICILIA - POPOLARI E AUTONOMISTI | PUNTA IN ALTO | ONDA | SUD CHIAMA NORD BRANCATO PER SAN GIOVANNI LA PUNTA
SICILIA,SAN GIOVANNI LA PUNTA,TROVATO SANTO,centrodestra,4,0,2,0,0,0,2,"LEGA,FDI",LEGA SICILIA | ALLEANZA PUNTESE | FRATELLI D'ITALIA | SI CAMBIA
SICILIA,TERMINI IMERESE,BATTAGLIA ANTONIO,centrodestra,4,0,2,0,0,0,2,"LEGA,FDI",LEGA SICILIA | MOVIMENTO CIVICO INSIEME SI PUO' | FRATELLI D'ITALIA - GIORGIA MELONI | ALLEANZA PER TERMINI - BATTAGLIA SINDACO
SICILIA,TERMINI IMERESE,TERRANOVA MARIA,centrosinistra,5,1,0,0,0,1,3,"PD,M5S","INSIEME PER TERMINI - MARIA TERRANOVA SINDACO | PARTITO DEMOCRATICO | TERMINI IN COMUNE - MARIA TERRANOVA SINDACO | MOVIMENTO 5 STELLE 2050 | MARIA, CHE SINDACA"
SICILIA,VILLABATE,OLIVERI VINCENZO,centrodestra,5,0,2,0,0,0,3,"FDI,FI",RINASCITA VILLABATESE OLIVERI SINDACO | VILLABATE LIBERA E FORTE OLIVERI SINDACO | FRATELLI D'ITALIA GIORGIA MELONI | VILLABATE ALTERNATIVA OLIVERI SINDACO | FORZA ITALIA BERLUSCONI PARTITO POPOLARE EUROPEO
SICILIA,VILLABATE,PITARRESI GIOVANNI,civico_altro,6,0,0,0,0,0,6,"",VILLABATE IN MOVIMENTO PITARRESI SINDACO | LAVORO FAMIGLIA SOLIDARIETA' PITARRESI SINDACO | NOI PER VILLABATE PITARRESI SINDACO | VILLABATE ATTIVA PITARRESI SINDACO | LIBERI PER IL CAMBIAMENTO PITARRESI SINDACO | VILLABATE CRESCE PITARRESI SINDACO
TOSCANA,AREZZO,CECCARELLI VINCENZO,centrosinistra,5,3,0,0,0,1,1,"PD,AVS,CASARIF,M5S",PARTITO DEMOCRATICO | ALLEANZA VERDI E SINISTRA | AREZZO PARTECIPA | CASA RIFORMISTA | MOVIMENTO 5 STELLE
TOSCANA,AREZZO,COMANDUCCI MARCELLO,centrodestra,5,0,4,0,0,0,1,"FDI,FI,LEGA,NM",FRATELLI D'ITALIA | FARE | FORZA ITALIA-PPE - UNIONE DI CENTRO - AVANTI AREZZO | LEGA | NOI MODERATI-PPE
TOSCANA,CASCINA,BETTI MICHELANGELO,centrosinistra,5,3,0,0,0,1,1,"PD,AVS,M5S,CASARIF",PARTITO DEMOCRATICO | ALLEANZA VERDI E SINISTRA | PER VOI | MOVIMENTO 5 STELLE | CASA RIFORMISTA
TOSCANA,CASCINA,LEGNAIOLI DONATELLA,centrodestra,4,0,4,0,0,0,0,"FDI,LEGA,FI,NM",FRATELLI D'ITALIA | LEGA | FORZA ITALIA-PPE | NOI MODERATI - CIVICI PER CASCINA
TOSCANA,FIGLINE E INCISA VALDARNO,ERMINI DAVID,centrosinistra,3,2,0,0,0,0,1,"PD,AVS",PARTITO DEMOCRATICO | DAVID ERMINI SINDACO | ALLEANZA VERDI E SINISTRA
TOSCANA,FIGLINE E INCISA VALDARNO,VENTURI ENRICO,centrodestra,2,0,2,0,0,0,0,"FDI,LEGA",FRATELLI D'ITALIA | LEGA - NOI MODERATI - FORZA ITALIA -PPE - ALLEANZA CIVICA
TOSCANA,PISTOIA,CAPECCHI GIOVANNI,centrosinistra,6,3,0,0,0,1,2,"PD,AVS,M5S,PRC",PARTITO DEMOCRATICO | CAPECCHI SINDACO | ALLEANZA VERDI E SINISTRA - POSSIBILE - LISTE CIVICHE | CIVICI E RIFORMISTI | MOVIMENTO 5 STELLE | RIFONDAZIONE COMUNISTA
TOSCANA,PISTOIA,CELESTI ANNA MARIA IDA,centrodestra,5,0,4,0,0,0,1,"FDI,FI,LEGA,NM",FRATELLI D'ITALIA | FORZA ITALIA-PPE - UNIONE DI CENTRO - LISTE CIVICHE | AVANTI PISTOIA | LEGA | NOI MODERATI-PPE
TOSCANA,PRATO,BANCHELLI GIANLUCA,centrodestra,3,0,3,0,0,0,0,"FDI,FI,LEGA",FRATELLI D'ITALIA | FORZA ITALIA-PPE - UNIONE DI CENTRO | LEGA
TOSCANA,PRATO,BIFFONI MATTEO,centrosinistra,5,3,0,0,0,1,1,"PD,AVS,CASARIF,M5S",PARTITO DEMOCRATICO | BIFFONI SINDACO | ALLEANZA VERDI E SINISTRA | CASA RIFORMISTA | MOVIMENTO 5 STELLE
TOSCANA,SESTO FIORENTINO,CORSI BEATRICE,centrosinistra,2,1,0,0,0,0,1,PRC,ECOLO' CORSI SINDACA | POSSIBILE - RIFONDAZIONE COMUNISTA - SESTO COLLETTIVA
TOSCANA,SESTO FIORENTINO,SFORZI DAMIANO,centrosinistra,4,2,0,0,0,1,1,"PD,AVS,M5S",PARTITO DEMOCRATICO | SFORZI SINDACO PER SESTO | ALLEANZA VERDI E SINISTRA | MOVIMENTO 5 STELLE
TOSCANA,VIAREGGIO,GRILLI SARA,civico_altro,4,0,0,0,0,0,4,"",VIAREGGIO INSIEME | VIAREGGIO TORRE DEL LAGO CENTRODESTRA UNITO | DEL GHINGARO | VIAREGGIO DEMOCRATICA
TOSCANA,VIAREGGIO,MAINERI FEDERICA,centrosinistra,6,2,0,0,0,1,3,"PD,AVS,M5S",PARTITO DEMOCRATICO | FERMI MAI | SPAZIO PROGRESSISTA | ALLEANZA VERDI E SINISTRA | RINNOVAMENTI | MOVIMENTO 5 STELLE
VENETO,ALBIGNASEGO,BETTELLA ALBERTO,centrosinistra,3,2,0,0,0,0,1,"PD,AVS",PARTITO DEMOCRATICO | ABC ALBIGNASEGO BENE COMUNE 2030 | ALLEANZA VERDI E SINISTRA
VENETO,ALBIGNASEGO,LUISE VALENTINA,centrodestra,5,0,2,0,1,0,2,"FDI,LEGA,UDC",VALENTINA LUISE SINDACO PER ALBIGNASEGO | FRATELLI D'ITALIA | LEGA | CIVICA BARISON ALBIGNASEGO | UDC - ALBAGNASEGO AL CENTRO
VENETO,ARZIGNANO,MARCIGAGLIA ENRICO,centrodestra,1,0,1,0,0,0,0,LEGA,LEGA
VENETO,ARZIGNANO,MASIERO RICCARDO,centrodestra,5,0,2,0,0,0,3,"FDI,FI",RICCARDO MASIERO SINDACO | FRATELLI D'ITALIA | LIGA VENETA REPUBBLICA | ASSIEME PER ARZIGNANO | FORZA ITALIA-PPE
VENETO,CASTELFRANCO VENETO,GHIMENTON MARIA WANJERA,centrosinistra,3,1,0,0,0,0,2,PD,CASTELFRANCO PUO' | PARTITO DEMOCRATICO | CASTELFRANCO CIVICA
VENETO,CASTELFRANCO VENETO,POZZOBON LUCA,centrodestra,4,0,3,0,0,0,1,"FDI,LEGA,FI",FRATELLI D'ITALIA | LEGA | LUCA POZZOBON SINDACO | FORZA ITALIA-PPE
VENETO,LONIGO,GIACOMELLO PIER LUIGI,centrodestra,4,0,2,0,0,0,2,"FDI,LEGA",CON GIACOMELLO PER LONIGO | LONIGO VERAMENTE | FRATELLI D'ITALIA | LEGA
VENETO,LONIGO,RESTELLO LUCA,civico_altro,2,0,0,0,0,0,2,"",RESTELLO SINDACO | DAL MASO PER RESTELLO SINDACO
VENETO,MONSELICE,ENNIO FRANCO,centrosinistra,4,3,0,0,0,0,1,"PD,AVS,CASARIF",PARTITO DEMOCRATICO | MOVIMENTO 5 STELLE - ALLEANZA VERDI E SINISTRA - CIVICHE | MONSELICE FUTURA | CASA RIFORMISTA
VENETO,MONSELICE,PERARO STEFANO,centrodestra,4,0,2,0,0,0,2,"LEGA,FDI",PERARO SINDACO | LEGA | FRATELLI D'ITALIA | SIAMO MONSELICE
VENETO,SAN BONIFACIO,LAIN GABRIELE,centrosinistra,2,1,0,0,0,0,1,PD,PARTITO DEMOCRATICO | TERRITORIO E COMUNITA'
VENETO,SAN BONIFACIO,PROVOLI GIAMPAOLO,civico_altro,2,0,0,0,0,0,2,"",LISTA PROVOLI | ADESSO LISTA DE LUCA
VENETO,VENEZIA,MARTELLA ANDREA,centrosinistra,7,4,0,0,0,1,2,"PD,AVS,M5S,IV,PRC",PARTITO DEMOCRATICO | ALLEANZA VERDI E SINISTRA | MOVIMENTO 5 STELLE | TERRA E ACQUA 2026 | AVANTI-PSI - +EUROPA - ITALIA VIVA - RADICALI VENEZIA RIFORMISTA | VENEZIA E' TUA | RIFONDAZIONE COMUNISTA - PACE SALUTE LAVORO
VENETO,VENEZIA,VENTURINI SIMONE,centrodestra,6,0,3,0,1,0,2,"FDI,LEGA,FI,UDC",SIMONE VENTURINI SINDACO | FRATELLI D'ITALIA | LEGA | FORZA ITALIA-PPE | UNIONE DI CENTRO | PARTITO DEI VENETI
