freq,unit,sector,na_item,geo,time,values
A,PC_GDP,S13,D41PAY,IT,1975,NA
A,PC_GDP,S13,D41PAY,IT,1976,NA
A,PC_GDP,S13,D41PAY,IT,1977,NA
A,PC_GDP,S13,D41PAY,IT,1978,NA
A,PC_GDP,S13,D41PAY,IT,1979,NA
A,PC_GDP,S13,D41PAY,IT,1980,NA
A,PC_GDP,S13,D41PAY,IT,1981,NA
A,PC_GDP,S13,D41PAY,IT,1982,NA
A,PC_GDP,S13,D41PAY,IT,1983,NA
A,PC_GDP,S13,D41PAY,IT,1984,NA
A,PC_GDP,S13,D41PAY,IT,1985,NA
A,PC_GDP,S13,D41PAY,IT,1986,NA
A,PC_GDP,S13,D41PAY,IT,1987,NA
A,PC_GDP,S13,D41PAY,IT,1988,NA
A,PC_GDP,S13,D41PAY,IT,1989,NA
A,PC_GDP,S13,D41PAY,IT,1990,NA
A,PC_GDP,S13,D41PAY,IT,1991,NA
A,PC_GDP,S13,D41PAY,IT,1992,NA
A,PC_GDP,S13,D41PAY,IT,1993,NA
A,PC_GDP,S13,D41PAY,IT,1994,NA
A,PC_GDP,S13,D41PAY,IT,1995,11.1
A,PC_GDP,S13,D41PAY,IT,1996,11
A,PC_GDP,S13,D41PAY,IT,1997,9.1
A,PC_GDP,S13,D41PAY,IT,1998,7.8
A,PC_GDP,S13,D41PAY,IT,1999,6.4
A,PC_GDP,S13,D41PAY,IT,2000,6.1
A,PC_GDP,S13,D41PAY,IT,2001,6
A,PC_GDP,S13,D41PAY,IT,2002,5.4
A,PC_GDP,S13,D41PAY,IT,2003,4.9
A,PC_GDP,S13,D41PAY,IT,2004,4.6
A,PC_GDP,S13,D41PAY,IT,2005,4.5
A,PC_GDP,S13,D41PAY,IT,2006,4.4
A,PC_GDP,S13,D41PAY,IT,2007,4.7
A,PC_GDP,S13,D41PAY,IT,2008,4.9
A,PC_GDP,S13,D41PAY,IT,2009,4.4
A,PC_GDP,S13,D41PAY,IT,2010,4.3
A,PC_GDP,S13,D41PAY,IT,2011,4.6
A,PC_GDP,S13,D41PAY,IT,2012,5.1
A,PC_GDP,S13,D41PAY,IT,2013,4.8
A,PC_GDP,S13,D41PAY,IT,2014,4.6
A,PC_GDP,S13,D41PAY,IT,2015,4.1
A,PC_GDP,S13,D41PAY,IT,2016,3.9
A,PC_GDP,S13,D41PAY,IT,2017,3.7
A,PC_GDP,S13,D41PAY,IT,2018,3.6
A,PC_GDP,S13,D41PAY,IT,2019,3.3
A,PC_GDP,S13,D41PAY,IT,2020,3.4
A,PC_GDP,S13,D41PAY,IT,2021,3.4
A,PC_GDP,S13,D41PAY,IT,2022,4.1
A,PC_GDP,S13,D41PAY,IT,2023,3.6
A,PC_GDP,S13,D41PAY,IT,2024,3.9
A,PC_GDP,S13,D41PAY,IT,2025,3.9
