"desc_provincia","desc_comune","OCCHIUTO","TOSCANO","TRIDICO","vincitore","vantaggio","Occhiuto_Pct","Tridico_Pct","PRO_COM","COD_PROV","CDX","X","Y","variazione","variazione_2025"
"CATANZARO","ALBI",241,2,203,"Occhiuto",38,54.0358744394619,45.5156950672646,79002,78,57.0264765784114,16.604961,39.041508,-2.99060213894951,"Peggio"
"CATANZARO","AMARONI",291,5,561,"Tridico",270,33.9556592765461,65.460910151692,79003,78,37.1052631578947,16.446683,38.793608,-3.14960388134864,"Peggio"
"CATANZARO","AMATO",272,2,85,"Occhiuto",187,75.7660167130919,23.6768802228412,79004,78,63.6636636636637,16.448416,38.94329,12.1023530494283,"Meglio"
"CATANZARO","ANDALI",140,2,84,"Occhiuto",56,61.9469026548673,37.1681415929204,79005,78,45.985401459854,16.806536,38.989863,15.9615011950132,"Meglio"
"CATANZARO","ARGUSTO",101,1,117,"Tridico",16,46.1187214611872,53.4246575342466,79007,78,55.1587301587302,16.436483,38.679303,-9.04000869754295,"Peggio"
"CATANZARO","BADOLATO",656,4,497,"Occhiuto",159,56.6983578219533,42.9559204840104,79008,78,63.5493372606775,16.510381,38.569629,-6.85097943872413,"Peggio"
"CATANZARO","BELCASTRO",348,1,137,"Occhiuto",211,71.6049382716049,28.1893004115226,79009,78,42.5956738768719,16.846036,38.986981,29.0092643947331,"Meglio"
"CATANZARO","BORGIA",1241,37,2263,"Tridico",1022,35.0465970064953,63.9085004236091,79011,78,54.9962054136099,16.542205,38.820995,-19.9496084071146,"Peggio"
"CATANZARO","BOTRICELLO",1200,12,767,"Occhiuto",433,60.6366851945427,38.7569479535119,79012,78,53.0973451327434,16.849038,38.939093,7.53934006179932,"Meglio"
"CATANZARO","CARAFFA DI CATANZARO",580,4,423,"Occhiuto",157,57.59682224429,42.0059582919563,79017,78,51.1002444987775,16.506849,38.874012,6.49657774551247,"Meglio"
"CATANZARO","CARDINALE",516,3,258,"Occhiuto",258,66.4092664092664,33.2046332046332,79018,78,71.6247139588101,16.40265,38.634547,-5.21544754954367,"Peggio"
"CATANZARO","CARLOPOLI",316,8,383,"Tridico",67,44.6958981612447,54.1725601131542,79020,78,43.0397727272727,16.444329,39.046609,1.65612543397197,"Meglio"
"CATANZARO","CATANZARO",19770,522,16498,"Occhiuto",3272,53.7374286490894,44.8437075292199,79023,78,55.9286556603774,16.601705,38.889325,-2.19122701128794,"Peggio"
"CATANZARO","CENADI",101,1,109,"Tridico",8,47.8672985781991,51.6587677725119,79024,78,55.8303886925795,16.387765,38.7343,-7.96309011438045,"Peggio"
"CATANZARO","CENTRACHE",38,0,212,"Tridico",174,15.2,84.8,79025,78,78.2805429864253,16.43531,38.736881,-63.0805429864253,"Peggio"
"CATANZARO","CERVA",316,2,179,"Occhiuto",137,63.5814889336016,36.0160965794769,79027,78,67.3228346456693,16.755471,39.01356,-3.74134571206768,"Peggio"
"CATANZARO","CHIARAVALLE CENTRALE",1270,20,822,"Occhiuto",448,60.1325757575758,38.9204545454545,79029,78,60.4721753794266,16.392327,38.690579,-0.33959962185088,"Peggio"
"CATANZARO","CICALA",260,4,234,"Occhiuto",26,52.2088353413655,46.9879518072289,79030,78,44.2424242424242,16.483266,39.020515,7.96641109894122,"Meglio"
"CATANZARO","CONFLENTI",430,7,223,"Occhiuto",207,65.1515151515152,33.7878787878788,79033,78,62.266500622665,16.27891,39.046319,2.88501452885014,"Meglio"
"CATANZARO","CORTALE",465,5,420,"Occhiuto",45,52.247191011236,47.191011235955,79034,78,45.7920792079208,16.405574,38.824343,6.45511180331517,"Meglio"
"CATANZARO","CROPANI",1300,13,786,"Occhiuto",514,61.9342544068604,37.446403049071,79036,78,59.476490547746,16.786513,38.955142,2.45776385911442,"Meglio"
"CATANZARO","CURINGA",1362,80,1089,"Occhiuto",273,53.8127222441723,43.0264717502963,79039,78,62.7822944896116,16.282732,38.827998,-8.9695722454393,"Peggio"
"CATANZARO","DAVOLI",919,20,1238,"Tridico",319,42.2140560404226,56.8672485071199,79042,78,49.5481927710843,16.48875,38.648216,-7.33413673066174,"Peggio"
"CATANZARO","DECOLLATURA",596,39,721,"Tridico",125,43.952802359882,53.1710914454277,79043,78,36.2884160756501,16.366743,39.046148,7.66438628423189,"Meglio"
"CATANZARO","FALERNA",1063,12,620,"Occhiuto",443,62.7138643067847,36.5781710914454,79047,78,50.6143667296786,16.168285,38.999745,12.099497577106,"Meglio"
"CATANZARO","FEROLETO ANTICO",468,15,289,"Occhiuto",179,60.6217616580311,37.4352331606218,79048,78,46.421845574388,16.366589,38.942883,14.1999160836431,"Meglio"
"CATANZARO","FOSSATO SERRALTA",158,1,90,"Occhiuto",68,63.4538152610442,36.144578313253,79052,78,47.7732793522267,16.570063,39.000607,15.6805359088175,"Meglio"
"CATANZARO","GAGLIATO",149,0,58,"Occhiuto",91,71.9806763285024,28.0193236714976,79055,78,78.9699570815451,16.45779,38.673168,-6.98928075304265,"Peggio"
"CATANZARO","GASPERINA",387,7,558,"Tridico",171,40.6512605042017,58.6134453781513,79056,78,56.4655172413793,16.507183,38.739687,-15.8142567371776,"Peggio"
"CATANZARO","GIMIGLIANO",526,5,854,"Tridico",328,37.9783393501805,61.6606498194946,79058,79,50.1589825119237,16.521263,38.984526,-12.1806431617432,"Peggio"
"CATANZARO","GIRIFALCO",1318,21,1328,"Tridico",10,49.4188226471691,49.7937757780278,79059,79,40.8672294704528,16.428551,38.812517,8.5515931767163,"Meglio"
"CATANZARO","GIZZERIA",1843,10,505,"Occhiuto",1338,78.1594571670907,21.4164546225615,79060,79,77.92436235708,16.196236,38.966014,0.235094810010722,"Meglio"
"CATANZARO","GUARDAVALLE",871,16,1051,"Tridico",180,44.9432404540764,54.2311661506708,79061,79,45.2938117524701,16.502217,38.506201,-0.350571298393731,"Peggio"
"CATANZARO","ISCA SULLO IONIO",277,5,342,"Tridico",65,44.3910256410256,54.8076923076923,79063,79,56.9131832797428,16.505732,38.593533,-12.5221576387171,"Peggio"
"CATANZARO","JACURSO",128,1,153,"Tridico",25,45.3900709219858,54.2553191489362,79065,79,52.49343832021,16.370147,38.822251,-7.10336739822416,"Peggio"
"CATANZARO","LAMEZIA TERME",16830,269,9277,"Occhiuto",7553,63.8080072793449,35.1721261753109,79160,79,57.073000349284,16.277456,38.937367,6.73500693006089,"Meglio"
"CATANZARO","MAGISANO",403,2,200,"Occhiuto",203,66.6115702479339,33.0578512396694,79068,79,54.4025157232704,16.63857,39.026337,12.2090545246634,"Meglio"
"CATANZARO","MAIDA",1015,27,799,"Occhiuto",216,55.1330798479088,43.4003259098316,79069,79,58.7246376811594,16.385772,38.879928,-3.59155783325067,"Peggio"
"CATANZARO","MARCEDUSA",116,1,24,"Occhiuto",92,82.2695035460993,17.0212765957447,79071,79,78.4313725490196,16.859091,39.013326,3.83813099707967,"Meglio"
"CATANZARO","MARCELLINARA",676,14,401,"Occhiuto",275,61.961503208066,36.7552703941338,79072,79,41.4018691588785,16.464219,38.911939,20.5596340491875,"Meglio"
"CATANZARO","MARTIRANO",204,5,103,"Occhiuto",101,65.3846153846154,33.0128205128205,79073,79,61.1872146118721,16.246591,39.077613,4.19740077274324,"Meglio"
"CATANZARO","MARTIRANO LOMBARDO",296,5,155,"Occhiuto",141,64.9122807017544,33.9912280701754,79074,79,68.4434968017058,16.225969,39.05803,-3.53121609995138,"Peggio"
"CATANZARO","MIGLIERINA",177,1,113,"Occhiuto",64,60.8247422680412,38.8316151202749,79077,79,51.0204081632653,16.46921,38.967369,9.80433410477593,"Meglio"
"CATANZARO","MONTAURO",514,18,365,"Occhiuto",149,57.3021181716834,40.6911928651059,79080,79,54.8549810844893,16.526851,38.749373,2.44713708719411,"Meglio"
"CATANZARO","MONTEPAONE",1312,38,1074,"Occhiuto",238,54.1254125412541,44.3069306930693,79081,79,63.7000412031314,16.500434,38.721824,-9.57462866187731,"Peggio"
"CATANZARO","MOTTA SANTA LUCIA",231,0,118,"Occhiuto",113,66.189111747851,33.810888252149,79083,79,60.0496277915633,16.301475,39.08887,6.13948395628773,"Meglio"
"CATANZARO","NOCERA TERINESE",1396,16,855,"Occhiuto",541,61.5791795324217,37.7150419056021,79087,79,54.7420965058236,16.156849,39.034208,6.83708302659808,"Meglio"
"CATANZARO","OLIVADI",166,3,115,"Occhiuto",51,58.4507042253521,40.4929577464789,79088,79,67.0682730923695,16.419775,38.72928,-8.61756886701737,"Peggio"
"CATANZARO","PALERMITI",247,3,254,"Tridico",7,49.0079365079365,50.3968253968254,79089,80,61.9631901840491,16.46156,38.754712,-12.9552536761126,"Peggio"
"CATANZARO","PENTONE",438,6,436,"Occhiuto",2,49.7727272727273,49.5454545454545,79092,80,48.7292817679558,16.584531,38.979152,1.04344550477147,"Meglio"
"CATANZARO","PETRIZZI",230,3,234,"Tridico",4,49.2505353319058,50.1070663811563,79094,80,49.7863247863248,16.478147,38.699106,-0.535789454419003,"Peggio"
"CATANZARO","PETRONA'",765,12,354,"Occhiuto",411,67.6392572944297,31.2997347480106,79095,80,55.5888223552894,16.728972,39.063297,12.0504349391403,"Meglio"
"CATANZARO","PIANOPOLI",658,19,495,"Occhiuto",163,56.1433447098976,42.2354948805461,79096,80,24.3284727551804,16.389455,38.929069,31.8148719547173,"Meglio"
"CATANZARO","PLATANIA",509,12,301,"Occhiuto",208,61.9221411192214,36.61800486618,79099,80,58.2047685834502,16.318308,39.010506,3.7173725357712,"Meglio"
"CATANZARO","SAN FLORO",213,1,125,"Occhiuto",88,62.8318584070796,36.8731563421829,79108,80,60.8974358974359,16.510077,38.848912,1.93442250964375,"Meglio"
"CATANZARO","SAN MANGO D'AQUINO",491,5,209,"Occhiuto",282,69.645390070922,29.645390070922,79110,80,67.275494672755,16.186657,39.0598,2.36989539816705,"Meglio"
"CATANZARO","SAN PIETRO A MAIDA",914,24,782,"Occhiuto",132,53.1395348837209,45.4651162790698,79114,80,60.3448275862069,16.327663,38.85367,-7.20529270248597,"Peggio"
"CATANZARO","SAN PIETRO APOSTOLO",298,9,350,"Tridico",52,45.3576864535769,53.2724505327245,79115,80,34.9529780564263,16.471089,38.995305,10.4047083971505,"Meglio"
"CATANZARO","SAN SOSTENE",302,4,223,"Occhiuto",79,57.0888468809074,42.1550094517958,79116,80,53.951367781155,16.477064,38.620173,3.13747909975236,"Meglio"
"CATANZARO","SAN VITO SULLO IONIO",441,6,240,"Occhiuto",201,64.1921397379913,34.9344978165939,79122,80,58.7748344370861,16.383426,38.714475,5.41730530090518,"Meglio"
"CATANZARO","SANT'ANDREA APOSTOLO DELLO IONIO",306,11,553,"Tridico",247,35.1724137931034,63.5632183908046,79118,80,39.3831553973903,16.524138,38.619765,-4.21074160428683,"Peggio"
"CATANZARO","SANTA CATERINA DELLO IONIO",391,3,582,"Tridico",191,40.0614754098361,59.6311475409836,79117,101,45.2965235173824,16.525524,38.536153,-5.23504810754635,"Peggio"
"CATANZARO","SATRIANO",727,16,752,"Tridico",25,48.628762541806,50.3010033444816,79123,101,49.2486338797814,16.479905,38.659934,-0.619871337975404,"Peggio"
"CATANZARO","SELLIA",126,4,97,"Occhiuto",29,55.5066079295154,42.7312775330396,79126,101,36.7424242424242,16.631062,38.97482,18.7641836870912,"Meglio"
"CATANZARO","SELLIA MARINA",1885,18,1335,"Occhiuto",550,58.2149474984558,41.2291537986411,79127,101,65.9528907922912,16.740432,38.909742,-7.73794329383538,"Peggio"
"CATANZARO","SERRASTRETTA",777,28,561,"Occhiuto",216,56.8814055636896,41.0688140556369,79129,101,44.6808510638298,16.406849,38.981467,12.2005544998598,"Meglio"
"CATANZARO","SERSALE",1009,22,1011,"Tridico",2,49.4123408423115,49.5102840352596,79130,101,45.464079706345,16.711166,39.006279,3.94826113596641,"Meglio"
"CATANZARO","SETTINGIANO",1126,23,471,"Occhiuto",655,69.5061728395062,29.0740740740741,79131,102,62.954369682908,16.516939,38.896477,6.55180315659822,"Meglio"
"CATANZARO","SIMERI CRICHI",1083,15,935,"Occhiuto",148,53.2710280373832,45.9911460895229,79133,102,53.9708265802269,16.660335,38.90729,-0.69979854284373,"Peggio"
"CATANZARO","SORBO SAN BASILE",166,1,178,"Tridico",12,48.1159420289855,51.5942028985507,79134,102,51.5337423312883,16.51724,39.052786,-3.41780030230284,"Peggio"
"CATANZARO","SOVERATO",1736,50,2452,"Tridico",716,40.9627182633318,57.8574799433695,79137,102,40.9286523216308,16.53136,38.691381,0.0340659417009519,"Meglio"
"CATANZARO","SOVERIA MANNELLI",673,27,665,"Occhiuto",8,49.3040293040293,48.7179487179487,79138,102,43.9566704675029,16.393061,39.072733,5.34735883652645,"Meglio"
"CATANZARO","SOVERIA SIMERI",475,4,270,"Occhiuto",205,63.4178905206943,36.0480640854473,79139,102,66.2383177570093,16.688064,38.928295,-2.82042723631508,"Peggio"
"CATANZARO","SQUILLACE",814,10,881,"Tridico",67,47.741935483871,51.6715542521994,79142,102,57.9634464751958,16.523294,38.788452,-10.2215109913249,"Peggio"
"CATANZARO","STALETTI'",637,9,488,"Occhiuto",149,56.1728395061728,43.0335097001764,79143,102,54.4373284537969,16.546946,38.764832,1.73551105237595,"Meglio"
"CATANZARO","TAVERNA",628,16,656,"Tridico",28,48.3076923076923,50.4615384615385,79146,102,49.890590809628,16.575627,39.117553,-1.5828985019357,"Peggio"
"CATANZARO","TIRIOLO",709,17,848,"Tridico",139,45.0444726810673,53.8754764930114,79147,102,42.6212040490144,16.519626,38.935514,2.42326863205296,"Meglio"
"CATANZARO","TORRE DI RUGGIERO",225,4,158,"Occhiuto",67,58.1395348837209,40.8268733850129,79148,102,55.1594746716698,16.35913,38.658948,2.98006021205114,"Meglio"
"CATANZARO","VALLEFIORITA",256,4,561,"Tridico",305,31.1814859926918,68.3313032886723,79151,102,50.3378378378378,16.431049,38.769909,-19.156351845146,"Peggio"
"CATANZARO","ZAGARISE",418,2,225,"Occhiuto",193,64.8062015503876,34.8837209302326,79157,102,42.8184281842818,16.684959,38.985272,21.9877733661058,"Meglio"
"COSENZA","ACQUAFORMOSA",338,4,165,"Occhiuto",173,66.6666666666667,32.5443786982249,78001,78,40.2957486136784,16.087949,39.72457,26.3709180529883,"Meglio"
"COSENZA","ACQUAPPESA",385,12,282,"Occhiuto",103,56.701030927835,41.5316642120766,78002,78,53.2967032967033,15.979364,39.488306,3.40432763113175,"Meglio"
"COSENZA","ACRI",3922,48,5560,"Tridico",1638,41.1542497376705,58.3420776495278,78003,78,47.7431583935553,16.427679,39.495069,-6.58890865588476,"Peggio"
"COSENZA","AIELLO CALABRO",285,3,545,"Tridico",260,34.2136854741897,65.4261704681873,78004,78,23.1143552311436,16.173368,39.111465,11.0993302430461,"Meglio"
"COSENZA","AIETA",185,2,135,"Occhiuto",50,57.4534161490683,41.9254658385093,78005,78,57.4162679425837,15.846084,39.916255,0.0371482064845949,"Meglio"
"COSENZA","ALBIDONA",251,2,175,"Occhiuto",76,58.6448598130841,40.8878504672897,78006,78,47.6340694006309,16.487737,39.925247,11.0107904124532,"Meglio"
"COSENZA","ALESSANDRIA DEL CARRETTO",72,1,75,"Tridico",3,48.6486486486487,50.6756756756757,78007,78,36.9230769230769,16.391993,39.965521,11.7255717255717,"Meglio"
"COSENZA","ALTILIA",243,2,122,"Occhiuto",121,66.2125340599455,33.2425068119891,78008,78,44.6469248291572,16.259038,39.128309,21.5656092307883,"Meglio"
"COSENZA","ALTOMONTE",1286,8,601,"Occhiuto",685,67.8627968337731,31.7150395778364,78009,78,55.8154645873944,16.174929,39.685498,12.0473322463787,"Meglio"
"COSENZA","AMANTEA",3250,87,2693,"Occhiuto",557,53.8971807628524,44.6600331674959,78010,78,51.8198198198198,16.094801,39.101071,2.07736094303257,"Meglio"
"COSENZA","AMENDOLARA",598,9,455,"Occhiuto",143,56.3088512241055,42.8436911487759,78011,78,48.5802469135802,16.557524,39.957152,7.72860431052521,"Meglio"
"COSENZA","APRIGLIANO",707,7,573,"Occhiuto",134,54.9339549339549,44.5221445221445,78012,78,63.8842975206612,16.468865,39.216367,-8.95034258670623,"Peggio"
"COSENZA","BELMONTE CALABRO",515,2,348,"Occhiuto",167,59.5375722543353,40.2312138728324,78013,78,68.7743190661479,16.098148,39.173881,-9.23674681181259,"Peggio"
"COSENZA","BELSITO",171,2,304,"Tridico",133,35.8490566037736,63.7316561844864,78014,78,49.0909090909091,16.283024,39.172416,-13.2418524871355,"Peggio"
"COSENZA","BELVEDERE MARITTIMO",2395,19,1527,"Occhiuto",868,60.7713778228876,38.7465110378077,78015,78,62.020097912909,15.872628,39.638041,-1.24872009002145,"Peggio"
"COSENZA","BIANCHI",363,3,174,"Occhiuto",189,67.2222222222222,32.2222222222222,78016,78,67.4137931034483,16.43292,39.10439,-0.191570881226042,"Peggio"
"COSENZA","BISIGNANO",1906,16,2494,"Tridico",588,43.161231884058,56.4764492753623,78017,78,51.4769520225776,16.271713,39.521767,-8.31572013851964,"Peggio"
"COSENZA","BOCCHIGLIERO",215,0,323,"Tridico",108,39.9628252788104,60.0371747211896,78018,78,62.3456790123457,16.727439,39.400957,-22.3828537335353,"Peggio"
"COSENZA","BONIFATI",633,10,552,"Occhiuto",81,52.9707112970711,46.1924686192469,78019,78,52.2544283413849,15.913943,39.573502,0.716282955686268,"Meglio"
"COSENZA","BUONVICINO",570,10,205,"Occhiuto",365,72.6114649681529,26.1146496815287,78020,78,57.630979498861,15.894772,39.679816,14.9804854692918,"Meglio"
"COSENZA","CALOPEZZATI",205,2,372,"Tridico",167,35.405872193437,64.2487046632124,78021,78,54.1891891891892,16.792023,39.55604,-18.7833169957522,"Peggio"
"COSENZA","CALOVETO",229,1,241,"Tridico",12,48.619957537155,51.1677282377919,78022,78,54.5816733067729,16.76423,39.511326,-5.96171576961792,"Peggio"
"COSENZA","CAMPANA",238,0,408,"Tridico",170,36.8421052631579,63.1578947368421,78023,78,84.5697329376855,16.830521,39.399029,-47.7276276745276,"Peggio"
"COSENZA","CANNA",91,2,81,"Occhiuto",10,52.2988505747126,46.551724137931,78024,78,40.1574803149606,16.511431,40.089637,12.141370259752,"Meglio"
"COSENZA","CARIATI",1727,10,1727,"Occhiuto",0,49.8556581986143,49.8556581986143,78025,78,81.1615785554728,16.953082,39.48823,-31.3059203568585,"Peggio"
"COSENZA","CAROLEI",685,24,705,"Tridico",20,48.4441301272984,49.8585572842999,78026,78,52.468152866242,16.213942,39.25362,-4.02402273894359,"Peggio"
"COSENZA","CARPANZANO",72,3,32,"Occhiuto",40,67.2897196261682,29.9065420560748,78027,78,61.2068965517241,16.328346,39.14612,6.08282307444409,"Meglio"
"COSENZA","CASALI DEL MANCO",1746,45,3109,"Tridico",1363,35.6326530612245,63.4489795918367,78156,78,39.8750289284888,16.472907,39.295165,-4.24237586726429,"Peggio"
"COSENZA","CASSANO ALL'IONIO",4193,72,2044,"Occhiuto",2149,66.4606118243779,32.3981613567919,78029,78,67.6990376202975,16.391968,39.751464,-1.2384257959196,"Peggio"
"COSENZA","CASTIGLIONE COSENTINO",568,15,626,"Tridico",58,46.9809760132341,51.778329197684,78030,78,48.6377396569122,16.282957,39.363808,-1.65676364367813,"Peggio"
"COSENZA","CASTROLIBERO",2283,221,2352,"Tridico",69,47.0140032948929,48.4349258649094,78031,78,54.0945050245884,16.205397,39.309897,-7.0805017296955,"Peggio"
"COSENZA","CASTROREGIO",68,1,42,"Occhiuto",26,61.2612612612613,37.8378378378378,78032,78,54.0983606557377,16.473956,39.983046,7.16290060552355,"Meglio"
"COSENZA","CASTROVILLARI",4759,114,4403,"Occhiuto",356,51.3044415696421,47.4665804225959,78033,78,44.8014902782629,16.237559,39.811808,6.50295129137919,"Meglio"
"COSENZA","CELICO",568,17,659,"Tridico",91,45.6591639871383,52.9742765273312,78034,78,46.3924477410654,16.44359,39.387095,-0.73328375392714,"Peggio"
"COSENZA","CELLARA",152,2,140,"Occhiuto",12,51.7006802721088,47.6190476190476,78035,78,47.2924187725632,16.354826,39.214071,4.40826149954567,"Meglio"
"COSENZA","CERCHIARA DI CALABRIA",506,14,378,"Occhiuto",128,56.347438752784,42.0935412026726,78036,78,58.2452431289641,16.391199,39.850864,-1.8978043761801,"Peggio"
"COSENZA","CERISANO",608,29,712,"Tridico",104,45.0704225352113,52.7798369162342,78037,78,52.3957685127567,16.159152,39.279045,-7.32534597754542,"Peggio"
"COSENZA","CERVICATI",258,3,125,"Occhiuto",133,66.839378238342,32.3834196891192,78038,78,70.414201183432,16.151806,39.543416,-3.57482294508998,"Peggio"
"COSENZA","CERZETO",323,4,184,"Occhiuto",139,63.2093933463796,36.0078277886497,78039,78,53.5645472061657,16.116092,39.50776,9.64484614021395,"Meglio"
"COSENZA","CETRARO",1948,15,1403,"Occhiuto",545,57.8728461081402,41.6815210932858,78040,78,44.2892156862745,15.967303,39.53814,13.5836304218657,"Meglio"
"COSENZA","CIVITA",252,5,118,"Occhiuto",134,67.2,31.4666666666667,78041,78,54.8543689320388,16.310392,39.848628,12.3456310679612,"Meglio"
"COSENZA","CLETO",356,2,248,"Occhiuto",108,58.7458745874587,40.9240924092409,78042,78,52.734375,16.154521,39.0776,6.01149958745874,"Meglio"
"COSENZA","COLOSIMI",263,9,260,"Occhiuto",3,49.4360902255639,48.8721804511278,78043,78,52.3277467411546,16.477011,39.129803,-2.89165651559065,"Peggio"
"COSENZA","CORIGLIANO-ROSSANO",14391,265,12078,"Occhiuto",2313,53.8303284207376,45.1784244781926,78157,78,63.5726131248519,16.555749,39.607783,-9.74228470411429,"Peggio"
"COSENZA","COSENZA",12387,404,16749,"Tridico",4362,41.9329722410291,56.6993906567366,78045,78,46.9923914156061,16.272593,39.276612,-5.05941917457702,"Peggio"
"COSENZA","CROPALATI",264,3,260,"Occhiuto",4,50.0948766603416,49.3358633776091,78046,78,64.9438202247191,16.722531,39.523866,-14.8489435643775,"Peggio"
"COSENZA","CROSIA",1965,23,2118,"Tridico",153,47.8567949342426,51.5830491962981,78047,78,58.4795321637427,16.78065,39.588175,-10.6227372295001,"Peggio"
"COSENZA","DIAMANTE",1074,15,714,"Occhiuto",360,59.567387687188,39.6006655574043,78048,78,54.7786720321932,15.823848,39.69929,4.78871565499487,"Meglio"
"COSENZA","DIPIGNANO",1110,24,980,"Occhiuto",130,52.5070955534532,46.3576158940397,78049,78,48.2037533512064,16.238529,39.238838,4.30334220224672,"Meglio"
"COSENZA","DOMANICO",189,8,221,"Tridico",32,45.2153110047847,52.8708133971292,78050,78,47,16.197402,39.204856,-1.78468899521531,"Peggio"
"COSENZA","FAGNANO CASTELLO",845,4,637,"Occhiuto",208,56.864064602961,42.8667563930013,78051,78,57.8258022265881,16.048667,39.555769,-0.961737623627116,"Peggio"
"COSENZA","FALCONARA ALBANESE",353,8,234,"Occhiuto",119,59.327731092437,39.327731092437,78052,78,56.2076749435666,16.093445,39.275727,3.12005614887039,"Meglio"
"COSENZA","FIGLINE VEGLIATURO",315,1,346,"Tridico",31,47.583081570997,52.2658610271903,78053,78,72.2308892355694,16.3209,39.22087,-24.6478076645724,"Peggio"
"COSENZA","FIRMO",503,2,386,"Occhiuto",117,56.4534231200898,43.3221099887767,78054,78,52.7431421446384,16.184642,39.715758,3.71028097545139,"Meglio"
"COSENZA","FIUMEFREDDO BRUZIO",973,5,393,"Occhiuto",580,70.9700948212983,28.6652078774617,78055,78,66.6139240506329,16.098673,39.240041,4.3561707706654,"Meglio"
"COSENZA","FRANCAVILLA MARITTIMA",800,18,377,"Occhiuto",423,66.9456066945607,31.5481171548117,78056,78,74.0693196405648,16.386892,39.805308,-7.12371294600416,"Peggio"
"COSENZA","FRASCINETO",442,7,460,"Tridico",18,48.6248624862486,50.6050605060506,78057,78,61.504907306434,16.275701,39.850938,-12.8800448201854,"Peggio"
"COSENZA","FUSCALDO",2255,26,1145,"Occhiuto",1110,65.820198482195,33.420899007589,78058,78,60.2420242024202,16.039759,39.435621,5.57817427977474,"Meglio"
"COSENZA","GRIMALDI",411,1,397,"Occhiuto",14,50.8034610630408,49.0729295426452,78059,79,44.1558441558442,16.222802,39.134588,6.64761690719663,"Meglio"
"COSENZA","GRISOLIA",518,3,291,"Occhiuto",227,63.7931034482759,35.8374384236453,78060,79,52.3972602739726,15.916367,39.721012,11.3958431743033,"Meglio"
"COSENZA","GUARDIA PIEMONTESE",486,11,246,"Occhiuto",240,65.4104979811575,33.1090174966353,78061,79,57.295719844358,16.018505,39.489058,8.11477813679949,"Meglio"
"COSENZA","LAGO",747,6,435,"Occhiuto",312,62.8787878787879,36.6161616161616,78062,79,60.336011687363,16.155585,39.164312,2.54277619142484,"Meglio"
"COSENZA","LAINO BORGO",511,6,307,"Occhiuto",204,62.0145631067961,37.2572815533981,78063,79,79.9247176913425,15.941676,39.965353,-17.9101545845464,"Peggio"
"COSENZA","LAINO CASTELLO",256,2,106,"Occhiuto",150,70.3296703296703,29.1208791208791,78064,79,77.5568181818182,15.955554,39.930339,-7.22714785214784,"Peggio"
"COSENZA","LAPPANO",258,3,209,"Occhiuto",49,54.8936170212766,44.468085106383,78065,79,58.4158415841584,16.314629,39.329542,-3.52222456288182,"Peggio"
"COSENZA","LATTARICO",1257,19,603,"Occhiuto",654,66.897285790314,32.0915380521554,78066,79,76.9035532994924,16.17475,39.451504,-10.0062675091784,"Peggio"
"COSENZA","LONGOBARDI",551,8,403,"Occhiuto",148,57.2765072765073,41.8918918918919,78067,79,55.6345177664975,16.089433,39.204303,1.64198951000981,"Meglio"
"COSENZA","LONGOBUCCO",507,2,763,"Tridico",256,39.8584905660377,59.9842767295598,78068,79,55.4680664916885,16.60709,39.453035,-15.6095759256508,"Peggio"
"COSENZA","LUNGRO",870,3,346,"Occhiuto",524,71.3699753896637,28.3839212469237,78069,79,32.5581395348837,16.108044,39.748633,38.8118358547799,"Meglio"
"COSENZA","LUZZI",1837,29,2593,"Tridico",756,41.1975779322718,58.152052029603,78070,79,40.3483992467043,16.301565,39.45,0.84917868556748,"Meglio"
"COSENZA","MAIERA'",404,4,125,"Occhiuto",279,75.797373358349,23.4521575984991,78071,79,67.983367983368,15.869819,39.707585,7.81400537498098,"Meglio"
"COSENZA","MALITO",240,2,146,"Occhiuto",94,61.8556701030928,37.6288659793814,78072,79,54.6916890080429,16.24781,39.16836,7.16398109504988,"Meglio"
"COSENZA","MALVITO",422,3,354,"Occhiuto",68,54.1720154043646,45.4428754813864,78073,79,61.8421052631579,16.049456,39.606675,-7.67008985879333,"Peggio"
"COSENZA","MANDATORICCIO",422,6,633,"Tridico",211,39.7737983034873,59.6606974552309,78074,79,56.9920844327177,16.848919,39.499924,-17.2182861292304,"Peggio"
"COSENZA","MANGONE",546,11,336,"Occhiuto",210,61.1422172452408,37.6259798432251,78075,79,50.7731958762887,16.333277,39.205204,10.3690213689521,"Meglio"
"COSENZA","MARANO MARCHESATO",802,33,798,"Occhiuto",4,49.1120636864666,48.8671157379057,78076,79,57.8328981723238,16.16336,39.309767,-8.72083448585713,"Peggio"
"COSENZA","MARANO PRINCIPATO",861,46,603,"Occhiuto",258,57.0198675496689,39.9337748344371,78077,79,56.7039106145251,16.160716,39.295992,0.315956935143738,"Meglio"
"COSENZA","MARZI",170,2,297,"Tridico",127,36.2473347547974,63.3262260127932,78078,79,30.9302325581395,16.33573,39.162236,5.3171021966579,"Meglio"
"COSENZA","MENDICINO",2169,142,2248,"Tridico",79,47.5762228558894,49.3090590041676,78079,79,46.2536728697356,16.176448,39.252725,1.3225499861539,"Meglio"
"COSENZA","MONGRASSANO",465,7,253,"Occhiuto",212,64.1379310344827,34.8965517241379,78080,79,66.5706051873199,16.094448,39.521822,-2.43267415283714,"Peggio"
"COSENZA","MONTALTO UFFUGO",5669,78,3822,"Occhiuto",1847,59.2433901139095,39.9414776883687,78081,79,63.118369293122,16.177927,39.401707,-3.87497917921245,"Peggio"
"COSENZA","MONTEGIORDANO",312,5,323,"Tridico",11,48.75,50.46875,78082,79,36.6790582403965,16.557141,40.041216,12.0709417596035,"Meglio"
"COSENZA","MORANO CALABRO",933,44,576,"Occhiuto",357,60.0772698003863,37.0895041854475,78083,79,59.8564329099945,16.110398,39.862408,0.220836890391865,"Meglio"
"COSENZA","MORMANNO",728,13,587,"Occhiuto",141,54.8192771084337,44.2018072289157,78084,79,59.0545454545455,15.995803,39.874394,-4.23526834611172,"Peggio"
"COSENZA","MOTTAFOLLONE",231,1,298,"Tridico",67,43.5849056603774,56.2264150943396,78085,79,37.7224199288256,16.034126,39.648496,5.86248573155174,"Meglio"
"COSENZA","NOCARA",47,3,63,"Tridico",16,41.5929203539823,55.7522123893805,78086,79,70.2898550724638,16.464172,40.111411,-28.6969347184815,"Peggio"
"COSENZA","ORIOLO",393,1,372,"Occhiuto",21,51.3054830287206,48.5639686684073,78087,79,56.0509554140127,16.461437,40.045781,-4.74547238529212,"Peggio"
"COSENZA","ORSOMARSO",427,0,163,"Occhiuto",264,72.3728813559322,27.6271186440678,78088,80,70.8520179372197,15.927004,39.800013,1.52086341871247,"Meglio"
"COSENZA","PALUDI",252,2,196,"Occhiuto",56,56,43.5555555555556,78089,80,72.1739130434783,16.676023,39.532159,-16.1739130434783,"Peggio"
"COSENZA","PANETTIERI",144,0,51,"Occhiuto",93,73.8461538461539,26.1538461538462,78090,80,69.6517412935323,16.459667,39.076365,4.19441255262151,"Meglio"
"COSENZA","PAOLA",4164,78,2725,"Occhiuto",1439,59.7674752404191,39.1129611023396,78091,80,53.2786885245902,16.061963,39.361018,6.48878671582896,"Meglio"
"COSENZA","PAPASIDERO",186,0,67,"Occhiuto",119,73.5177865612648,26.4822134387352,78092,80,83.8951310861423,15.906386,39.871761,-10.3773445248775,"Peggio"
"COSENZA","PARENTI",620,13,490,"Occhiuto",130,55.2092609082814,43.633125556545,78093,80,58.2793709528215,16.460153,39.160169,-3.07011004454008,"Peggio"
"COSENZA","PATERNO CALABRO",411,6,323,"Occhiuto",88,55.5405405405405,43.6486486486486,78094,80,62.4092888243832,16.271724,39.212102,-6.86874828384263,"Peggio"
"COSENZA","PEDIVIGLIANO",161,2,158,"Occhiuto",3,50.1557632398754,49.221183800623,78096,80,59.5477386934673,16.331995,39.111221,-9.39197545359195,"Peggio"
"COSENZA","PIANE CRATI",564,11,268,"Occhiuto",296,66.9039145907473,31.791221826809,78097,80,63.4379263301501,16.317809,39.232013,3.46598826059726,"Meglio"
"COSENZA","PIETRAFITTA",280,6,301,"Tridico",21,47.7001703577513,51.2776831345826,78098,80,46.8299711815562,16.351167,39.25851,0.870199176195079,"Meglio"
"COSENZA","PIETRAPAOLA",216,1,298,"Tridico",82,41.9417475728155,57.8640776699029,78099,80,63.2311977715877,16.790589,39.495571,-21.2894501987722,"Peggio"
"COSENZA","PLATACI",147,8,146,"Occhiuto",1,48.8372093023256,48.5049833887043,78100,80,38.7205387205387,16.420016,39.904511,10.1166705817869,"Meglio"
"COSENZA","PRAIA A MARE",1026,33,1133,"Tridico",107,46.8065693430657,51.6879562043796,78101,80,44.987146529563,15.802683,39.890498,1.81942281350271,"Meglio"
"COSENZA","RENDE",6744,300,9488,"Tridico",2744,40.7936123880958,57.3917251391241,78102,80,42.4659438420906,16.2108,39.348338,-1.67233145399482,"Peggio"
"COSENZA","ROCCA IMPERIALE",665,11,561,"Occhiuto",104,53.7590945836702,45.3516572352466,78103,80,33.8852749852158,16.580205,40.098533,19.8738195984543,"Meglio"
"COSENZA","ROGGIANO GRAVINA",1586,13,1246,"Occhiuto",340,55.7469244288225,43.7961335676626,78104,80,45.0354609929078,16.167856,39.630588,10.7114634359147,"Meglio"
"COSENZA","ROGLIANO",1257,20,1389,"Tridico",132,47.1492873218305,52.1005251312828,78105,80,35.003170577045,16.39464,39.177593,12.1461167447854,"Meglio"
"COSENZA","ROSE",862,18,967,"Tridico",105,46.6702761234434,52.3551705468327,78106,80,43.7406483790524,16.32598,39.397601,2.92962774439105,"Meglio"
"COSENZA","ROSETO CAPO SPULICO",451,5,400,"Occhiuto",51,52.6869158878505,46.7289719626168,78107,80,29.6334012219959,16.582793,39.997195,23.0535146658546,"Meglio"
"COSENZA","ROTA GRECA",196,4,264,"Tridico",68,42.2413793103448,56.8965517241379,78109,80,64.1509433962264,16.100846,39.461996,-21.9095640858816,"Peggio"
"COSENZA","ROVITO",656,13,887,"Tridico",231,42.159383033419,57.0051413881748,78110,80,34.5425867507886,16.315055,39.308848,7.61679628263038,"Meglio"
"COSENZA","SAN BASILE",234,11,162,"Occhiuto",72,57.4938574938575,39.8034398034398,78111,80,52.0383693045564,16.183247,39.797554,5.45548818930114,"Meglio"
"COSENZA","SAN BENEDETTO ULLANO",263,3,284,"Tridico",21,47.8181818181818,51.6363636363636,78112,80,65.6794425087108,16.115136,39.423811,-17.861260690529,"Peggio"
"COSENZA","SAN COSMO ALBANESE",92,0,117,"Tridico",25,44.0191387559809,55.9808612440191,78113,80,43.7956204379562,16.421346,39.599756,0.223518318024652,"Meglio"
"COSENZA","SAN DEMETRIO CORONE",644,8,802,"Tridico",158,44.2916093535076,55.1581843191197,78114,80,51.5545505935557,16.371876,39.595743,-7.26294124004811,"Peggio"
"COSENZA","SAN DONATO DI NINEA",370,2,195,"Occhiuto",175,65.2557319223986,34.3915343915344,78115,80,40.6451612903226,16.027224,39.721685,24.610570632076,"Meglio"
"COSENZA","SAN FILI",499,20,745,"Tridico",246,39.4778481012658,58.9398734177215,78116,80,48.3050847457627,16.127567,39.333954,-8.82723664449689,"Peggio"
"COSENZA","SAN GIORGIO ALBANESE",244,7,273,"Tridico",29,46.5648854961832,52.0992366412214,78118,80,43.1289640591966,16.462773,39.600928,3.43592143698659,"Meglio"
"COSENZA","SAN GIOVANNI IN FIORE",5034,62,3528,"Occhiuto",1506,58.3719851576994,40.9090909090909,78119,80,61.358574610245,16.651022,39.268775,-2.98658945254554,"Peggio"
"COSENZA","SAN LORENZO BELLIZZI",116,3,149,"Tridico",33,43.2835820895522,55.5970149253731,78120,80,58.4795321637427,16.301248,39.907966,-15.1959500741905,"Peggio"
"COSENZA","SAN LORENZO DEL VALLO",566,6,506,"Occhiuto",60,52.5046382189239,46.9387755102041,78121,80,37.5993640699523,16.264496,39.684245,14.9052741489716,"Meglio"
"COSENZA","SAN LUCIDO",1270,30,1368,"Tridico",98,47.6011994002998,51.2743628185907,78122,80,63.2208157524613,16.082476,39.306196,-15.6196163521615,"Peggio"
"COSENZA","SAN MARCO ARGENTANO",1471,25,1408,"Occhiuto",63,50.6542699724518,48.4848484848485,78123,80,49.7250589159466,16.165149,39.582144,0.92921105650521,"Meglio"
"COSENZA","SAN MARTINO DI FINITA",150,18,249,"Tridico",99,35.9712230215827,59.7122302158273,78124,80,46.5217391304348,16.133566,39.481328,-10.5505161088521,"Peggio"
"COSENZA","SAN NICOLA ARCELLA",588,8,186,"Occhiuto",402,75.1918158567775,23.7851662404092,78125,80,56.9066147859922,15.801593,39.850214,18.2852010707853,"Meglio"
"COSENZA","SAN PIETRO IN AMANTEA",186,1,70,"Occhiuto",116,72.3735408560311,27.2373540856031,78126,80,78.8461538461538,16.110837,39.120463,-6.47261299012271,"Peggio"
"COSENZA","SAN PIETRO IN GUARANO",803,16,877,"Tridico",74,47.3466981132075,51.7099056603774,78127,80,57.7398469688052,16.351324,39.357501,-10.3931488555976,"Peggio"
"COSENZA","SAN SOSTI",512,4,316,"Occhiuto",196,61.5384615384615,37.9807692307692,78128,80,65.6914893617021,16.039664,39.666726,-4.15302782324058,"Peggio"
"COSENZA","SAN VINCENZO LA COSTA",695,7,367,"Occhiuto",328,65.0140318054256,34.3311506080449,78135,80,59.4039054470709,16.149001,39.367738,5.61012635835472,"Meglio"
"COSENZA","SANGINETO",328,2,176,"Occhiuto",152,64.8221343873518,34.7826086956522,78117,80,57.532281205165,15.91291,39.609258,7.28985318218679,"Meglio"
"COSENZA","SANT'AGATA DI ESARO",335,7,473,"Tridico",138,41.1042944785276,58.0368098159509,78131,80,66.9620253164557,15.973925,39.623221,-25.8577308379281,"Peggio"
"COSENZA","SANTA CATERINA ALBANESE",260,7,165,"Occhiuto",95,60.1851851851852,38.1944444444444,78129,101,45.3634085213033,16.08752,39.597878,14.8217766638819,"Meglio"
"COSENZA","SANTA DOMENICA TALAO",341,6,108,"Occhiuto",233,74.945054945055,23.7362637362637,78130,101,56.3451776649746,15.844939,39.827369,18.5998772800803,"Meglio"
"COSENZA","SANTA MARIA DEL CEDRO",2053,7,474,"Occhiuto",1579,81.0181531176006,18.7056037884767,78132,101,28.8198757763975,15.836005,39.753127,52.1982773412031,"Meglio"
"COSENZA","SANTA SOFIA D'EPIRO",433,6,592,"Tridico",159,41.9980601357905,57.4199806013579,78133,101,48.2474226804124,16.303515,39.575046,-6.24936254462187,"Peggio"
"COSENZA","SANTO STEFANO DI ROGLIANO",424,10,502,"Tridico",78,45.2991452991453,53.6324786324786,78134,101,38.0571428571429,16.38307,39.199682,7.24200244200244,"Meglio"
"COSENZA","SARACENA",657,30,593,"Occhiuto",64,51.328125,46.328125,78136,101,34.3728343728344,16.127468,39.77944,16.9552906271656,"Meglio"
"COSENZA","SCALA COELI",62,0,362,"Tridico",300,14.622641509434,85.377358490566,78137,101,46.0410557184751,16.900511,39.453357,-31.4184142090411,"Peggio"
"COSENZA","SCALEA",2802,42,982,"Occhiuto",1820,73.2357553580763,25.6664924202823,78138,101,52.8338945005612,15.805055,39.802469,20.4018608575152,"Meglio"
"COSENZA","SCIGLIANO",253,4,254,"Tridico",1,49.5107632093933,49.706457925636,78139,101,55.3191489361702,16.313012,39.12759,-5.80838572677687,"Peggio"
"COSENZA","SERRA D'AIELLO",108,0,127,"Tridico",19,45.9574468085106,54.0425531914894,78140,101,36.3636363636364,16.124761,39.086316,9.59381044487427,"Meglio"
"COSENZA","SPEZZANO ALBANESE",940,26,1657,"Tridico",717,35.8368280594739,63.1719405261151,78142,102,44.2806076854334,16.317862,39.693915,-8.44377962595954,"Peggio"
"COSENZA","SPEZZANO DELLA SILA",843,17,1271,"Tridico",428,39.5588925387142,59.6433599249179,78143,102,42.1052631578947,16.492205,39.350389,-2.54637061918051,"Peggio"
"COSENZA","TARSIA",459,5,310,"Occhiuto",149,59.3023255813954,40.0516795865633,78145,102,63.4615384615385,16.273826,39.627535,-4.15921288014311,"Peggio"
"COSENZA","TERRANOVA DA SIBARI",1183,24,866,"Occhiuto",317,57.0670525808008,41.7752050168837,78146,102,72.6683937823834,16.359508,39.661245,-15.6013412015826,"Peggio"
"COSENZA","TERRAVECCHIA",84,0,180,"Tridico",96,31.8181818181818,68.1818181818182,78147,102,60.5932203389831,16.954864,39.461247,-28.7750385208012,"Peggio"
"COSENZA","TORANO CASTELLO",854,25,847,"Occhiuto",7,49.4785631517961,49.0730011587486,78148,102,49.5662949194548,16.179942,39.505511,-0.0877317676587168,"Peggio"
"COSENZA","TORTORA",814,26,857,"Tridico",43,47.9670005892752,50.5008839127873,78149,102,62.2688655672164,15.827438,39.964297,-14.3018649779412,"Peggio"
"COSENZA","TREBISACCE",1999,35,1479,"Occhiuto",520,56.9029319669798,42.1007685738685,78150,102,40.4718137254902,16.522193,39.880151,16.4311182414896,"Meglio"
"COSENZA","VACCARIZZO ALBANESE",227,3,178,"Occhiuto",49,55.6372549019608,43.6274509803922,78152,102,50.1416430594901,16.435922,39.591032,5.49561184247071,"Meglio"
"COSENZA","VERBICARO",704,14,371,"Occhiuto",333,64.6464646464647,34.0679522497704,78153,102,40.4710920770878,15.933943,39.759722,24.1753725693769,"Meglio"
"COSENZA","VILLAPIANA",1366,21,716,"Occhiuto",650,64.9548264384213,34.0466000951022,78154,102,52.122905027933,16.475044,39.830433,12.8319214104883,"Meglio"
"COSENZA","ZUMPANO",517,6,686,"Tridico",169,42.7626137303557,56.7411083540116,78155,102,46.7678100263852,16.275345,39.316226,-4.00519629602956,"Peggio"
"CROTONE","BELVEDERE DI SPINELLO",545,9,202,"Occhiuto",343,72.0899470899471,26.7195767195767,101001,78,64.2433234421365,16.910525,39.205552,7.84662364781059,"Meglio"
"CROTONE","CACCURI",583,5,232,"Occhiuto",351,71.0975609756098,28.2926829268293,101002,78,46.7700258397933,16.807411,39.212487,24.3275351358165,"Meglio"
"CROTONE","CARFIZZI",131,0,149,"Tridico",18,46.7857142857143,53.2142857142857,101003,78,49.238578680203,16.994725,39.323588,-2.45286439448876,"Peggio"
"CROTONE","CASABONA",487,4,362,"Occhiuto",125,57.0926143024619,42.4384525205158,101004,78,53.9669421487603,16.954026,39.243288,3.12567215370157,"Meglio"
"CROTONE","CASTELSILANO",299,1,169,"Occhiuto",130,63.7526652452026,36.0341151385927,101005,78,56.9620253164557,16.830384,39.259595,6.79063992874686,"Meglio"
"CROTONE","CERENZIA",465,1,157,"Occhiuto",308,74.6388443017656,25.2006420545746,101006,78,64.1851106639839,16.825704,39.254753,10.4537336377817,"Meglio"
"CROTONE","CIRO'",575,3,277,"Occhiuto",298,67.2514619883041,32.3976608187135,101007,78,52.9976019184652,17.044872,39.384341,14.2538600698389,"Meglio"
"CROTONE","CIRO' MARINA",4589,23,1036,"Occhiuto",3553,81.25,18.342776203966,101008,78,56.7901234567901,17.107487,39.366775,24.4598765432099,"Meglio"
"CROTONE","COTRONEI",1170,14,717,"Occhiuto",453,61.5465544450289,37.7169910573382,101009,78,58.3059510770354,16.719517,39.171851,3.24060336799352,"Meglio"
"CROTONE","CROTONE",13446,230,7171,"Occhiuto",6275,64.4984889912218,34.3982347579988,101010,78,51.5127159997704,17.087467,39.093648,12.9857729914514,"Meglio"
"CROTONE","CRUCOLI",543,4,776,"Tridico",233,41.0430839002268,58.6545729402872,101011,78,55.1624548736462,17.001074,39.430544,-14.1193709734194,"Peggio"
"CROTONE","CUTRO",2930,21,836,"Occhiuto",2094,77.3699498283602,22.0755215209929,101012,78,64.2996108949416,16.981764,39.000778,13.0703389334186,"Meglio"
"CROTONE","ISOLA DI CAPO RIZZUTO",3299,31,1190,"Occhiuto",2109,72.9867256637168,26.3274336283186,101013,79,74.3469524447421,17.084731,38.959433,-1.36022678102532,"Peggio"
"CROTONE","MELISSA",835,6,416,"Occhiuto",419,66.4280031821798,33.0946698488465,101014,79,58.659217877095,17.046149,39.304822,7.76878530508482,"Meglio"
"CROTONE","MESORACA",1314,4,1317,"Tridico",3,49.8671726755218,49.9810246679317,101015,79,77.0114942528736,16.802356,39.062654,-27.1443215773517,"Peggio"
"CROTONE","PALLAGORIO",289,1,162,"Occhiuto",127,63.9380530973451,35.8407079646018,101016,80,46.0595446584939,16.906859,39.310254,17.8785084388513,"Meglio"
"CROTONE","PETILIA POLICASTRO",2072,13,1072,"Occhiuto",1000,65.6319290465632,33.9562876148242,101017,80,50.9045111060224,16.779334,39.113799,14.7274179405408,"Meglio"
"CROTONE","ROCCA DI NETO",1454,11,677,"Occhiuto",777,67.8804855275444,31.6059757236228,101019,80,75.4237288135593,17.004626,39.188965,-7.54324328601497,"Peggio"
"CROTONE","ROCCABERNARDA",984,2,433,"Occhiuto",551,69.3446088794926,30.5144467935166,101018,80,57.6504713560551,16.885409,39.100762,11.6941375234375,"Meglio"
"CROTONE","SAN MAURO MARCHESATO",642,7,277,"Occhiuto",365,69.3304535637149,29.9136069114471,101020,80,64.9122807017544,16.932129,39.087147,4.41817286196051,"Meglio"
"CROTONE","SAN NICOLA DELL'ALTO",158,5,119,"Occhiuto",39,56.0283687943262,42.1985815602837,101021,80,37.6984126984127,16.975698,39.280495,18.3299560959135,"Meglio"
"CROTONE","SANTA SEVERINA",438,5,453,"Tridico",15,48.8839285714286,50.5580357142857,101022,101,43.3763188745604,16.915215,39.155996,5.50760969686819,"Meglio"
"CROTONE","SAVELLI",286,2,190,"Occhiuto",96,59.8326359832636,39.7489539748954,101023,101,61.5384615384615,16.757739,39.327757,-1.70582555519795,"Peggio"
"CROTONE","SCANDALE",544,2,867,"Tridico",323,38.4996461429582,61.3588110403397,101024,101,41.6438356164384,16.99878,39.129862,-3.14418947348012,"Peggio"
"CROTONE","STRONGOLI",1537,12,1321,"Occhiuto",216,53.5540069686411,46.0278745644599,101025,102,50,17.068039,39.240466,3.55400696864111,"Meglio"
"CROTONE","UMBRIATICO",223,2,71,"Occhiuto",152,75.3378378378378,23.9864864864865,101026,102,71.3286713286713,16.936476,39.358919,4.0091665091665,"Meglio"
"CROTONE","VERZINO",329,1,344,"Tridico",15,48.813056379822,51.0385756676558,101027,102,68.1948424068768,16.844717,39.306249,-19.3817860270548,"Peggio"
"REGGIO CALABRIA","AFRICO",681,9,287,"Occhiuto",394,69.7031729785056,29.3756397134084,80001,78,78.3495145631068,15.970376,38.07477,-8.64634158460116,"Peggio"
"REGGIO CALABRIA","AGNANA CALABRA",109,1,67,"Occhiuto",42,61.5819209039548,37.8531073446328,80002,78,66.8539325842697,16.23047,38.306387,-5.27201168031485,"Peggio"
"REGGIO CALABRIA","ANOIA",643,4,254,"Occhiuto",389,71.3651498335183,28.1908990011099,80003,78,54.0041067761807,16.067319,38.44368,17.3610430573376,"Meglio"
"REGGIO CALABRIA","ANTONIMINA",430,3,106,"Occhiuto",324,79.7773654916512,19.6660482374768,80004,78,73.8582677165354,16.156552,38.28459,5.91909777511577,"Meglio"
"REGGIO CALABRIA","ARDORE",1367,20,661,"Occhiuto",706,66.748046875,32.275390625,80005,78,72.7415143603133,16.169533,38.197156,-5.99346748531332,"Peggio"
"REGGIO CALABRIA","BAGALADI",274,2,185,"Occhiuto",89,59.4360086767896,40.1301518438178,80006,78,42.5661914460285,15.815784,38.050345,16.8698172307611,"Meglio"
"REGGIO CALABRIA","BAGNARA CALABRA",3558,16,1063,"Occhiuto",2495,76.730644813457,22.9243045072245,80007,78,54.0658834369961,15.816372,38.281925,22.6647613764609,"Meglio"
"REGGIO CALABRIA","BENESTARE",481,2,474,"Occhiuto",7,50.2612330198537,49.5297805642633,80008,78,59.6837944664032,16.129934,38.169454,-9.42256144654945,"Peggio"
"REGGIO CALABRIA","BIANCO",1332,7,425,"Occhiuto",907,75.5102040816327,24.092970521542,80009,78,83.1294597349643,16.130778,38.072441,-7.61925565333166,"Peggio"
"REGGIO CALABRIA","BIVONGI",278,4,315,"Tridico",37,46.5661641541039,52.7638190954774,80010,78,41.1214953271028,16.431851,38.500795,5.44466882700105,"Meglio"
"REGGIO CALABRIA","BOVA",147,1,44,"Occhiuto",103,76.5625,22.9166666666667,80011,78,58,15.956374,38.004617,18.5625,"Meglio"
"REGGIO CALABRIA","BOVA MARINA",1184,15,419,"Occhiuto",765,73.176761433869,25.8961681087763,80013,78,68.0824484697064,15.940729,37.946013,5.09431296416254,"Meglio"
"REGGIO CALABRIA","BOVALINO",1647,22,1587,"Occhiuto",60,50.5835380835381,48.7407862407862,80012,78,75.3424657534247,16.159073,38.152437,-24.7589276698866,"Peggio"
"REGGIO CALABRIA","BRANCALEONE",1109,3,316,"Occhiuto",793,77.6610644257703,22.1288515406162,80014,78,77.3887673231218,16.072093,37.968753,0.272297102648494,"Meglio"
"REGGIO CALABRIA","BRUZZANO ZEFFIRIO",303,0,74,"Occhiuto",229,80.3713527851459,19.6286472148541,80015,78,78.1395348837209,16.068192,38.021442,2.23181790142496,"Meglio"
"REGGIO CALABRIA","CALANNA",287,3,95,"Occhiuto",192,74.5454545454545,24.6753246753247,80016,78,75.2777777777778,15.724968,38.190565,-0.732323232323225,"Peggio"
"REGGIO CALABRIA","CAMINI",117,2,102,"Occhiuto",15,52.9411764705882,46.1538461538462,80017,78,64.2633228840125,16.517447,38.4249,-11.3221464134243,"Peggio"
"REGGIO CALABRIA","CAMPO CALABRO",1326,20,804,"Occhiuto",522,61.6744186046512,37.3953488372093,80018,78,36.414305620065,15.668269,38.215841,25.2601129845861,"Meglio"
"REGGIO CALABRIA","CANDIDONI",112,2,40,"Occhiuto",72,72.7272727272727,25.974025974026,80019,78,53.2786885245902,16.016807,38.516058,19.4485842026826,"Meglio"
"REGGIO CALABRIA","CANOLO",218,4,89,"Occhiuto",129,70.096463022508,28.6173633440514,80020,78,73.2919254658385,16.182123,38.320982,-3.19546244333048,"Peggio"
"REGGIO CALABRIA","CARAFFA DEL BIANCO",208,0,27,"Occhiuto",181,88.5106382978723,11.4893617021277,80021,78,90.0735294117647,16.09903,38.071469,-1.56289111389238,"Peggio"
"REGGIO CALABRIA","CARDETO",323,11,384,"Tridico",61,44.9860724233983,53.4818941504178,80022,78,44.9438202247191,15.805875,38.09283,0.042252198679229,"Meglio"
"REGGIO CALABRIA","CARERI",499,7,399,"Occhiuto",100,55.1381215469613,44.0883977900553,80023,78,73.8446411012783,16.063575,38.183431,-18.7065195543169,"Peggio"
"REGGIO CALABRIA","CASIGNANA",327,0,66,"Occhiuto",261,83.206106870229,16.793893129771,80024,78,89.8123324396783,16.101864,38.11648,-6.60622556944928,"Peggio"
"REGGIO CALABRIA","CAULONIA",1939,17,1171,"Occhiuto",768,62.0083146786057,37.4480332587144,80025,78,65.0440917107584,16.400326,38.393726,-3.03577703215269,"Peggio"
"REGGIO CALABRIA","CIMINA'",143,0,48,"Occhiuto",95,74.869109947644,25.130890052356,80026,78,75,16.120531,38.260318,-0.130890052356023,"Peggio"
"REGGIO CALABRIA","CINQUEFRONDI",1677,18,1011,"Occhiuto",666,61.9733924611973,37.3614190687361,80027,78,42.4799081515499,16.134085,38.41105,19.4934843096474,"Meglio"
"REGGIO CALABRIA","CITTANOVA",2334,31,1327,"Occhiuto",1007,63.2177681473456,35.9425785482124,80028,78,41.0189758253184,16.072692,38.36116,22.1987923220272,"Meglio"
"REGGIO CALABRIA","CONDOFURI",1276,6,403,"Occhiuto",873,75.727002967359,23.9169139465875,80029,78,67.9886685552408,15.878506,37.978777,7.73833441211825,"Meglio"
"REGGIO CALABRIA","COSOLETO",254,0,130,"Occhiuto",124,66.1458333333333,33.8541666666667,80030,78,63.2458233890215,15.906333,38.234525,2.90000994431186,"Meglio"
"REGGIO CALABRIA","DELIANUOVA",1239,8,250,"Occhiuto",989,82.7655310621243,16.7000668002672,80031,78,66.6256914566687,15.922146,38.215097,16.1398396054555,"Meglio"
"REGGIO CALABRIA","FEROLETO DELLA CHIESA",503,1,179,"Occhiuto",324,73.6456808199122,26.207906295754,80032,78,63.922942206655,16.063689,38.468027,9.72273861325717,"Meglio"
"REGGIO CALABRIA","FERRUZZANO",238,2,63,"Occhiuto",175,78.5478547854785,20.7920792079208,80033,78,69.4444444444444,16.100253,38.027843,9.10341034103411,"Meglio"
"REGGIO CALABRIA","FIUMARA",207,1,168,"Occhiuto",39,55.0531914893617,44.6808510638298,80034,78,61.8384401114206,15.701474,38.216818,-6.78524862205892,"Peggio"
"REGGIO CALABRIA","GALATRO",391,4,218,"Occhiuto",173,63.7846655791191,35.5628058727569,80035,78,54.776299879081,16.164888,38.46135,9.00836570003806,"Meglio"
"REGGIO CALABRIA","GERACE",670,16,329,"Occhiuto",341,66.0098522167488,32.4137931034483,80036,78,63.9091646390916,16.203762,38.27887,2.10068757765713,"Meglio"
"REGGIO CALABRIA","GIFFONE",474,2,142,"Occhiuto",332,76.6990291262136,22.9773462783171,80037,79,41.9098143236074,16.158182,38.433435,34.7892148026062,"Meglio"
"REGGIO CALABRIA","GIOIA TAURO",5215,191,1434,"Occhiuto",3781,76.2426900584795,20.9649122807018,80038,79,71.885753613214,15.923729,38.427784,4.35693644526549,"Meglio"
"REGGIO CALABRIA","GIOIOSA IONICA",1726,25,1261,"Occhiuto",465,57.3041168658699,41.8658698539177,80039,79,64.3264589732339,16.316091,38.357996,-7.02234210736403,"Peggio"
"REGGIO CALABRIA","GROTTERIA",887,4,333,"Occhiuto",554,72.4673202614379,27.2058823529412,80040,79,83.4271922767498,16.26849,38.375216,-10.9598720153119,"Peggio"
"REGGIO CALABRIA","LAGANADI",180,0,41,"Occhiuto",139,81.447963800905,18.552036199095,80041,79,73.5849056603774,15.752913,38.184715,7.86305814052761,"Meglio"
"REGGIO CALABRIA","LAUREANA DI BORRELLO",1569,17,428,"Occhiuto",1141,77.9046673286991,21.2512413108242,80042,79,58.3668775158137,16.06724,38.49452,19.5377898128854,"Meglio"
"REGGIO CALABRIA","LOCRI",3569,43,1477,"Occhiuto",2092,70.1316565140499,29.0233837689133,80043,79,68.4082851278224,16.23947,38.238549,1.72337138622756,"Meglio"
"REGGIO CALABRIA","MAMMOLA",450,5,532,"Tridico",82,45.5927051671732,53.9007092198582,80044,79,43.8275636838668,16.213706,38.375948,1.76514148330649,"Meglio"
"REGGIO CALABRIA","MARINA DI GIOIOSA IONICA",1858,14,592,"Occhiuto",1266,75.4058441558442,24.025974025974,80045,79,72.681281618887,16.334656,38.320164,2.72456253695715,"Meglio"
"REGGIO CALABRIA","MAROPATI",510,7,188,"Occhiuto",322,72.3404255319149,26.6666666666667,80046,79,59.6610169491525,16.095171,38.448478,12.6794085827624,"Meglio"
"REGGIO CALABRIA","MARTONE",79,0,124,"Tridico",45,38.9162561576355,61.0837438423645,80047,79,72.6457399103139,16.299357,38.404746,-33.7294837526784,"Peggio"
"REGGIO CALABRIA","MELICUCCA'",296,4,85,"Occhiuto",211,76.8831168831169,22.0779220779221,80048,79,75.2659574468085,15.870688,38.295895,1.61715943630838,"Meglio"
"REGGIO CALABRIA","MELICUCCO",1438,18,403,"Occhiuto",1035,77.3534158149543,21.6783216783217,80049,79,59.217644610903,16.046888,38.44098,18.1357712040512,"Meglio"
"REGGIO CALABRIA","MELITO DI PORTO SALVO",3641,19,917,"Occhiuto",2724,79.549923530697,20.034957395674,80050,79,60.1165048543689,15.782443,37.949762,19.433418676328,"Meglio"
"REGGIO CALABRIA","MOLOCHIO",794,5,284,"Occhiuto",510,73.31486611265,26.2234533702678,80051,79,72.7438468550593,16.056798,38.302669,0.571019257590791,"Meglio"
"REGGIO CALABRIA","MONASTERACE",988,7,385,"Occhiuto",603,71.5942028985507,27.8985507246377,80052,79,70.9153122326775,16.558031,38.448895,0.678890665873226,"Meglio"
"REGGIO CALABRIA","MONTEBELLO JONICO",1703,10,561,"Occhiuto",1142,74.8900615655233,24.6701846965699,80053,79,59.1913493182887,15.747718,37.986891,15.6987122472346,"Meglio"
"REGGIO CALABRIA","MOTTA SAN GIOVANNI",1769,21,869,"Occhiuto",900,66.5287702143663,32.6814591951862,80054,79,60.3008775595487,15.701867,37.999903,6.22789265481762,"Meglio"
"REGGIO CALABRIA","OPPIDO MAMERTINA",1808,13,645,"Occhiuto",1163,73.3171127331711,26.1557177615572,80055,79,72.6979742173112,15.975717,38.288829,0.619138515859888,"Meglio"
"REGGIO CALABRIA","PALIZZI",552,7,235,"Occhiuto",317,69.5214105793451,29.5969773299748,80056,80,62.4347826086956,16.009325,37.956915,7.08662797064944,"Meglio"
"REGGIO CALABRIA","PALMI",4698,77,3715,"Occhiuto",983,55.3356890459364,43.7573616018846,80057,80,57.735031156868,15.872854,38.377931,-2.39934211093166,"Peggio"
"REGGIO CALABRIA","PAZZANO",132,1,76,"Occhiuto",56,63.1578947368421,36.3636363636364,80058,80,63.963963963964,16.428312,38.471565,-0.80606922712186,"Peggio"
"REGGIO CALABRIA","PLACANICA",231,4,162,"Occhiuto",69,58.1863979848867,40.8060453400504,80059,80,58.6854460093897,16.439817,38.425363,-0.499048024503018,"Peggio"
"REGGIO CALABRIA","PLATI'",798,3,348,"Occhiuto",450,69.4516971279373,30.2872062663185,80060,80,83.8709677419355,16.065809,38.222586,-14.4192706139982,"Peggio"
"REGGIO CALABRIA","POLISTENA",2195,53,2226,"Tridico",31,49.0612427358069,49.7541350022351,80061,80,42.4517146235711,16.062768,38.412428,6.60952811223574,"Meglio"
"REGGIO CALABRIA","PORTIGLIOLA",296,1,100,"Occhiuto",196,74.55919395466,25.1889168765743,80062,80,79.0754257907543,16.211513,38.221062,-4.51623183609432,"Peggio"
"REGGIO CALABRIA","REGGIO DI CALABRIA",44852,791,27294,"Occhiuto",17558,61.4941661982259,37.4213362216708,80063,80,54.7715149500609,15.717581,38.113335,6.72265124816492,"Meglio"
"REGGIO CALABRIA","RIACE",494,2,209,"Occhiuto",285,70.0709219858156,29.645390070922,80064,80,57.4850299401198,16.507071,38.405356,12.5858920456958,"Meglio"
"REGGIO CALABRIA","RIZZICONI",2490,49,664,"Occhiuto",1826,77.7396191070871,20.7305650952232,80065,80,64.472049689441,15.971433,38.414594,13.2675694176461,"Meglio"
"REGGIO CALABRIA","ROCCAFORTE DEL GRECO",105,2,35,"Occhiuto",70,73.943661971831,24.6478873239437,80066,80,63.6842105263158,15.884364,38.081967,10.2594514455152,"Meglio"
"REGGIO CALABRIA","ROCCELLA IONICA",1523,30,1021,"Occhiuto",502,59.1686091686092,39.6658896658897,80067,80,51.6169676606468,16.376735,38.3452,7.55164150796238,"Meglio"
"REGGIO CALABRIA","ROGHUDI",289,1,83,"Occhiuto",206,77.4798927613941,22.2520107238606,80068,80,72.8606356968215,15.91715,38.078296,4.61925706457258,"Meglio"
"REGGIO CALABRIA","ROSARNO",3838,42,1017,"Occhiuto",2821,78.3745150091893,20.7678170308352,80069,80,78.6547972304649,15.991227,38.471828,-0.280282221275584,"Peggio"
"REGGIO CALABRIA","SAMO",283,0,65,"Occhiuto",218,81.3218390804598,18.6781609195402,80070,80,77.7493606138107,15.997898,38.099755,3.57247846664903,"Meglio"
"REGGIO CALABRIA","SAN FERDINANDO",1224,8,430,"Occhiuto",794,73.6462093862816,25.8724428399519,80097,80,64.6153846153846,15.934851,38.482844,9.03082477089698,"Meglio"
"REGGIO CALABRIA","SAN GIORGIO MORGETO",733,6,511,"Occhiuto",222,58.64,40.88,80071,80,50.0900900900901,16.121811,38.375347,8.54990990990991,"Meglio"
"REGGIO CALABRIA","SAN GIOVANNI DI GERACE",142,2,72,"Occhiuto",70,65.7407407407407,33.3333333333333,80072,80,74.7663551401869,16.282064,38.393657,-9.02561439944617,"Peggio"
"REGGIO CALABRIA","SAN LORENZO",701,2,176,"Occhiuto",525,79.7497155858931,20.0227531285552,80073,80,59.2885375494071,15.832709,37.99861,20.4611780364859,"Meglio"
"REGGIO CALABRIA","SAN LUCA",489,3,202,"Occhiuto",287,70.4610951008646,29.1066282420749,80074,80,85.5491329479769,16.009172,38.152742,-15.0880378471123,"Peggio"
"REGGIO CALABRIA","SAN PIETRO DI CARIDA'",238,3,162,"Occhiuto",76,59.0570719602978,40.1985111662531,80075,80,50.5494505494505,16.190063,38.490863,8.50762141084722,"Meglio"
"REGGIO CALABRIA","SAN PROCOPIO",145,1,39,"Occhiuto",106,78.3783783783784,21.0810810810811,80076,80,75.9433962264151,15.901646,38.303289,2.43498215196328,"Meglio"
"REGGIO CALABRIA","SAN ROBERTO",564,1,250,"Occhiuto",314,69.2024539877301,30.6748466257669,80077,80,75.4694835680751,15.774467,38.208463,-6.26702958034505,"Peggio"
"REGGIO CALABRIA","SANT'AGATA DEL BIANCO",180,0,85,"Occhiuto",95,67.9245283018868,32.0754716981132,80079,80,90.5775075987842,16.059496,38.073816,-22.6529792968974,"Peggio"
"REGGIO CALABRIA","SANT'ALESSIO IN ASPROMONTE",102,0,75,"Occhiuto",27,57.6271186440678,42.3728813559322,80080,80,74.2331288343558,15.760636,38.175862,-16.606010190288,"Peggio"
"REGGIO CALABRIA","SANT'EUFEMIA D'ASPROMONTE",1211,7,502,"Occhiuto",709,70.406976744186,29.1860465116279,80081,80,75.1006711409396,15.847702,38.232555,-4.69369439675356,"Peggio"
"REGGIO CALABRIA","SANT'ILARIO DELLO IONIO",493,4,112,"Occhiuto",381,80.952380952381,18.3908045977011,80082,80,75.5172413793103,16.194763,38.214575,5.43513957307061,"Meglio"
"REGGIO CALABRIA","SANTA CRISTINA D'ASPROMONTE",317,1,86,"Occhiuto",231,78.4653465346535,21.2871287128713,80078,101,73.8636363636364,15.973689,38.238932,4.6017101710171,"Meglio"
"REGGIO CALABRIA","SANTO STEFANO IN ASPROMONTE",399,4,141,"Occhiuto",258,73.3455882352941,25.9191176470588,80083,101,59.8603839441536,15.814699,38.172919,13.4852042911405,"Meglio"
"REGGIO CALABRIA","SCIDO",427,4,43,"Occhiuto",384,90.084388185654,9.07172995780591,80084,101,82.9131652661064,15.948259,38.230903,7.17122291954756,"Meglio"
"REGGIO CALABRIA","SCILLA",1363,20,766,"Occhiuto",597,63.4248487668683,35.6444858073523,80085,101,60.780487804878,15.783742,38.230048,2.64436096199027,"Meglio"
"REGGIO CALABRIA","SEMINARA",752,5,418,"Occhiuto",334,64,35.5744680851064,80086,101,73.0287398673545,15.878656,38.338693,-9.02873986735446,"Peggio"
"REGGIO CALABRIA","SERRATA",275,4,93,"Occhiuto",182,73.9247311827957,25,80087,101,64.2622950819672,16.086822,38.528269,9.66243610082849,"Meglio"
"REGGIO CALABRIA","SIDERNO",3616,59,3025,"Occhiuto",591,53.9701492537313,45.1492537313433,80088,102,69.239250275634,16.27427,38.286993,-15.2691010219026,"Peggio"
"REGGIO CALABRIA","SINOPOLI",682,1,95,"Occhiuto",587,87.6606683804627,12.2107969151671,80089,102,68.4673366834171,15.876887,38.224342,19.1933316970456,"Meglio"
"REGGIO CALABRIA","STAITI",39,0,35,"Occhiuto",4,52.7027027027027,47.2972972972973,80090,102,63.6363636363636,16.042485,38.005258,-10.9336609336609,"Peggio"
"REGGIO CALABRIA","STIGNANO",265,3,156,"Occhiuto",109,62.5,36.7924528301887,80091,102,62.1176470588235,16.486504,38.387683,0.382352941176464,"Meglio"
"REGGIO CALABRIA","STILO",849,0,321,"Occhiuto",528,72.5641025641026,27.4358974358974,80092,102,69.8252688172043,16.385047,38.530382,2.73883374689825,"Meglio"
"REGGIO CALABRIA","TAURIANOVA",4611,57,1395,"Occhiuto",3216,76.051459673429,23.0084116773874,80093,102,66.4399092970522,15.995429,38.370156,9.61155037637684,"Meglio"
"REGGIO CALABRIA","TERRANOVA SAPPO MINULIO",133,2,39,"Occhiuto",94,76.4367816091954,22.4137931034483,80094,102,65.0684931506849,16.011188,38.328736,11.3682884585105,"Meglio"
"REGGIO CALABRIA","VARAPODIO",859,13,173,"Occhiuto",686,82.200956937799,16.555023923445,80095,102,64.2533936651584,15.990806,38.312312,17.9475632726407,"Meglio"
"REGGIO CALABRIA","VILLA SAN GIOVANNI",3002,42,2517,"Occhiuto",485,53.9830965653659,45.2616435892825,80096,102,50.6307339449541,15.668428,38.229246,3.35236262041181,"Meglio"
"VIBO VALENTIA","ACQUARO",631,3,361,"Occhiuto",270,63.4170854271357,36.2814070351759,102001,78,68.3882457702582,16.205557,38.533942,-4.97116034312256,"Peggio"
"VIBO VALENTIA","ARENA",159,8,414,"Tridico",255,27.3666092943201,71.2564543889845,102002,78,26.0945709281961,16.257343,38.537334,1.27203836612399,"Meglio"
"VIBO VALENTIA","BRIATICO",737,14,760,"Tridico",23,48.7756452680344,50.2978160158835,102003,78,40.0709219858156,16.019677,38.701696,8.70472328221881,"Meglio"
"VIBO VALENTIA","BROGNATURO",254,2,107,"Occhiuto",147,69.9724517906336,29.4765840220386,102004,78,59.8404255319149,16.38649,38.586232,10.1320262587187,"Meglio"
"VIBO VALENTIA","CAPISTRANO",381,6,137,"Occhiuto",244,72.7099236641221,26.1450381679389,102005,78,74.0740740740741,16.303049,38.698703,-1.36415040995195,"Peggio"
"VIBO VALENTIA","CESSANITI",763,14,484,"Occhiuto",279,60.50753370341,38.3822363203807,102006,78,68.5418208734271,16.033613,38.678462,-8.03428717001711,"Peggio"
"VIBO VALENTIA","DASA'",293,3,210,"Occhiuto",83,57.905138339921,41.501976284585,102007,78,50.251256281407,16.177841,38.566772,7.65388205851391,"Meglio"
"VIBO VALENTIA","DINAMI",484,6,227,"Occhiuto",257,67.5034867503487,31.6596931659693,102008,78,46.5857359635812,16.151435,38.543498,20.9177507867675,"Meglio"
"VIBO VALENTIA","DRAPIA",401,20,504,"Tridico",103,43.3513513513514,54.4864864864865,102009,78,35.7311320754717,15.915317,38.647534,7.62021927587966,"Meglio"
"VIBO VALENTIA","FABRIZIA",530,7,311,"Occhiuto",219,62.5,36.6745283018868,102010,78,48.7554904831625,16.287949,38.475651,13.7445095168375,"Meglio"
"VIBO VALENTIA","FILADELFIA",617,18,1888,"Tridico",1271,24.4550138723742,74.8315497423702,102011,78,72.768479776848,16.311933,38.788111,-48.3134659044738,"Peggio"
"VIBO VALENTIA","FILANDARI",348,2,262,"Occhiuto",86,56.8627450980392,42.8104575163399,102012,78,66.0084626234133,16.023978,38.622159,-9.14571752537404,"Peggio"
"VIBO VALENTIA","FILOGASO",480,2,190,"Occhiuto",290,71.4285714285714,28.2738095238095,102013,78,65.4377880184332,16.226526,38.682482,5.99078341013825,"Meglio"
"VIBO VALENTIA","FRANCAVILLA ANGITOLA",275,2,502,"Tridico",227,35.3016688061617,64.4415917843389,102014,78,61.3149847094801,16.249489,38.779114,-26.0133159033184,"Peggio"
"VIBO VALENTIA","FRANCICA",471,10,155,"Occhiuto",316,74.0566037735849,24.3710691823899,102015,78,71.7619603267211,16.127699,38.617549,2.29464344686379,"Meglio"
"VIBO VALENTIA","GEROCARNE",395,3,458,"Tridico",63,46.1448598130841,53.5046728971963,102016,79,52,16.209959,38.586048,-5.85514018691589,"Peggio"
"VIBO VALENTIA","JONADI",935,22,910,"Occhiuto",25,50.0803427959293,48.7412961971077,NA,NA,NA,NA,NA,NA,NA
"VIBO VALENTIA","JOPPOLO",369,6,289,"Occhiuto",80,55.5722891566265,43.5240963855422,102018,79,44.7537473233405,15.896992,38.594113,10.818541833286,"Meglio"
"VIBO VALENTIA","LIMBADI",595,8,613,"Tridico",18,48.9309210526316,50.4111842105263,102019,79,31.5711094564408,15.979186,38.56192,17.3598115961908,"Meglio"
"VIBO VALENTIA","MAIERATO",479,4,297,"Occhiuto",182,61.4102564102564,38.0769230769231,102020,79,59.973924380704,16.220636,38.723396,1.43633202955237,"Meglio"
"VIBO VALENTIA","MILETO",1351,17,1229,"Occhiuto",122,52.0215633423181,47.3238351944551,102021,79,54.2761940022214,16.080477,38.583484,-2.25463065990335,"Peggio"
"VIBO VALENTIA","MONGIANA",143,0,155,"Tridico",12,47.986577181208,52.0134228187919,102022,79,44.5578231292517,16.32395,38.506015,3.42875405195635,"Meglio"
"VIBO VALENTIA","MONTEROSSO CALABRO",429,3,286,"Occhiuto",143,59.7493036211699,39.8328690807799,102023,79,25.6440281030445,16.297492,38.724127,34.1052755181254,"Meglio"
"VIBO VALENTIA","NARDODIPACE",449,1,84,"Occhiuto",365,84.0823970037453,15.7303370786517,102024,79,69.7368421052632,16.350466,38.457152,14.3455548984822,"Meglio"
"VIBO VALENTIA","NICOTERA",1103,14,832,"Occhiuto",271,56.5931246793227,42.6885582349923,102025,79,45.9178857951864,15.939239,38.55248,10.6752388841363,"Meglio"
"VIBO VALENTIA","PARGHELIA",261,2,231,"Occhiuto",30,52.834008097166,46.7611336032389,102026,80,39.1650099403579,15.936145,38.679492,13.6689981568081,"Meglio"
"VIBO VALENTIA","PIZZO",1377,51,1935,"Tridico",558,40.9455842997324,57.5379125780553,102027,80,42.6955397543633,16.194214,38.757219,-1.7499554546309,"Peggio"
"VIBO VALENTIA","PIZZONI",266,11,173,"Occhiuto",93,59.1111111111111,38.4444444444444,102028,80,60.8695652173913,16.243031,38.622572,-1.7584541062802,"Peggio"
"VIBO VALENTIA","POLIA",142,2,183,"Tridico",41,43.4250764525994,55.9633027522936,102029,80,55.8095238095238,16.317929,38.749727,-12.3844473569244,"Peggio"
"VIBO VALENTIA","RICADI",1064,24,1174,"Tridico",110,47.0380194518126,51.9009725906278,102030,80,60.9756097560976,15.859827,38.635686,-13.937590304285,"Peggio"
"VIBO VALENTIA","ROMBIOLO",865,20,739,"Occhiuto",126,53.2635467980296,45.5049261083744,102031,80,47.9101684341859,15.988547,38.606999,5.35337836384366,"Meglio"
"VIBO VALENTIA","SAN CALOGERO",919,12,482,"Occhiuto",437,65.0389242745931,34.1118188251946,102032,80,63.3612363168062,16.021833,38.556035,1.67768795778689,"Meglio"
"VIBO VALENTIA","SAN COSTANTINO CALABRO",452,14,463,"Tridico",11,48.6544671689989,49.8385360602799,102033,80,49.1031390134529,16.086223,38.626748,-0.44867184445399,"Peggio"
"VIBO VALENTIA","SAN GREGORIO D'IPPONA",776,9,354,"Occhiuto",422,68.1299385425812,31.0798946444249,102034,80,70.9219858156028,16.103645,38.645886,-2.79204727302162,"Peggio"
"VIBO VALENTIA","SAN NICOLA DA CRISSA",191,3,446,"Tridico",255,29.84375,69.6875,102035,80,14.2659279778393,16.293929,38.672419,15.5778220221607,"Meglio"
"VIBO VALENTIA","SANT'ONOFRIO",675,5,495,"Occhiuto",180,57.4468085106383,42.1276595744681,102036,101,60.125,16.174664,38.683496,-2.67819148936169,"Peggio"
"VIBO VALENTIA","SERRA SAN BRUNO",1365,28,1799,"Tridico",434,42.7631578947368,56.359649122807,102037,101,44.7965310206805,16.32144,38.558222,-2.03337312594361,"Peggio"
"VIBO VALENTIA","SIMBARIO",320,2,178,"Occhiuto",142,64,35.6,102038,102,63.4090909090909,16.327538,38.617581,0.590909090909093,"Meglio"
"VIBO VALENTIA","SORIANELLO",448,2,236,"Occhiuto",212,65.3061224489796,34.402332361516,102039,102,77.3462783171521,16.264651,38.596247,-12.0401558681725,"Peggio"
"VIBO VALENTIA","SORIANO CALABRO",597,1,409,"Occhiuto",188,59.2850049652433,40.6156901688183,102040,102,65.049504950495,16.19856,38.616457,-5.76449998525175,"Peggio"
"VIBO VALENTIA","SPADOLA",205,6,282,"Tridico",77,41.5821501014199,57.2008113590264,102041,102,50.4464285714286,16.333367,38.590483,-8.86427847000869,"Peggio"
"VIBO VALENTIA","SPILINGA",313,5,317,"Tridico",4,49.2913385826772,49.9212598425197,102042,102,69.9115044247788,15.921563,38.616045,-20.6201658421016,"Peggio"
"VIBO VALENTIA","STEFANACONI",439,8,474,"Tridico",35,47.6655808903366,51.4657980456026,102043,102,60.9071274298056,16.154392,38.662545,-13.241546539469,"Peggio"
"VIBO VALENTIA","TROPEA",1345,32,803,"Occhiuto",542,61.697247706422,36.8348623853211,102044,102,56.2745098039216,15.892516,38.670767,5.42273790250045,"Meglio"
"VIBO VALENTIA","VALLELONGA",155,2,147,"Occhiuto",8,50.9868421052632,48.3552631578947,102045,102,46.3768115942029,16.29887,38.648502,4.61003051106025,"Meglio"
"VIBO VALENTIA","VAZZANO",203,30,275,"Tridico",72,39.9606299212598,54.1338582677165,102046,102,49.4432071269488,16.245588,38.641766,-9.48257720568893,"Peggio"
"VIBO VALENTIA","VIBO VALENTIA",6766,173,6284,"Occhiuto",482,51.1684186644483,47.5232549345837,102047,102,56.0096986491167,16.094735,38.682753,-4.84127998466843,"Peggio"
"VIBO VALENTIA","ZACCANOPOLI",97,3,219,"Tridico",122,30.4075235109718,68.6520376175549,102048,102,32.4786324786325,15.949427,38.660541,-2.07110896766069,"Peggio"
"VIBO VALENTIA","ZAMBRONE",506,3,284,"Occhiuto",222,63.8083228247163,35.8133669609079,102049,102,54.5824847250509,15.975392,38.693272,9.22583809966535,"Meglio"
"VIBO VALENTIA","ZUNGRI",567,12,228,"Occhiuto",339,70.2602230483271,28.2527881040892,102050,102,56.3218390804598,15.980739,38.645563,13.9383839678674,"Meglio"
