"giorno_leg","leg_14","leg_15","leg_16","leg_17","leg_18","leg_19"
1,0,0,0,0,0,0
2,0,0,0,10,0,0
3,0,0,0,10,0,0
4,0,0,0,11,0,0
5,0,0,0,11,0,0
6,0,0,0,11,0,0
7,0,0,1,11,0,0
8,0,0,1,11,0,0
9,0,0,1,11,0,0
10,0,0,1,11,0,21
11,0,0,1,11,0,21
12,0,0,1,11,0,21
13,0,0,1,11,0,21
14,0,0,1,11,0,21
15,1,0,1,11,14,21
16,12,0,1,20,14,21
17,12,0,1,20,14,21
18,12,0,1,20,14,21
19,12,0,1,20,14,21
20,12,0,1,20,14,21
21,12,79,1,21,14,21
22,12,82,1,21,14,21
23,12,82,1,22,15,21
24,12,82,1,22,15,21
25,12,82,1,22,15,21
26,12,82,1,22,15,21
27,12,82,1,22,15,21
28,12,82,1,22,15,21
29,12,82,1,22,15,21
30,12,82,1,23,15,21
31,12,82,1,23,15,21
32,12,82,1,23,15,21
33,12,92,1,23,15,21
34,12,93,1,23,15,21
35,12,93,1,23,15,21
36,12,93,1,23,15,21
37,12,93,1,23,15,21
38,12,93,1,23,15,21
39,12,93,1,23,15,21
40,12,93,1,23,15,21
41,12,93,1,23,15,21
42,12,93,3,25,15,21
43,12,93,3,25,15,21
44,12,93,3,26,15,21
45,12,93,3,26,15,21
46,12,93,3,26,15,21
47,12,93,3,26,15,21
48,12,93,3,26,15,21
49,12,93,3,26,15,21
50,13,93,3,26,15,21
51,13,93,3,29,15,21
52,13,93,3,29,15,21
53,13,93,3,29,15,21
54,13,93,3,29,15,21
55,13,93,3,29,15,21
56,13,93,3,29,15,21
57,13,93,3,29,15,21
58,13,93,3,29,15,21
59,13,93,3,29,15,21
60,13,93,3,29,15,21
61,13,93,3,29,15,21
62,13,93,3,29,15,21
63,13,93,3,29,15,21
64,13,93,3,29,15,21
65,13,93,3,29,15,21
66,13,93,3,29,15,21
67,13,93,3,29,15,21
68,13,93,3,29,15,21
69,13,93,3,29,15,21
70,13,93,3,29,15,21
71,13,93,3,29,15,21
72,13,93,3,29,15,21
73,13,93,3,29,15,21
74,13,93,3,29,15,21
75,13,93,3,29,15,21
76,13,93,3,29,15,21
77,13,93,3,29,15,21
78,13,93,4,29,15,21
79,13,93,4,29,15,21
80,13,93,4,31,15,21
81,13,93,4,31,15,21
82,13,93,4,31,15,21
83,13,93,4,31,15,21
84,13,94,4,31,15,22
85,13,94,4,31,15,22
86,13,94,4,31,15,22
87,13,94,4,31,15,22
88,13,94,4,31,15,22
89,13,94,4,31,15,22
90,13,94,4,31,15,22
91,13,94,4,31,15,22
92,13,94,4,31,15,22
93,13,94,4,31,15,22
94,13,94,4,31,15,22
95,13,94,4,31,15,22
96,13,95,4,31,15,22
97,13,95,4,31,15,22
98,13,95,4,33,15,22
99,13,95,4,34,15,22
100,13,95,4,34,15,22
101,13,95,4,34,15,22
102,13,95,4,35,15,22
103,13,95,4,35,15,22
104,13,95,4,35,15,22
105,13,95,4,35,15,22
106,13,95,4,35,15,22
107,13,95,4,35,15,22
108,13,95,4,35,15,22
109,13,95,4,35,15,22
110,13,95,4,35,15,22
111,13,95,4,35,15,22
112,13,95,4,35,15,22
113,13,95,4,35,15,22
114,13,95,4,35,15,22
115,13,95,4,35,15,22
116,13,95,4,35,15,22
117,13,95,4,35,15,22
118,13,95,4,35,15,22
119,13,95,4,35,15,22
120,13,95,4,35,15,22
121,13,95,4,35,15,22
122,13,95,4,35,16,22
123,13,95,4,35,16,22
124,13,95,4,35,16,22
125,13,95,4,35,16,22
126,13,95,4,35,16,22
127,13,95,5,35,16,22
128,13,95,5,35,16,22
129,13,95,5,35,16,22
130,13,95,5,35,16,22
131,13,95,5,35,16,22
132,13,95,5,35,16,22
133,13,95,5,35,16,22
134,13,95,5,35,16,22
135,13,95,5,35,16,22
136,13,95,5,35,16,23
137,13,95,5,35,16,23
138,13,95,5,35,16,23
139,13,95,5,35,16,23
140,13,95,5,35,16,23
141,13,96,5,35,16,23
142,13,96,5,35,16,23
143,13,96,5,35,16,23
144,13,96,5,35,16,23
145,13,96,5,35,16,23
146,13,96,5,35,16,23
147,13,96,5,35,16,23
148,13,96,5,35,16,23
149,13,96,5,35,16,23
150,13,96,5,35,16,23
151,13,96,5,35,16,23
152,13,96,5,35,16,23
153,13,96,5,35,16,23
154,13,96,5,35,16,23
155,13,96,5,35,16,23
156,13,96,5,35,16,23
157,13,96,5,35,16,23
158,13,96,5,35,16,23
159,13,96,5,35,16,23
160,13,96,5,35,16,23
161,13,96,5,35,16,23
162,13,96,5,35,16,23
163,13,96,5,35,16,23
164,13,96,5,35,16,23
165,13,96,5,35,16,23
166,13,96,5,35,16,23
167,13,96,5,35,16,23
168,13,96,5,35,16,23
169,13,96,5,35,16,23
170,13,96,5,35,16,23
171,13,96,5,35,16,23
172,13,96,5,35,16,23
173,13,96,5,35,16,23
174,13,97,5,35,16,23
175,13,98,5,35,16,23
176,13,98,5,35,16,23
177,13,98,5,35,16,23
178,13,98,5,35,16,23
179,13,98,5,35,16,23
180,13,98,5,35,16,23
181,13,98,5,35,16,23
182,13,98,5,35,16,23
183,13,98,5,35,16,23
184,13,98,5,35,16,23
185,13,98,5,35,16,23
186,13,98,5,35,16,23
187,13,98,5,35,16,23
188,13,98,5,35,16,23
189,13,98,5,35,16,23
190,13,98,5,35,16,23
191,13,98,5,35,16,24
192,13,98,5,35,17,24
193,13,98,5,35,17,24
194,13,98,5,35,17,24
195,13,98,5,35,17,24
196,13,98,5,35,17,24
197,13,98,5,35,17,24
198,13,98,5,36,17,24
199,13,98,5,36,17,24
200,13,98,5,36,17,24
201,13,98,5,36,17,24
202,13,98,5,36,17,24
203,13,98,5,36,17,24
204,13,98,5,36,17,24
205,13,98,5,36,17,24
206,13,98,5,36,17,24
207,13,98,5,36,17,24
208,13,98,5,36,17,24
209,13,98,5,36,17,24
210,13,98,5,36,17,24
211,13,98,5,36,17,24
212,13,98,5,36,17,24
213,13,98,6,36,17,24
214,13,98,6,36,17,24
215,13,98,6,36,17,24
216,13,98,6,36,17,24
217,13,98,6,36,17,24
218,13,98,6,36,17,24
219,13,98,6,36,17,24
220,13,98,7,36,17,24
221,13,98,7,36,17,24
222,13,98,7,36,17,24
223,13,98,7,36,17,24
224,13,98,7,36,17,24
225,13,98,7,36,17,24
226,13,98,7,36,17,24
227,13,98,7,36,17,24
228,13,98,7,36,17,24
229,13,98,7,36,17,24
230,13,98,7,36,17,24
231,13,98,7,36,17,24
232,13,98,7,36,17,24
233,13,98,7,36,17,24
234,13,98,7,36,17,24
235,13,98,7,36,17,24
236,13,98,7,36,17,24
237,13,98,7,36,17,24
238,13,98,7,36,17,24
239,13,98,7,36,17,24
240,13,98,7,36,17,24
241,13,98,7,36,17,24
242,13,98,7,65,17,24
243,13,98,7,65,17,24
244,13,98,7,65,17,24
245,13,98,7,95,17,24
246,13,98,7,96,17,24
247,13,98,7,100,17,24
248,13,98,7,100,17,24
249,13,98,7,100,17,24
250,13,98,7,100,17,24
251,13,98,7,100,17,24
252,13,98,7,101,17,24
253,13,98,7,101,17,24
254,13,98,8,103,17,24
255,13,98,8,103,17,24
256,13,98,8,103,18,24
257,13,98,8,103,18,24
258,13,98,8,103,18,24
259,13,98,8,103,18,24
260,13,98,8,104,18,24
261,13,98,8,104,18,24
262,13,98,8,105,18,24
263,13,98,8,105,18,24
264,13,98,8,105,18,24
265,13,98,8,105,18,24
266,13,98,8,105,18,24
267,13,98,8,125,18,24
268,13,98,8,126,18,24
269,13,98,8,129,18,24
270,13,98,8,130,18,24
271,13,98,8,130,18,24
272,13,98,8,130,18,24
273,13,98,8,130,18,24
274,13,98,8,130,18,24
275,13,98,8,130,18,24
276,13,98,8,130,18,24
277,13,99,8,130,18,24
278,13,99,8,130,18,24
279,13,99,8,130,18,24
280,13,99,9,130,18,24
281,13,99,9,130,18,24
282,13,99,9,130,18,24
283,13,99,9,130,18,24
284,13,99,9,130,20,24
285,13,99,9,130,20,24
286,13,99,9,130,20,24
287,13,99,9,130,20,24
288,13,99,9,130,20,24
289,13,99,9,130,20,24
290,13,99,9,130,20,24
291,13,99,9,130,20,24
292,13,99,9,130,20,24
293,13,99,9,130,20,24
294,13,99,9,130,20,24
295,13,99,9,130,20,24
296,13,99,9,130,20,24
297,13,99,9,130,20,24
298,13,99,9,130,20,24
299,13,99,9,130,20,24
300,13,99,9,130,20,24
301,13,99,9,130,20,24
302,13,99,9,130,20,24
303,13,100,9,130,20,24
304,13,100,9,130,20,24
305,13,100,9,130,20,24
306,13,100,9,130,20,24
307,13,101,9,130,20,24
308,13,101,9,130,20,24
309,13,101,9,130,20,24
310,13,101,9,130,20,24
311,13,101,9,130,20,24
312,13,101,9,130,20,24
313,13,101,9,130,20,24
314,13,102,9,130,20,24
315,13,103,9,130,20,24
316,13,103,9,130,20,24
317,13,103,9,130,20,24
318,13,103,9,130,20,24
319,13,103,9,130,20,24
320,13,103,9,130,20,24
321,13,103,9,130,20,24
322,13,103,9,130,20,24
323,13,103,9,130,20,24
324,13,103,9,131,20,24
325,13,103,9,131,20,24
326,13,103,9,131,20,24
327,13,103,9,131,20,24
328,13,103,9,131,20,24
329,13,103,9,131,20,24
330,13,103,9,131,20,24
331,13,103,9,132,20,24
332,13,103,9,132,20,24
333,13,103,10,132,20,24
334,13,103,10,132,20,24
335,13,103,10,132,20,24
336,13,104,10,132,20,24
337,13,104,10,132,20,24
338,13,104,10,132,20,24
339,13,104,10,132,20,24
340,13,104,10,132,20,24
341,13,104,10,132,20,24
342,13,104,10,132,20,24
343,13,104,11,132,20,24
344,13,104,11,132,20,24
345,13,104,11,132,20,24
346,13,104,11,138,20,24
347,13,104,11,138,20,24
348,13,104,11,138,20,24
349,13,104,11,138,20,24
350,13,104,11,138,20,24
351,13,104,11,139,20,24
352,13,104,11,139,20,24
353,13,104,11,139,20,25
354,13,104,11,144,20,25
355,13,105,11,144,20,25
356,13,105,11,144,20,25
357,13,105,11,144,20,25
358,13,105,11,144,20,25
359,13,105,11,144,20,25
360,13,105,11,145,20,25
361,13,105,11,145,20,25
362,13,105,11,145,20,25
363,13,105,11,145,20,25
364,13,105,11,145,20,25
365,13,105,11,145,20,25
366,13,105,11,145,20,25
367,13,105,11,145,20,25
368,13,105,11,145,20,25
369,13,105,11,145,20,25
370,13,106,11,145,20,25
371,13,106,11,145,20,25
372,13,106,11,145,20,25
373,13,106,11,148,20,25
374,13,106,11,149,20,25
375,13,106,11,149,20,25
376,13,106,11,149,20,25
377,13,106,11,149,20,25
378,13,107,11,149,20,25
379,13,107,11,149,20,25
380,13,107,11,149,20,25
381,13,107,11,149,20,25
382,13,107,11,149,20,25
383,13,107,11,149,20,25
384,13,140,11,149,20,25
385,13,140,11,149,20,25
386,13,140,11,149,20,25
387,13,140,11,149,21,25
388,13,140,11,149,21,29
389,13,140,11,149,21,29
390,13,140,11,149,21,29
391,13,140,11,149,21,29
392,13,140,11,149,21,29
393,17,140,11,149,21,29
394,24,140,11,149,21,29
395,24,140,11,149,21,29
396,24,140,11,149,21,29
397,24,141,11,149,21,29
398,24,141,11,149,21,29
399,24,141,11,149,21,38
400,24,141,11,150,21,38
401,24,141,11,150,21,38
402,24,141,11,150,21,38
403,24,141,11,150,21,38
404,24,141,11,150,21,38
405,24,141,11,150,21,38
406,24,141,11,150,22,38
407,25,141,11,150,22,38
408,25,141,11,151,22,38
409,25,141,12,151,22,38
410,25,142,12,151,22,38
411,25,142,12,151,22,38
412,26,142,12,151,22,38
413,26,142,12,151,22,38
414,26,142,12,151,23,38
415,26,142,12,151,23,38
416,26,142,12,151,23,38
417,26,142,12,151,23,38
418,26,142,12,151,23,38
419,26,142,12,151,23,38
420,26,142,12,151,23,38
421,26,142,12,151,23,38
422,26,142,12,151,23,38
423,26,142,12,151,23,38
424,26,142,12,151,23,38
425,26,142,12,151,23,38
426,26,142,12,151,23,38
427,26,142,12,151,23,38
428,26,142,12,151,23,38
429,27,142,12,151,23,38
430,27,142,12,151,23,38
431,27,142,12,151,23,38
432,27,142,12,151,23,38
433,27,142,12,151,23,38
434,27,142,12,151,23,38
435,27,142,12,151,23,38
436,27,142,12,151,23,38
437,27,142,12,151,23,38
438,27,142,12,151,23,38
439,27,142,12,151,23,38
440,27,142,12,151,23,38
441,27,142,12,151,23,38
442,27,142,12,151,23,38
443,27,142,12,151,23,38
444,27,142,12,151,24,38
445,27,142,12,151,24,38
446,27,142,12,151,24,38
447,27,142,12,151,24,38
448,27,144,12,151,24,38
449,27,144,12,151,24,38
450,27,144,12,151,24,38
451,27,144,12,151,24,38
452,27,144,12,151,24,38
453,27,144,12,151,24,38
454,27,144,12,151,24,38
455,27,144,12,151,24,38
456,27,144,12,151,24,38
457,27,144,14,151,24,38
458,27,144,14,154,24,38
459,27,148,14,154,24,38
460,27,148,14,154,25,38
461,27,150,14,154,25,38
462,27,151,14,158,27,38
463,27,151,14,161,27,38
464,27,151,14,161,27,38
465,27,151,14,164,27,38
466,27,151,14,164,27,38
467,27,151,14,164,27,38
468,27,151,14,164,27,38
469,27,152,14,164,27,38
470,27,152,14,164,27,38
471,27,152,14,164,28,38
472,27,152,14,164,28,39
473,27,152,14,164,28,39
474,27,152,14,164,28,39
475,27,152,14,164,28,39
476,27,152,14,164,28,39
477,27,152,14,164,28,39
478,27,152,14,164,28,39
479,27,152,14,164,28,39
480,27,152,14,164,28,39
481,27,152,14,164,28,39
482,27,152,14,164,28,39
483,27,152,14,164,28,39
484,27,152,14,164,28,39
485,27,152,14,164,28,39
486,27,152,14,164,28,39
487,27,152,14,164,28,39
488,27,152,14,164,28,39
489,27,152,14,164,28,39
490,27,152,14,164,28,39
491,27,152,14,164,28,39
492,27,152,14,164,28,40
493,27,152,14,164,28,40
494,27,152,14,164,28,40
495,27,152,14,164,28,40
496,27,152,14,164,28,40
497,27,152,14,164,28,40
498,27,152,14,164,28,40
499,27,152,14,164,28,40
500,27,152,14,164,28,40
501,27,152,14,164,28,40
502,27,152,14,164,28,40
503,27,152,14,164,28,40
504,27,152,14,164,28,40
505,27,153,14,164,28,40
506,27,153,14,164,28,40
507,27,153,14,164,28,40
508,27,153,14,164,28,40
509,27,153,14,164,28,40
510,27,153,14,164,28,40
511,27,154,15,164,28,40
512,27,154,15,164,28,40
513,27,154,15,164,28,40
514,27,154,15,164,28,40
515,27,154,15,164,28,40
516,27,155,15,164,28,40
517,27,157,15,164,28,40
518,27,157,15,164,28,40
519,27,157,15,164,28,40
520,27,157,15,164,28,40
521,27,157,15,164,29,40
522,27,157,15,164,29,40
523,27,159,15,164,29,40
524,27,159,15,164,29,40
525,27,161,16,164,29,40
526,28,161,16,164,29,40
527,28,161,16,164,29,40
528,28,161,17,164,29,40
529,28,161,17,164,29,40
530,28,161,17,164,29,40
531,28,161,17,164,29,40
532,28,161,17,164,34,40
533,28,161,17,164,34,40
534,28,161,17,164,35,40
535,28,161,17,164,35,40
536,28,162,17,164,35,40
537,28,162,17,164,35,40
538,28,162,17,164,35,40
539,28,162,17,164,35,40
540,28,162,17,164,35,40
541,28,162,17,164,50,40
542,28,162,17,165,75,40
543,28,162,17,165,75,40
544,28,162,17,165,75,40
545,28,162,17,165,75,40
546,28,163,17,165,77,40
547,28,163,17,165,79,40
548,28,163,17,165,80,40
549,28,163,17,165,80,41
550,28,163,17,165,80,42
551,28,165,17,165,80,42
552,28,166,17,165,80,42
553,28,166,17,165,80,42
554,28,166,17,165,80,43
555,28,166,17,165,80,43
556,28,166,18,165,80,43
557,28,166,18,165,80,43
558,28,166,18,165,80,43
559,28,167,18,165,80,43
560,28,167,20,165,81,43
561,28,167,24,165,82,43
562,28,167,28,165,82,43
563,28,167,28,167,82,43
564,28,167,28,167,82,43
565,28,168,28,167,82,43
566,28,168,28,167,82,43
567,28,168,28,167,82,43
568,28,169,28,167,82,43
569,28,169,28,167,82,43
570,28,169,28,168,83,43
571,28,169,28,168,83,43
572,28,169,28,168,83,43
573,28,169,28,168,83,43
574,28,169,29,169,83,43
575,28,169,30,170,83,44
576,28,169,30,170,83,44
577,28,169,30,170,83,44
578,28,169,30,170,84,44
579,28,174,30,170,84,44
580,28,174,30,170,84,44
581,28,174,30,170,84,44
582,28,174,30,171,84,44
583,28,174,30,171,84,44
584,28,174,30,171,84,44
585,28,174,30,171,84,44
586,28,174,30,171,84,44
587,28,174,30,171,84,44
588,28,174,30,171,84,44
589,28,174,30,171,84,44
590,28,174,31,171,85,44
591,28,174,31,171,85,44
592,28,174,31,171,85,44
593,28,174,31,171,85,44
594,28,174,31,171,85,44
595,28,174,31,171,85,44
596,28,174,31,171,85,44
597,28,174,31,171,85,44
598,28,174,31,171,85,44
599,28,174,31,171,85,44
600,28,175,31,171,85,44
601,28,175,31,171,85,44
602,28,175,32,171,85,44
603,28,175,32,171,85,44
604,28,175,32,172,85,44
605,28,175,32,172,85,44
606,28,175,32,172,85,44
607,28,175,32,172,85,44
608,28,175,32,172,85,44
609,28,175,32,180,85,44
610,28,175,32,183,85,44
611,28,175,32,186,85,44
612,28,175,32,186,85,44
613,28,175,32,186,85,44
614,28,175,32,186,85,44
615,28,175,32,186,85,44
616,28,175,32,186,85,44
617,28,175,32,187,86,44
618,28,175,32,187,86,44
619,28,175,32,187,86,44
620,28,175,32,187,86,44
621,28,175,32,187,86,44
622,28,175,32,189,86,44
623,28,175,32,189,86,44
624,28,175,32,189,86,44
625,28,175,32,191,86,44
626,28,175,34,191,89,44
627,28,175,34,191,89,44
628,28,175,34,191,89,44
629,28,175,34,191,89,44
630,28,175,34,191,89,44
631,28,175,34,191,89,44
632,28,175,34,191,89,44
633,28,175,34,192,89,44
634,28,175,34,192,90,44
635,28,175,34,192,90,44
636,28,175,34,192,90,44
637,28,175,34,192,90,44
638,28,176,34,205,90,44
639,28,176,34,206,90,44
640,28,176,34,207,90,44
641,28,176,34,208,90,44
642,28,176,34,208,90,44
643,28,176,34,208,90,44
644,28,176,34,208,90,44
645,28,179,34,208,90,44
646,28,179,34,208,90,44
647,28,179,34,208,90,44
648,28,182,34,208,92,44
649,28,183,34,208,93,44
650,28,185,34,208,93,44
651,28,187,34,208,93,44
652,28,187,34,208,94,44
653,28,187,34,208,94,44
654,28,187,34,208,96,44
655,28,187,34,208,96,44
656,28,187,34,208,96,44
657,28,187,34,208,96,44
658,28,187,35,208,96,44
659,28,188,35,208,97,44
660,28,188,35,208,97,45
661,28,188,35,210,98,45
662,28,188,35,211,98,45
663,28,188,35,211,98,45
664,28,188,35,211,98,45
665,29,190,35,211,98,46
666,29,190,35,211,100,46
667,29,190,35,211,100,46
668,29,190,35,211,100,46
669,29,190,35,211,100,46
670,29,190,35,211,100,46
671,29,190,35,211,100,46
672,29,190,35,211,100,46
673,29,190,35,211,100,46
674,29,190,35,211,100,46
675,29,190,35,211,100,46
676,29,191,35,211,100,46
677,29,191,35,211,100,46
678,29,191,35,211,100,46
679,29,191,35,211,100,46
680,29,192,35,220,101,46
681,29,192,35,220,102,46
682,29,192,35,221,102,46
683,29,192,35,221,102,46
684,29,192,35,221,102,46
685,29,192,35,221,102,46
686,29,192,35,221,102,46
687,29,193,35,221,102,46
688,29,193,35,221,102,47
689,29,193,35,221,102,47
690,29,193,35,222,102,47
691,29,193,35,222,102,47
692,29,193,35,222,102,47
693,29,193,35,223,102,48
694,29,193,35,223,102,48
695,29,193,35,224,104,48
696,29,193,35,224,104,48
697,29,193,35,224,104,48
698,29,193,35,224,104,48
699,29,193,35,224,104,48
700,29,193,35,224,104,49
701,29,193,35,224,104,49
702,29,193,35,231,105,49
703,29,193,35,231,105,49
704,29,193,35,231,105,49
705,29,193,35,231,105,49
706,29,193,35,231,105,49
707,29,193,35,231,105,49
708,29,193,35,231,105,50
709,29,193,35,231,105,50
710,29,193,35,233,105,50
711,29,193,35,233,105,50
712,29,193,35,233,105,50
713,29,193,35,233,105,50
714,29,193,35,233,105,51
715,29,193,35,233,105,51
716,29,193,35,234,105,51
717,29,193,35,235,105,51
718,29,193,35,235,105,51
719,29,193,35,235,105,51
720,29,193,35,235,105,51
721,29,193,35,235,105,51
722,29,193,35,235,105,51
723,29,193,35,235,106,51
724,29,193,35,235,106,51
725,29,193,35,235,106,51
726,29,193,35,235,106,51
727,29,193,35,235,106,51
728,29,193,35,235,106,51
729,29,193,35,235,106,51
730,29,193,36,237,106,51
731,29,193,36,237,106,51
732,29,193,36,237,106,51
733,29,NA,36,237,106,51
734,29,NA,36,237,106,51
735,29,NA,36,237,106,51
736,29,NA,36,237,106,51
737,29,NA,36,239,106,51
738,29,NA,36,245,106,51
739,29,NA,36,245,106,51
740,29,NA,36,245,106,51
741,29,NA,36,245,106,51
742,29,NA,36,245,106,51
743,29,NA,36,248,106,51
744,29,NA,36,251,106,53
745,29,NA,36,251,106,53
746,29,NA,36,251,106,53
747,29,NA,36,251,106,53
748,29,NA,36,251,106,53
749,30,NA,36,251,106,53
750,30,NA,36,251,106,53
751,30,NA,36,251,106,53
752,30,NA,36,251,106,53
753,30,NA,36,251,106,53
754,30,NA,36,251,106,53
755,30,NA,36,251,106,53
756,30,NA,36,252,106,53
757,30,NA,36,252,106,53
758,30,NA,37,252,106,53
759,30,NA,37,252,107,53
760,30,NA,37,252,109,53
761,30,NA,37,252,109,53
762,30,NA,37,252,109,53
763,30,NA,37,252,109,53
764,30,NA,37,252,109,53
765,30,NA,37,252,109,53
766,30,NA,37,252,109,53
767,30,NA,37,252,109,53
768,30,NA,37,252,109,53
769,30,NA,37,252,109,53
770,30,NA,37,252,109,53
771,30,NA,37,252,109,53
772,30,NA,37,253,110,54
773,30,NA,37,254,110,54
774,30,NA,37,254,110,54
775,30,NA,37,254,110,54
776,30,NA,37,254,110,54
777,30,NA,37,255,110,54
778,30,NA,37,255,110,54
779,30,NA,37,255,110,54
780,31,NA,37,255,110,54
781,31,NA,37,256,111,54
782,31,NA,37,256,111,54
783,31,NA,37,256,111,54
784,31,NA,37,256,111,54
785,31,NA,37,256,111,54
786,32,NA,37,256,112,54
787,32,NA,37,256,112,54
788,32,NA,37,256,113,54
789,32,NA,37,256,113,54
790,32,NA,37,256,113,54
791,32,NA,37,256,113,54
792,34,NA,37,256,113,54
793,34,NA,37,256,113,54
794,34,NA,37,256,113,54
795,34,NA,37,256,113,54
796,34,NA,37,256,113,54
797,34,NA,37,256,113,54
798,34,NA,37,256,113,54
799,34,NA,37,256,113,54
800,34,NA,37,256,114,54
801,34,NA,37,256,114,54
802,34,NA,37,256,114,54
803,34,NA,37,268,114,54
804,34,NA,37,268,114,54
805,34,NA,37,268,114,54
806,34,NA,37,268,114,54
807,34,NA,37,268,114,54
808,34,NA,37,268,114,54
809,34,NA,37,268,114,54
810,34,NA,37,268,114,54
811,34,NA,37,268,114,54
812,34,NA,37,268,114,54
813,34,NA,37,268,114,54
814,34,NA,38,269,114,54
815,34,NA,38,269,114,54
816,34,NA,38,269,114,54
817,34,NA,38,269,114,54
818,34,NA,38,269,114,54
819,34,NA,38,269,115,54
820,34,NA,38,269,116,54
821,34,NA,38,269,116,54
822,34,NA,38,269,116,54
823,34,NA,71,269,116,54
824,34,NA,71,269,116,54
825,34,NA,71,269,116,54
826,34,NA,81,269,116,54
827,34,NA,81,269,116,54
828,34,NA,81,270,117,54
829,34,NA,81,272,117,54
830,34,NA,81,272,117,54
831,34,NA,81,272,117,54
832,34,NA,81,272,117,54
833,34,NA,81,272,117,54
834,34,NA,81,272,117,54
835,34,NA,81,272,117,54
836,34,NA,81,272,117,54
837,34,NA,81,272,117,54
838,34,NA,81,272,117,54
839,34,NA,81,272,117,54
840,34,NA,81,272,117,54
841,34,NA,81,272,117,54
842,34,NA,81,273,117,55
843,34,NA,81,273,117,55
844,34,NA,81,273,117,55
845,34,NA,81,273,117,55
846,34,NA,81,273,117,55
847,34,NA,81,273,117,55
848,34,NA,81,273,117,55
849,34,NA,81,273,120,55
850,34,NA,81,273,120,55
851,34,NA,81,273,120,55
852,34,NA,81,273,120,55
853,34,NA,81,273,120,55
854,34,NA,82,273,120,55
855,36,NA,82,273,120,55
856,37,NA,82,273,121,56
857,37,NA,82,273,121,56
858,37,NA,82,273,121,56
859,37,NA,82,273,121,56
860,37,NA,82,273,121,56
861,37,NA,82,274,121,56
862,38,NA,83,274,122,56
863,38,NA,84,285,123,56
864,38,NA,84,285,124,56
865,38,NA,84,285,125,56
866,38,NA,84,285,125,56
867,38,NA,84,285,125,56
868,38,NA,84,285,125,56
869,38,NA,85,285,125,58
870,38,NA,85,286,125,58
871,38,NA,85,286,125,58
872,38,NA,85,286,125,59
873,38,NA,85,286,125,59
874,38,NA,85,286,125,59
875,38,NA,85,286,125,59
876,38,NA,85,286,126,59
877,38,NA,85,286,126,59
878,38,NA,87,286,126,59
879,38,NA,87,286,126,59
880,38,NA,87,286,126,59
881,38,NA,87,286,126,59
882,38,NA,89,286,126,59
883,38,NA,93,286,126,59
884,38,NA,93,286,126,59
885,38,NA,94,286,126,59
886,38,NA,94,286,126,60
887,38,NA,94,286,126,60
888,38,NA,94,286,126,60
889,38,NA,94,286,126,60
890,38,NA,94,286,126,60
891,39,NA,94,286,127,60
892,39,NA,94,286,127,60
893,39,NA,94,286,127,60
894,39,NA,94,286,127,60
895,39,NA,94,286,127,60
896,39,NA,94,286,127,60
897,39,NA,94,286,127,60
898,39,NA,94,286,127,60
899,39,NA,94,286,127,60
900,39,NA,94,286,127,60
901,39,NA,94,286,127,60
902,39,NA,94,286,127,60
903,39,NA,94,286,127,60
904,39,NA,94,286,127,60
905,40,NA,94,287,127,60
906,40,NA,94,287,127,60
907,40,NA,94,287,127,60
908,40,NA,94,287,127,60
909,40,NA,94,287,127,60
910,40,NA,94,287,128,60
911,40,NA,94,287,128,60
912,40,NA,94,287,128,60
913,40,NA,94,287,128,60
914,40,NA,94,287,128,60
915,40,NA,94,287,128,60
916,40,NA,94,287,128,60
917,40,NA,94,287,128,60
918,41,NA,94,290,128,60
919,41,NA,94,297,129,60
920,41,NA,96,297,129,60
921,41,NA,96,297,129,60
922,41,NA,96,297,129,60
923,41,NA,96,297,129,60
924,41,NA,96,297,129,60
925,41,NA,96,297,129,60
926,41,NA,97,297,129,60
927,41,NA,97,297,129,60
928,41,NA,97,297,129,60
929,41,NA,97,298,129,60
930,41,NA,97,298,129,60
931,41,NA,97,298,130,60
932,41,NA,97,299,131,60
933,41,NA,98,299,131,60
934,41,NA,98,299,131,60
935,41,NA,98,299,131,60
936,41,NA,98,299,131,60
937,41,NA,98,299,131,60
938,41,NA,98,299,131,60
939,41,NA,98,299,132,60
940,41,NA,98,299,133,61
941,41,NA,98,299,133,61
942,41,NA,98,300,133,61
943,41,NA,98,300,133,61
944,41,NA,98,300,133,61
945,41,NA,98,300,133,61
946,41,NA,98,300,135,61
947,41,NA,98,301,135,61
948,41,NA,98,301,135,61
949,41,NA,98,301,135,61
950,41,NA,98,301,135,61
951,41,NA,98,301,135,61
952,41,NA,98,301,135,61
953,41,NA,98,301,135,61
954,41,NA,98,301,135,61
955,41,NA,100,302,135,61
956,41,NA,100,302,135,61
957,41,NA,100,302,135,61
958,41,NA,100,302,135,61
959,41,NA,101,302,135,61
960,41,NA,103,302,135,61
961,41,NA,106,302,136,62
962,41,NA,106,302,137,63
963,41,NA,106,308,137,63
964,41,NA,106,308,137,63
965,41,NA,106,308,137,63
966,41,NA,106,308,137,63
967,41,NA,106,308,137,63
968,41,NA,106,308,137,63
969,41,NA,107,308,140,63
970,41,NA,107,308,140,63
971,41,NA,107,308,140,63
972,41,NA,107,308,140,63
973,41,NA,107,308,141,63
974,41,NA,108,308,141,63
975,41,NA,108,308,141,63
976,41,NA,108,318,141,63
977,41,NA,108,319,141,63
978,41,NA,108,319,141,63
979,41,NA,108,319,141,63
980,41,NA,108,320,141,63
981,41,NA,108,320,141,63
982,41,NA,108,320,141,63
983,41,NA,108,321,141,63
984,41,NA,108,321,141,63
985,41,NA,108,321,141,63
986,41,NA,108,321,141,63
987,41,NA,108,321,141,63
988,41,NA,108,321,141,63
989,41,NA,108,321,142,63
990,41,NA,108,321,148,63
991,41,NA,108,321,148,63
992,41,NA,108,321,148,63
993,41,NA,108,321,148,63
994,41,NA,108,321,148,63
995,41,NA,108,321,148,63
996,41,NA,108,321,148,63
997,41,NA,129,321,148,63
998,41,NA,129,321,148,63
999,41,NA,129,321,148,63
1000,41,NA,129,321,148,63
1001,42,NA,129,321,148,63
1002,42,NA,129,322,148,63
1003,44,NA,129,322,148,63
1004,44,NA,129,322,148,63
1005,44,NA,129,322,148,64
1006,44,NA,129,322,148,64
1007,44,NA,129,322,148,64
1008,44,NA,129,326,148,64
1009,44,NA,129,331,148,64
1010,44,NA,129,331,148,64
1011,44,NA,129,331,148,64
1012,44,NA,129,331,148,64
1013,44,NA,129,331,148,64
1014,44,NA,129,331,148,64
1015,45,NA,129,331,148,64
1016,45,NA,129,332,148,64
1017,45,NA,129,332,148,64
1018,45,NA,129,332,148,65
1019,45,NA,129,332,148,65
1020,45,NA,129,332,148,65
1021,45,NA,129,332,148,65
1022,45,NA,129,332,148,65
1023,45,NA,130,332,148,65
1024,45,NA,130,332,148,65
1025,45,NA,131,332,148,65
1026,45,NA,136,332,148,65
1027,45,NA,136,332,148,65
1028,45,NA,136,332,148,65
1029,45,NA,139,332,150,65
1030,45,NA,141,332,150,65
1031,45,NA,141,332,151,65
1032,45,NA,143,332,152,65
1033,45,NA,144,332,152,65
1034,45,NA,145,332,152,65
1035,45,NA,145,332,152,65
1036,45,NA,145,332,152,65
1037,45,NA,145,332,162,65
1038,45,NA,161,333,162,65
1039,45,NA,161,334,162,65
1040,45,NA,161,334,162,65
1041,45,NA,161,334,162,65
1042,45,NA,161,334,162,NA
1043,45,NA,161,334,162,NA
1044,45,NA,161,334,163,NA
1045,45,NA,161,334,163,NA
1046,45,NA,161,334,164,NA
1047,45,NA,161,334,164,NA
1048,45,NA,161,335,164,NA
1049,45,NA,161,335,164,NA
1050,45,NA,161,335,164,NA
1051,45,NA,161,336,164,NA
1052,45,NA,161,336,164,NA
1053,45,NA,161,337,164,NA
1054,45,NA,161,337,164,NA
1055,45,NA,161,337,164,NA
1056,45,NA,161,337,164,NA
1057,45,NA,161,337,167,NA
1058,45,NA,162,337,167,NA
1059,45,NA,162,338,167,NA
1060,45,NA,163,338,168,NA
1061,45,NA,163,340,205,NA
1062,45,NA,163,340,205,NA
1063,45,NA,163,340,205,NA
1064,45,NA,163,340,205,NA
1065,47,NA,164,341,205,NA
1066,47,NA,164,341,205,NA
1067,47,NA,164,341,206,NA
1068,47,NA,164,341,206,NA
1069,47,NA,164,341,206,NA
1070,47,NA,164,341,206,NA
1071,48,NA,164,342,206,NA
1072,48,NA,164,342,209,NA
1073,48,NA,164,342,210,NA
1074,48,NA,164,342,210,NA
1075,48,NA,164,342,210,NA
1076,48,NA,164,342,210,NA
1077,48,NA,164,342,210,NA
1078,48,NA,164,342,210,NA
1079,48,NA,164,342,211,NA
1080,48,NA,164,342,211,NA
1081,48,NA,165,342,211,NA
1082,48,NA,165,342,211,NA
1083,48,NA,165,342,211,NA
1084,48,NA,165,342,211,NA
1085,48,NA,165,342,211,NA
1086,48,NA,165,342,211,NA
1087,48,NA,165,342,211,NA
1088,48,NA,165,342,212,NA
1089,48,NA,165,342,214,NA
1090,48,NA,165,342,214,NA
1091,48,NA,165,342,214,NA
1092,48,NA,165,342,214,NA
1093,48,NA,165,342,214,NA
1094,48,NA,165,343,215,NA
1095,48,NA,165,344,215,NA
1096,48,NA,165,344,215,NA
1097,48,NA,165,344,215,NA
1098,48,NA,165,344,215,NA
1099,48,NA,165,344,215,NA
1100,48,NA,165,345,217,NA
1101,48,NA,165,345,217,NA
1102,48,NA,165,345,217,NA
1103,48,NA,165,345,217,NA
1104,48,NA,165,345,217,NA
1105,48,NA,165,345,217,NA
1106,48,NA,165,345,217,NA
1107,48,NA,165,345,217,NA
1108,48,NA,165,345,217,NA
1109,48,NA,165,345,218,NA
1110,48,NA,165,345,218,NA
1111,48,NA,165,345,218,NA
1112,48,NA,165,345,218,NA
1113,48,NA,165,345,218,NA
1114,48,NA,165,345,218,NA
1115,48,NA,165,345,219,NA
1116,48,NA,165,345,220,NA
1117,48,NA,165,345,220,NA
1118,48,NA,165,345,220,NA
1119,48,NA,165,345,220,NA
1120,48,NA,165,345,220,NA
1121,48,NA,165,345,220,NA
1122,48,NA,165,345,221,NA
1123,48,NA,165,347,221,NA
1124,48,NA,165,347,221,NA
1125,48,NA,165,347,221,NA
1126,48,NA,165,347,221,NA
1127,48,NA,165,347,221,NA
1128,48,NA,165,347,221,NA
1129,48,NA,165,347,221,NA
1130,48,NA,165,347,221,NA
1131,48,NA,165,347,221,NA
1132,48,NA,165,347,221,NA
1133,48,NA,165,347,221,NA
1134,48,NA,165,347,221,NA
1135,48,NA,165,347,221,NA
1136,48,NA,165,347,221,NA
1137,48,NA,165,347,221,NA
1138,48,NA,165,347,221,NA
1139,48,NA,165,348,221,NA
1140,48,NA,165,348,221,NA
1141,48,NA,165,348,221,NA
1142,49,NA,165,348,221,NA
1143,49,NA,165,348,221,NA
1144,49,NA,166,348,221,NA
1145,49,NA,166,348,221,NA
1146,49,NA,166,348,221,NA
1147,49,NA,166,348,221,NA
1148,49,NA,167,348,221,NA
1149,49,NA,167,348,221,NA
1150,49,NA,168,349,221,NA
1151,49,NA,168,349,221,NA
1152,49,NA,168,349,222,NA
1153,49,NA,168,349,222,NA
1154,49,NA,168,349,222,NA
1155,49,NA,168,349,222,NA
1156,49,NA,169,349,222,NA
1157,49,NA,169,350,222,NA
1158,49,NA,169,351,246,NA
1159,49,NA,169,351,247,NA
1160,49,NA,169,351,247,NA
1161,49,NA,169,351,247,NA
1162,49,NA,169,351,247,NA
1163,49,NA,169,351,247,NA
1164,49,NA,169,352,247,NA
1165,49,NA,170,352,247,NA
1166,49,NA,170,352,247,NA
1167,49,NA,170,352,247,NA
1168,49,NA,170,352,247,NA
1169,49,NA,170,352,247,NA
1170,49,NA,170,352,248,NA
1171,49,NA,170,352,248,NA
1172,49,NA,182,352,248,NA
1173,49,NA,185,352,248,NA
1174,49,NA,185,352,248,NA
1175,49,NA,185,352,248,NA
1176,49,NA,185,352,248,NA
1177,49,NA,185,352,248,NA
1178,49,NA,185,352,248,NA
1179,49,NA,188,352,248,NA
1180,49,NA,188,352,248,NA
1181,49,NA,188,352,248,NA
1182,49,NA,188,352,248,NA
1183,49,NA,188,352,248,NA
1184,49,NA,188,352,248,NA
1185,49,NA,188,352,248,NA
1186,49,NA,188,352,248,NA
1187,49,NA,188,352,248,NA
1188,49,NA,188,352,248,NA
1189,49,NA,188,352,248,NA
1190,49,NA,188,352,248,NA
1191,49,NA,188,352,248,NA
1192,49,NA,189,352,248,NA
1193,49,NA,196,352,248,NA
1194,49,NA,196,352,248,NA
1195,49,NA,196,352,248,NA
1196,49,NA,196,352,248,NA
1197,49,NA,196,352,248,NA
1198,49,NA,196,352,248,NA
1199,49,NA,196,352,248,NA
1200,49,NA,196,352,248,NA
1201,49,NA,196,352,249,NA
1202,49,NA,196,352,249,NA
1203,49,NA,196,352,249,NA
1204,49,NA,196,352,249,NA
1205,49,NA,196,352,249,NA
1206,49,NA,196,352,249,NA
1207,49,NA,196,352,249,NA
1208,49,NA,196,352,249,NA
1209,49,NA,196,352,249,NA
1210,49,NA,196,352,249,NA
1211,49,NA,196,352,250,NA
1212,49,NA,196,352,250,NA
1213,49,NA,196,352,250,NA
1214,49,NA,196,356,251,NA
1215,49,NA,196,357,251,NA
1216,49,NA,196,357,251,NA
1217,49,NA,196,357,251,NA
1218,49,NA,196,357,251,NA
1219,49,NA,196,357,252,NA
1220,51,NA,196,360,252,NA
1221,51,NA,196,360,253,NA
1222,51,NA,196,360,253,NA
1223,51,NA,196,360,253,NA
1224,51,NA,196,360,253,NA
1225,51,NA,196,360,253,NA
1226,51,NA,196,360,253,NA
1227,51,NA,197,360,253,NA
1228,51,NA,197,360,253,NA
1229,51,NA,197,360,254,NA
1230,51,NA,197,360,254,NA
1231,51,NA,197,360,254,NA
1232,51,NA,197,360,254,NA
1233,51,NA,197,360,254,NA
1234,52,NA,197,362,254,NA
1235,52,NA,197,363,254,NA
1236,52,NA,197,364,254,NA
1237,52,NA,197,364,254,NA
1238,52,NA,197,364,254,NA
1239,52,NA,197,364,254,NA
1240,52,NA,197,364,254,NA
1241,52,NA,197,364,254,NA
1242,52,NA,197,364,254,NA
1243,52,NA,197,364,254,NA
1244,52,NA,197,364,254,NA
1245,52,NA,197,364,254,NA
1246,52,NA,197,364,254,NA
1247,52,NA,198,364,254,NA
1248,52,NA,198,364,254,NA
1249,52,NA,199,364,254,NA
1250,52,NA,199,364,254,NA
1251,52,NA,199,364,254,NA
1252,52,NA,199,364,254,NA
1253,52,NA,199,364,254,NA
1254,52,NA,199,364,254,NA
1255,52,NA,199,364,254,NA
1256,52,NA,199,364,254,NA
1257,52,NA,199,364,254,NA
1258,52,NA,199,364,254,NA
1259,52,NA,199,364,254,NA
1260,52,NA,199,364,254,NA
1261,52,NA,199,364,254,NA
1262,52,NA,199,364,254,NA
1263,52,NA,199,364,254,NA
1264,52,NA,199,364,254,NA
1265,52,NA,200,364,254,NA
1266,52,NA,200,364,254,NA
1267,53,NA,200,364,254,NA
1268,53,NA,200,364,254,NA
1269,53,NA,200,364,255,NA
1270,53,NA,200,364,255,NA
1271,53,NA,200,364,255,NA
1272,53,NA,200,364,255,NA
1273,53,NA,200,364,255,NA
1274,53,NA,200,364,255,NA
1275,53,NA,200,365,255,NA
1276,53,NA,200,365,255,NA
1277,53,NA,200,365,256,NA
1278,53,NA,200,365,256,NA
1279,53,NA,200,365,256,NA
1280,53,NA,200,365,256,NA
1281,53,NA,200,365,256,NA
1282,53,NA,200,365,256,NA
1283,53,NA,200,365,256,NA
1284,53,NA,206,365,256,NA
1285,53,NA,208,365,256,NA
1286,53,NA,208,365,256,NA
1287,53,NA,208,365,256,NA
1288,53,NA,209,365,256,NA
1289,53,NA,209,365,256,NA
1290,53,NA,209,366,256,NA
1291,53,NA,212,366,256,NA
1292,53,NA,212,366,256,NA
1293,53,NA,213,366,256,NA
1294,53,NA,213,366,256,NA
1295,53,NA,213,366,256,NA
1296,53,NA,213,366,256,NA
1297,53,NA,213,366,256,NA
1298,53,NA,213,366,256,NA
1299,53,NA,213,366,256,NA
1300,53,NA,213,366,256,NA
1301,53,NA,213,366,256,NA
1302,53,NA,213,366,256,NA
1303,53,NA,213,366,256,NA
1304,53,NA,213,366,256,NA
1305,53,NA,213,382,256,NA
1306,53,NA,213,382,256,NA
1307,53,NA,213,382,256,NA
1308,53,NA,213,382,256,NA
1309,53,NA,213,382,256,NA
1310,53,NA,213,383,256,NA
1311,53,NA,213,383,256,NA
1312,54,NA,213,383,256,NA
1313,54,NA,213,383,256,NA
1314,54,NA,213,383,256,NA
1315,55,NA,213,383,256,NA
1316,55,NA,213,383,256,NA
1317,55,NA,213,383,256,NA
1318,55,NA,213,383,256,NA
1319,55,NA,213,384,256,NA
1320,55,NA,213,385,256,NA
1321,55,NA,213,385,256,NA
1322,55,NA,213,385,256,NA
1323,55,NA,213,385,256,NA
1324,55,NA,213,385,256,NA
1325,56,NA,213,385,256,NA
1326,56,NA,213,385,256,NA
1327,56,NA,214,385,256,NA
1328,56,NA,214,385,256,NA
1329,57,NA,214,385,256,NA
1330,57,NA,214,385,256,NA
1331,57,NA,214,385,256,NA
1332,57,NA,215,385,256,NA
1333,57,NA,216,385,258,NA
1334,57,NA,216,385,258,NA
1335,57,NA,216,385,258,NA
1336,57,NA,216,385,258,NA
1337,57,NA,216,385,258,NA
1338,57,NA,216,385,258,NA
1339,58,NA,216,385,258,NA
1340,58,NA,216,385,258,NA
1341,58,NA,216,385,258,NA
1342,58,NA,216,385,258,NA
1343,58,NA,216,385,258,NA
1344,60,NA,216,385,258,NA
1345,60,NA,216,385,259,NA
1346,60,NA,216,385,260,NA
1347,60,NA,216,385,260,NA
1348,60,NA,216,385,260,NA
1349,60,NA,216,385,260,NA
1350,60,NA,216,385,261,NA
1351,60,NA,216,385,261,NA
1352,60,NA,216,385,261,NA
1353,60,NA,216,385,261,NA
1354,60,NA,216,385,261,NA
1355,60,NA,216,385,261,NA
1356,60,NA,216,385,261,NA
1357,60,NA,216,385,261,NA
1358,60,NA,216,385,261,NA
1359,60,NA,216,385,261,NA
1360,60,NA,216,389,261,NA
1361,60,NA,216,389,261,NA
1362,60,NA,216,389,261,NA
1363,60,NA,216,389,261,NA
1364,60,NA,216,389,261,NA
1365,60,NA,216,389,261,NA
1366,60,NA,216,389,261,NA
1367,60,NA,216,389,261,NA
1368,60,NA,216,389,263,NA
1369,60,NA,216,389,264,NA
1370,60,NA,216,389,264,NA
1371,60,NA,216,389,264,NA
1372,60,NA,216,389,264,NA
1373,61,NA,216,389,264,NA
1374,61,NA,216,389,264,NA
1375,61,NA,216,389,264,NA
1376,61,NA,216,389,264,NA
1377,61,NA,216,389,264,NA
1378,61,NA,216,389,264,NA
1379,61,NA,216,389,264,NA
1380,61,NA,217,389,264,NA
1381,61,NA,218,389,264,NA
1382,61,NA,218,390,264,NA
1383,61,NA,218,390,264,NA
1384,61,NA,218,390,264,NA
1385,61,NA,218,390,264,NA
1386,61,NA,218,390,264,NA
1387,61,NA,218,390,264,NA
1388,61,NA,218,390,265,NA
1389,61,NA,218,390,265,NA
1390,61,NA,218,390,265,NA
1391,61,NA,218,390,265,NA
1392,61,NA,218,390,265,NA
1393,61,NA,218,390,265,NA
1394,62,NA,218,390,265,NA
1395,62,NA,218,390,268,NA
1396,62,NA,218,390,269,NA
1397,62,NA,218,390,269,NA
1398,62,NA,218,390,269,NA
1399,62,NA,218,390,269,NA
1400,62,NA,218,390,269,NA
1401,62,NA,218,390,269,NA
1402,62,NA,219,390,269,NA
1403,62,NA,219,392,269,NA
1404,62,NA,219,392,269,NA
1405,62,NA,219,392,270,NA
1406,62,NA,219,392,270,NA
1407,63,NA,219,392,270,NA
1408,63,NA,219,392,270,NA
1409,63,NA,219,392,271,NA
1410,63,NA,219,393,271,NA
1411,63,NA,219,393,271,NA
1412,63,NA,219,393,271,NA
1413,63,NA,219,393,271,NA
1414,63,NA,219,393,271,NA
1415,64,NA,219,393,271,NA
1416,64,NA,219,393,271,NA
1417,64,NA,219,393,272,NA
1418,64,NA,219,393,272,NA
1419,64,NA,219,393,272,NA
1420,64,NA,219,393,272,NA
1421,64,NA,219,393,272,NA
1422,64,NA,219,393,272,NA
1423,64,NA,219,393,272,NA
1424,64,NA,219,394,273,NA
1425,64,NA,219,397,273,NA
1426,64,NA,219,397,273,NA
1427,64,NA,219,397,273,NA
1428,64,NA,219,397,273,NA
1429,64,NA,219,397,273,NA
1430,64,NA,219,397,273,NA
1431,64,NA,219,397,273,NA
1432,64,NA,219,397,273,NA
1433,64,NA,219,397,273,NA
1434,64,NA,219,397,273,NA
1435,64,NA,219,397,273,NA
1436,64,NA,219,397,274,NA
1437,65,NA,219,397,274,NA
1438,67,NA,219,397,275,NA
1439,67,NA,219,397,275,NA
1440,67,NA,219,397,275,NA
1441,68,NA,219,397,275,NA
1442,68,NA,219,397,275,NA
1443,68,NA,219,448,275,NA
1444,68,NA,219,448,275,NA
1445,68,NA,219,449,275,NA
1446,68,NA,219,449,275,NA
1447,68,NA,219,449,275,NA
1448,68,NA,219,449,275,NA
1449,68,NA,219,450,275,NA
1450,68,NA,221,450,275,NA
1451,68,NA,221,451,276,NA
1452,68,NA,221,451,278,NA
1453,68,NA,221,451,278,NA
1454,68,NA,221,451,278,NA
1455,68,NA,221,451,278,NA
1456,68,NA,221,451,278,NA
1457,68,NA,221,452,278,NA
1458,68,NA,221,452,278,NA
1459,68,NA,221,452,278,NA
1460,68,NA,221,453,278,NA
1461,68,NA,221,453,278,NA
1462,68,NA,221,453,278,NA
1463,68,NA,222,453,278,NA
1464,68,NA,222,453,278,NA
1465,68,NA,222,457,278,NA
1466,68,NA,222,458,278,NA
1467,68,NA,222,458,278,NA
1468,68,NA,222,458,278,NA
1469,68,NA,222,458,278,NA
1470,68,NA,222,459,278,NA
1471,68,NA,222,459,278,NA
1472,68,NA,222,459,278,NA
1473,68,NA,227,460,278,NA
1474,68,NA,227,460,278,NA
1475,68,NA,227,460,278,NA
1476,68,NA,227,468,278,NA
1477,68,NA,227,469,278,NA
1478,68,NA,227,469,278,NA
1479,68,NA,229,470,278,NA
1480,68,NA,229,470,278,NA
1481,68,NA,229,470,279,NA
1482,68,NA,229,470,279,NA
1483,68,NA,229,470,279,NA
1484,68,NA,229,470,279,NA
1485,68,NA,229,470,279,NA
1486,69,NA,229,471,279,NA
1487,70,NA,229,471,279,NA
1488,70,NA,229,471,279,NA
1489,70,NA,229,471,279,NA
1490,70,NA,229,471,279,NA
1491,70,NA,229,471,279,NA
1492,70,NA,229,473,279,NA
1493,70,NA,229,473,289,NA
1494,70,NA,229,474,289,NA
1495,70,NA,229,474,289,NA
1496,70,NA,229,474,289,NA
1497,70,NA,229,474,289,NA
1498,70,NA,229,474,289,NA
1499,70,NA,229,474,291,NA
1500,70,NA,229,474,292,NA
1501,70,NA,229,474,292,NA
1502,70,NA,229,474,292,NA
1503,70,NA,229,474,292,NA
1504,70,NA,229,474,292,NA
1505,70,NA,229,474,297,NA
1506,70,NA,229,474,298,NA
1507,70,NA,229,474,298,NA
1508,70,NA,229,475,298,NA
1509,71,NA,229,475,298,NA
1510,71,NA,229,475,298,NA
1511,71,NA,229,475,298,NA
1512,71,NA,229,475,298,NA
1513,72,NA,229,475,299,NA
1514,72,NA,229,475,302,NA
1515,72,NA,229,482,302,NA
1516,72,NA,229,482,302,NA
1517,72,NA,229,482,302,NA
1518,72,NA,229,482,302,NA
1519,72,NA,229,482,302,NA
1520,73,NA,229,482,302,NA
1521,74,NA,229,482,302,NA
1522,76,NA,229,482,302,NA
1523,76,NA,229,482,302,NA
1524,76,NA,229,482,302,NA
1525,76,NA,229,482,302,NA
1526,76,NA,229,482,302,NA
1527,76,NA,229,484,302,NA
1528,76,NA,229,484,302,NA
1529,76,NA,229,494,302,NA
1530,76,NA,229,494,303,NA
1531,76,NA,229,494,303,NA
1532,76,NA,229,494,303,NA
1533,76,NA,229,494,303,NA
1534,76,NA,229,494,303,NA
1535,76,NA,229,495,303,NA
1536,76,NA,229,495,303,NA
1537,76,NA,229,495,303,NA
1538,76,NA,229,495,303,NA
1539,76,NA,229,495,303,NA
1540,76,NA,230,495,303,NA
1541,76,NA,230,495,303,NA
1542,76,NA,230,495,303,NA
1543,76,NA,230,496,304,NA
1544,76,NA,230,496,304,NA
1545,76,NA,230,496,304,NA
1546,76,NA,230,496,304,NA
1547,76,NA,230,496,304,NA
1548,76,NA,230,496,355,NA
1549,76,NA,230,496,365,NA
1550,76,NA,230,497,383,NA
1551,76,NA,230,499,384,NA
1552,76,NA,230,499,384,NA
1553,76,NA,230,499,384,NA
1554,76,NA,230,499,385,NA
1555,76,NA,230,500,386,NA
1556,76,NA,230,500,396,NA
1557,76,NA,230,501,396,NA
1558,76,NA,230,501,396,NA
1559,76,NA,230,501,396,NA
1560,76,NA,230,501,396,NA
1561,76,NA,230,501,396,NA
1562,76,NA,230,501,396,NA
1563,76,NA,230,502,396,NA
1564,76,NA,230,504,397,NA
1565,76,NA,230,504,397,NA
1566,76,NA,230,504,397,NA
1567,76,NA,230,504,397,NA
1568,76,NA,230,504,397,NA
1569,76,NA,230,504,398,NA
1570,76,NA,230,504,399,NA
1571,76,NA,230,505,401,NA
1572,76,NA,230,505,401,NA
1573,76,NA,230,505,401,NA
1574,76,NA,230,505,401,NA
1575,76,NA,230,518,401,NA
1576,76,NA,230,518,401,NA
1577,76,NA,230,518,401,NA
1578,76,NA,230,518,406,NA
1579,76,NA,230,519,406,NA
1580,76,NA,230,519,406,NA
1581,77,NA,230,519,406,NA
1582,77,NA,230,519,408,NA
1583,77,NA,230,520,409,NA
1584,77,NA,230,520,411,NA
1585,77,NA,230,521,413,NA
1586,77,NA,230,521,414,NA
1587,77,NA,230,521,417,NA
1588,77,NA,230,521,417,NA
1589,77,NA,230,521,419,NA
1590,77,NA,230,523,419,NA
1591,78,NA,230,523,419,NA
1592,78,NA,230,523,419,NA
1593,78,NA,230,524,419,NA
1594,78,NA,230,524,419,NA
1595,78,NA,230,524,419,NA
1596,78,NA,230,525,419,NA
1597,78,NA,230,525,421,NA
1598,78,NA,230,525,421,NA
1599,78,NA,230,526,421,NA
1600,78,NA,230,526,421,NA
1601,78,NA,230,526,421,NA
1602,78,NA,230,526,421,NA
1603,78,NA,230,526,421,NA
1604,78,NA,230,526,421,NA
1605,78,NA,230,526,421,NA
1606,78,NA,230,526,421,NA
1607,78,NA,230,526,421,NA
1608,78,NA,230,526,421,NA
1609,78,NA,230,526,421,NA
1610,78,NA,230,526,421,NA
1611,78,NA,230,526,421,NA
1612,78,NA,230,526,421,NA
1613,78,NA,230,526,421,NA
1614,78,NA,230,526,421,NA
1615,78,NA,230,526,421,NA
1616,78,NA,230,526,421,NA
1617,78,NA,230,526,421,NA
1618,78,NA,230,526,423,NA
1619,78,NA,230,526,423,NA
1620,78,NA,230,526,423,NA
1621,78,NA,230,526,423,NA
1622,78,NA,230,526,423,NA
1623,78,NA,230,526,423,NA
1624,78,NA,231,526,425,NA
1625,78,NA,231,526,426,NA
1626,78,NA,231,526,427,NA
1627,78,NA,231,526,428,NA
1628,78,NA,231,526,430,NA
1629,78,NA,231,526,430,NA
1630,78,NA,231,526,430,NA
1631,78,NA,231,526,430,NA
1632,78,NA,231,526,431,NA
1633,79,NA,232,527,433,NA
1634,79,NA,232,527,434,NA
1635,79,NA,232,527,434,NA
1636,79,NA,232,527,434,NA
1637,80,NA,232,527,434,NA
1638,80,NA,232,527,434,NA
1639,81,NA,232,527,434,NA
1640,81,NA,232,527,434,NA
1641,81,NA,232,527,434,NA
1642,81,NA,232,527,434,NA
1643,81,NA,232,527,434,NA
1644,81,NA,232,527,434,NA
1645,81,NA,232,527,434,NA
1646,81,NA,232,528,434,NA
1647,81,NA,232,528,434,NA
1648,81,NA,232,528,434,NA
1649,81,NA,232,528,434,NA
1650,81,NA,232,528,434,NA
1651,81,NA,232,528,434,NA
1652,81,NA,233,528,434,NA
1653,81,NA,233,528,434,NA
1654,81,NA,233,528,434,NA
1655,81,NA,234,528,435,NA
1656,81,NA,234,528,435,NA
1657,81,NA,234,528,435,NA
1658,81,NA,234,528,435,NA
1659,81,NA,235,528,435,NA
1660,81,NA,237,528,435,NA
1661,81,NA,237,528,435,NA
1662,81,NA,237,528,NA,NA
1663,81,NA,237,528,NA,NA
1664,81,NA,237,528,NA,NA
1665,81,NA,237,528,NA,NA
1666,81,NA,238,528,NA,NA
1667,81,NA,238,530,NA,NA
1668,82,NA,241,530,NA,NA
1669,82,NA,245,530,NA,NA
1670,82,NA,245,530,NA,NA
1671,82,NA,245,530,NA,NA
1672,82,NA,245,530,NA,NA
1673,82,NA,245,530,NA,NA
1674,82,NA,245,531,NA,NA
1675,82,NA,245,531,NA,NA
1676,82,NA,245,531,NA,NA
1677,82,NA,245,531,NA,NA
1678,82,NA,245,531,NA,NA
1679,82,NA,245,531,NA,NA
1680,82,NA,245,531,NA,NA
1681,82,NA,245,531,NA,NA
1682,82,NA,245,532,NA,NA
1683,82,NA,245,532,NA,NA
1684,82,NA,245,533,NA,NA
1685,82,NA,245,533,NA,NA
1686,82,NA,245,533,NA,NA
1687,82,NA,245,534,NA,NA
1688,82,NA,246,535,NA,NA
1689,82,NA,247,535,NA,NA
1690,82,NA,247,535,NA,NA
1691,82,NA,247,535,NA,NA
1692,82,NA,247,535,NA,NA
1693,82,NA,247,535,NA,NA
1694,82,NA,247,535,NA,NA
1695,82,NA,247,535,NA,NA
1696,82,NA,247,535,NA,NA
1697,82,NA,247,535,NA,NA
1698,82,NA,249,535,NA,NA
1699,82,NA,250,535,NA,NA
1700,82,NA,250,535,NA,NA
1701,82,NA,250,535,NA,NA
1702,82,NA,250,536,NA,NA
1703,82,NA,250,536,NA,NA
1704,82,NA,250,536,NA,NA
1705,82,NA,250,536,NA,NA
1706,82,NA,250,536,NA,NA
1707,82,NA,250,536,NA,NA
1708,82,NA,250,536,NA,NA
1709,82,NA,250,537,NA,NA
1710,82,NA,250,537,NA,NA
1711,83,NA,250,537,NA,NA
1712,83,NA,250,538,NA,NA
1713,83,NA,250,538,NA,NA
1714,83,NA,250,538,NA,NA
1715,83,NA,250,538,NA,NA
1716,83,NA,251,538,NA,NA
1717,83,NA,251,538,NA,NA
1718,83,NA,252,541,NA,NA
1719,83,NA,253,542,NA,NA
1720,83,NA,253,542,NA,NA
1721,83,NA,253,542,NA,NA
1722,83,NA,253,542,NA,NA
1723,83,NA,253,542,NA,NA
1724,83,NA,254,543,NA,NA
1725,83,NA,255,543,NA,NA
1726,83,NA,255,543,NA,NA
1727,83,NA,255,543,NA,NA
1728,83,NA,255,543,NA,NA
1729,83,NA,256,544,NA,NA
1730,83,NA,256,551,NA,NA
1731,83,NA,256,551,NA,NA
1732,83,NA,256,551,NA,NA
1733,83,NA,257,551,NA,NA
1734,83,NA,257,551,NA,NA
1735,83,NA,257,551,NA,NA
1736,83,NA,257,551,NA,NA
1737,83,NA,257,553,NA,NA
1738,83,NA,257,554,NA,NA
1739,83,NA,257,558,NA,NA
1740,83,NA,257,569,NA,NA
1741,83,NA,257,569,NA,NA
1742,83,NA,257,569,NA,NA
1743,83,NA,257,569,NA,NA
1744,83,NA,257,569,NA,NA
1745,83,NA,257,569,NA,NA
1746,83,NA,257,569,NA,NA
1747,83,NA,257,569,NA,NA
1748,83,NA,257,569,NA,NA
1749,83,NA,257,569,NA,NA
1750,83,NA,257,569,NA,NA
1751,83,NA,257,569,NA,NA
1752,83,NA,257,569,NA,NA
1753,83,NA,257,569,NA,NA
1754,83,NA,257,569,NA,NA
1755,83,NA,257,569,NA,NA
1756,83,NA,257,569,NA,NA
1757,83,NA,257,570,NA,NA
1758,83,NA,257,570,NA,NA
1759,83,NA,257,570,NA,NA
1760,83,NA,257,571,NA,NA
1761,83,NA,257,571,NA,NA
1762,83,NA,257,571,NA,NA
1763,83,NA,257,571,NA,NA
1764,83,NA,257,571,NA,NA
1765,83,NA,257,571,NA,NA
1766,83,NA,257,571,NA,NA
1767,83,NA,258,571,NA,NA
1768,83,NA,258,571,NA,NA
1769,83,NA,258,571,NA,NA
1770,83,NA,258,571,NA,NA
1771,83,NA,258,572,NA,NA
1772,83,NA,258,572,NA,NA
1773,83,NA,258,572,NA,NA
1774,83,NA,258,572,NA,NA
1775,83,NA,258,572,NA,NA
1776,83,NA,258,572,NA,NA
1777,83,NA,258,572,NA,NA
1778,83,NA,258,572,NA,NA
1779,83,NA,258,572,NA,NA
1780,83,NA,258,572,NA,NA
1781,83,NA,258,572,NA,NA
1782,83,NA,NA,572,NA,NA
1783,83,NA,NA,572,NA,NA
1784,83,NA,NA,572,NA,NA
1785,83,NA,NA,572,NA,NA
1786,83,NA,NA,572,NA,NA
1787,83,NA,NA,572,NA,NA
1788,83,NA,NA,572,NA,NA
1789,83,NA,NA,573,NA,NA
1790,83,NA,NA,573,NA,NA
1791,83,NA,NA,573,NA,NA
1792,83,NA,NA,573,NA,NA
1793,83,NA,NA,573,NA,NA
1794,83,NA,NA,573,NA,NA
1795,NA,NA,NA,573,NA,NA
1796,NA,NA,NA,573,NA,NA
1797,NA,NA,NA,573,NA,NA
1798,NA,NA,NA,573,NA,NA
1799,NA,NA,NA,573,NA,NA
1800,NA,NA,NA,573,NA,NA
1801,NA,NA,NA,573,NA,NA
1802,NA,NA,NA,573,NA,NA
1803,NA,NA,NA,573,NA,NA
1804,NA,NA,NA,573,NA,NA
1805,NA,NA,NA,573,NA,NA
1806,NA,NA,NA,573,NA,NA
1807,NA,NA,NA,573,NA,NA
1808,NA,NA,NA,573,NA,NA
1809,NA,NA,NA,573,NA,NA
1810,NA,NA,NA,573,NA,NA
1811,NA,NA,NA,573,NA,NA
1812,NA,NA,NA,573,NA,NA
1813,NA,NA,NA,573,NA,NA
1814,NA,NA,NA,573,NA,NA
1815,NA,NA,NA,573,NA,NA
1816,NA,NA,NA,573,NA,NA
1817,NA,NA,NA,573,NA,NA
1818,NA,NA,NA,573,NA,NA
1819,NA,NA,NA,573,NA,NA
1820,NA,NA,NA,573,NA,NA
1821,NA,NA,NA,573,NA,NA
1822,NA,NA,NA,573,NA,NA
1823,NA,NA,NA,573,NA,NA
1824,NA,NA,NA,573,NA,NA
1825,NA,NA,NA,573,NA,NA
1826,NA,NA,NA,573,NA,NA
1827,NA,NA,NA,573,NA,NA
1828,NA,NA,NA,573,NA,NA
1829,NA,NA,NA,573,NA,NA
1830,NA,NA,NA,573,NA,NA
