cod_regione,desc_regione,cod_provincia,desc_provincia,cod_comune,desc_comune,tipo_comune,stato,ele_t,vot_t,perc_vot,sz_tot,sz_p_sind,sz_p_cons,sk_bianche,sk_nulle,sk_contestate,tot_vot_cand,tot_vot_lis,sigla_prov,data_prec_elez,dt_agg,codice_istat
01,PIEMONTE,002,ALESSANDRIA,1740,VALENZA,M,ok,16114,8707,"54,03",21,21,21,44,153,3,8507,7226,AL,20200920000000,20260525224315,006177
01,PIEMONTE,052,NOVARA,1420,TRECATE,M,ok,15138,8700,"57,47",18,18,18,39,152,5,8504,8101,NO,20211003000000,20260526000704,003149
01,PIEMONTE,081,TORINO,0080,ALPIGNANO,M,ok,13989,6581,"47,04",16,16,16,35,105,0,6441,5813,TO,20200920000000,20260525213241,001008
01,PIEMONTE,081,TORINO,1540,MONCALIERI,M,ok,45836,20966,"45,74",54,54,54,124,403,8,20431,19358,TO,20200920000000,20260525222455,001156
01,PIEMONTE,081,TORINO,2790,VENARIA REALE,M,ok,27636,15884,"57,48",33,33,33,50,335,0,15499,14184,TO,20200920000000,20260526025659,001292
03,LOMBARDIA,015,BRESCIA,0850,LONATO DEL GARDA,M,ok,13896,7314,"52,63",14,14,14,39,112,0,7163,6916,BS,20200920000000,20260525203613,017092
03,LOMBARDIA,015,BRESCIA,1570,ROVATO,M,ok,14585,8610,"59,03",15,15,15,36,112,0,8462,8150,BS,20200920000000,20260525210628,017166
03,LOMBARDIA,045,MANTOVA,0300,MANTOVA,M,ok,40093,21091,"52,61",46,46,46,61,221,4,20805,20043,MN,20200920000000,20260526004243,020030
03,LOMBARDIA,045,MANTOVA,0660,VIADANA,M,ok,15759,8309,"52,73",16,16,16,58,108,17,8126,7465,MN,20200920000000,20260526012703,020066
03,LOMBARDIA,049,MILANO,0270,BOLLATE,M,ok,30178,13637,"45,19",32,32,32,65,176,0,13396,12860,MI,20200920000000,20260525214634,015027
03,LOMBARDIA,049,MILANO,0930,CORSICO,M,ok,25619,11440,"44,65",35,35,35,32,169,12,11227,10775,MI,20200920000000,20260525215625,015093
03,LOMBARDIA,049,MILANO,1170,LEGNANO,M,ok,48249,24824,"51,45",49,49,49,84,216,6,24518,22569,MI,20200920000000,20260526032523,015118
03,LOMBARDIA,049,MILANO,1670,PARABIAGO,M,ok,22763,10900,"47,88",23,23,23,63,145,0,10692,9996,MI,20200920000000,20260525221252,015168
03,LOMBARDIA,049,MILANO,2040,SEGRATE,M,ok,30268,16462,"54,39",37,37,37,50,154,1,16257,14613,MI,20200920000000,20260525232444,015205
03,LOMBARDIA,057,PAVIA,0990,MORTARA,M,ok,11915,6288,"52,77",15,15,15,41,131,0,6116,5896,PV,20220612000000,20260526002221,018102
03,LOMBARDIA,057,PAVIA,1730,VIGEVANO,M,ok,48213,25086,"52,03",61,61,61,132,482,16,24456,22687,PV,20200920000000,20260526004505,018177
03,LOMBARDIA,057,PAVIA,1780,VOGHERA,M,ok,31883,17286,"54,22",38,38,38,99,374,5,16808,16062,PV,20200920000000,20260526005930,018182
03,LOMBARDIA,086,VARESE,1050,SOMMA LOMBARDO,M,ok,14505,6569,"45,29",17,17,17,37,136,0,6396,6151,VA,20200920000000,20260525204517,012123
03,LOMBARDIA,098,LECCO,0420,LECCO,M,ok,39137,23662,"60,46",43,43,43,85,292,9,23276,21803,LC,20200920000000,20260526003303,097042
05,VENETO,054,PADOVA,0030,ALBIGNASEGO,M,ok,22909,12746,"55,64",19,19,19,65,184,0,12497,12184,PD,20211003000000,20260525224030,028003
05,VENETO,054,PADOVA,0550,MONSELICE,M,ok,14705,8898,"60,51",20,20,20,48,139,5,8706,8314,PD,20240609000000,20260525214958,028055
05,VENETO,084,TREVISO,0120,CASTELFRANCO VENETO,M,ok,32624,16090,"49,32",32,32,32,70,222,0,15798,14799,TV,20200920000000,20260525224222,026012
05,VENETO,087,VENEZIA,0420,VENEZIA,M,ok,201713,112767,"55,90",256,256,256,865,1433,53,110416,106441,VE,20200920000000,20260526021909,027042
05,VENETO,089,VERONA,0680,SAN BONIFACIO,M,ok,16986,9158,"53,91",18,18,18,41,147,0,8970,8262,VR,20240609000000,20260526001301,023069
05,VENETO,090,VICENZA,0080,ARZIGNANO,M,ok,21492,11716,"54,51",24,24,24,66,176,0,11474,10982,VI,20240609000000,20260525221312,024008
05,VENETO,090,VICENZA,0520,LONIGO,M,ok,14321,7161,"50,00",15,15,15,37,132,18,6974,6558,VI,20200920000000,20260526002601,024052
08,EMILIA-ROMAGNA,013,BOLOGNA,0320,IMOLA,M,ok,56469,30776,"54,50",62,62,62,188,394,10,30184,27743,BO,20200920000000,20260525213611,037032
08,EMILIA-ROMAGNA,029,FERRARA,0060,COMACCHIO,M,ok,19965,8976,"44,96",22,22,22,74,271,0,8631,8103,FE,20200920000000,20260525203317,038006
08,EMILIA-ROMAGNA,050,MODENA,0450,VIGNOLA,M,ok,19088,11035,"57,81",23,23,23,63,163,4,10805,10398,MO,20200920000000,20260525200530,036046
08,EMILIA-ROMAGNA,066,RAVENNA,0070,CERVIA,M,ok,24088,12201,"50,65",30,30,30,83,233,1,11884,11408,RA,20240609000000,20260525204501,039007
08,EMILIA-ROMAGNA,066,RAVENNA,0100,FAENZA,M,ok,46777,27079,"57,89",57,57,57,159,394,0,26526,25016,RA,20200920000000,20260525202859,039010
09,TOSCANA,005,AREZZO,0020,AREZZO,M,ok,78041,46282,"59,30",97,97,97,217,671,2,45392,41549,AR,20200920000000,20260526023223,051002
09,TOSCANA,030,FIRENZE,0155,FIGLINE E INCISA VALDARNO,M,ok,18490,10429,"56,40",24,24,24,59,161,0,10209,9509,FI,20240609000000,20260525212859,048052
09,TOSCANA,030,FIRENZE,0430,SESTO FIORENTINO,M,ok,38946,21348,"54,81",41,41,41,97,340,5,20906,19894,FI,20211003000000,20260525212900,048043
09,TOSCANA,043,LUCCA,0330,VIAREGGIO,M,ok,52432,28841,"55,01",63,63,63,122,546,5,28168,25757,LU,20200920000000,20260526011017,046033
09,TOSCANA,062,PISA,0080,CASCINA,M,ok,36346,18455,"50,78",37,37,37,107,275,0,18073,17257,PI,20200920000000,20260525195841,050008
09,TOSCANA,063,PISTOIA,0140,PISTOIA,M,ok,74630,42221,"56,57",100,100,100,212,634,11,41364,39515,PT,20220612000000,20260526005424,047014
09,TOSCANA,100,PRATO,0050,PRATO,M,ok,132218,73666,"55,72",179,179,179,379,1348,2,71937,67283,PO,20240609000000,20260526020622,100005
11,MARCHE,003,ANCONA,0450,SENIGALLIA,M,ok,39715,23692,"59,66",43,43,43,126,295,15,23256,22018,AN,20200920000000,20260525235435,042045
11,MARCHE,006,ASCOLI PICENO,0650,SAN BENEDETTO DEL TRONTO,M,ok,41116,24476,"59,53",43,43,43,98,323,10,24045,23024,AP,20211003000000,20260526004127,044066
11,MARCHE,044,MACERATA,0230,MACERATA,M,ok,36441,20528,"56,33",44,44,44,72,350,0,20106,19347,MC,20200920000000,20260526005205,043023
11,MARCHE,105,FERMO,0060,FERMO,M,ok,31441,18736,"59,59",37,37,37,134,398,0,18204,17217,FM,20200920000000,20260525232737,109006
12,LAZIO,040,LATINA,0070,FONDI,M,ok,32737,22574,"68,96",33,33,33,117,374,0,22083,21470,LT,20200920000000,20260526032806,059007
12,LAZIO,070,ROMA,0030,ALBANO LAZIALE,M,ok,32639,19774,"60,58",34,34,34,53,334,10,19377,18701,RM,20200920000000,20260526040450,058003
12,LAZIO,070,ROMA,0050,ANGUILLARA SABAZIA,M,ok,15572,9686,"62,20",15,15,15,25,129,0,9532,9060,RM,20200920000000,20260526014045,058005
12,LAZIO,070,ROMA,0090,ARICCIA,M,ok,15125,8803,"58,20",22,22,22,23,146,3,8631,8134,RM,20200920000000,20260526034559,058009
12,LAZIO,070,ROMA,0340,COLLEFERRO,M,ok,17613,11673,"66,27",19,19,19,27,165,0,11481,11137,RM,20200920000000,20260526003259,058034
12,LAZIO,070,ROMA,0430,GENZANO DI ROMA,M,ok,18561,11439,"61,63",22,22,22,46,209,0,11184,10170,RM,20200920000000,20260526022918,058043
12,LAZIO,070,ROMA,0960,SANTA MARINELLA,M,ok,15791,9393,"59,48",15,15,15,13,145,0,9235,8489,RM,20230514000000,20260526032631,058097
12,LAZIO,070,ROMA,1130,ZAGAROLO,M,ok,14798,8559,"57,84",13,13,13,22,175,30,8332,8063,RM,20200920000000,20260526025333,058114
12,LAZIO,091,VITERBO,0200,CIVITA CASTELLANA,M,ok,12276,7853,"63,97",16,16,16,33,128,0,7692,7082,VT,20200920000000,20260526023326,056021
13,ABRUZZO,023,CHIETI,0220,CHIETI,M,ok,43393,0,0,54,53,53,0,0,0,25870,24357,CH,20200920000000,20260526031111,069022
13,ABRUZZO,038,L'AQUILA,0060,AVEZZANO,M,ok,34142,24029,"70,38",48,48,48,99,422,0,23508,22768,AQ,20200920000000,20260526073239,066006
15,CAMPANIA,008,AVELLINO,0050,ARIANO IRPINO,M,ok,20208,13968,"69,12",25,25,25,41,163,0,13764,13309,AV,20200920000000,20260526010709,064005
15,CAMPANIA,008,AVELLINO,0080,AVELLINO,M,ok,45776,31966,"69,83",72,72,72,108,563,2,31293,29879,AV,20240609000000,20260526034523,064008
15,CAMPANIA,020,CASERTA,0490,MARCIANISE,M,ok,31787,23720,"74,62",35,35,35,82,313,0,23325,22833,CE,20230514000000,20260526045912,061049
15,CAMPANIA,020,CASERTA,0780,SAN NICOLA LA STRADA,M,ok,18261,11971,"65,56",20,20,20,50,231,2,11688,11284,CE,20200920000000,20260526005905,061078
15,CAMPANIA,020,CASERTA,0940,TRENTOLA DUCENTA,M,ok,16349,12785,"78,20",18,18,18,35,185,0,12565,12275,CE,20200920000000,20260526022346,061094
15,CAMPANIA,051,NAPOLI,0020,AFRAGOLA,M,ok,51047,35639,"69,82",54,54,54,104,421,4,35110,34577,NA,20211003000000,20260526030831,063002
15,CAMPANIA,051,NAPOLI,0050,ARZANO,M,ok,26644,13436,"50,43",32,32,32,45,300,0,13091,12835,NA,20211003000000,20260525222304,063005
15,CAMPANIA,051,NAPOLI,0160,CARDITO,M,ok,18008,13531,"75,14",18,18,18,35,116,0,13380,13201,NA,20200920000000,20260526030058,063016
15,CAMPANIA,051,NAPOLI,0170,CASALNUOVO DI NAPOLI,M,ok,39574,27846,"70,36",42,42,42,69,464,17,27296,26586,NA,20200920000000,20260526053932,063017
15,CAMPANIA,051,NAPOLI,0301,ERCOLANO,M,ok,42717,26921,"63,02",47,47,47,93,632,2,26194,25624,NA,20200920000000,20260526031023,063064
15,CAMPANIA,051,NAPOLI,0320,FRATTAMAGGIORE,M,ok,24259,17993,"74,17",35,35,35,38,317,14,17624,17213,NA,20200920000000,20260526014156,063032
15,CAMPANIA,051,NAPOLI,0450,MELITO DI NAPOLI,M,ok,29470,16726,"56,76",38,38,38,45,325,0,16356,15810,NA,20211003000000,20260526001601,063045
15,CAMPANIA,051,NAPOLI,0480,MUGNANO DI NAPOLI,M,ok,29459,18356,"62,31",32,32,32,30,274,0,18052,17750,NA,20200920000000,20260526014600,063048
15,CAMPANIA,051,NAPOLI,0510,OTTAVIANO,M,ok,19113,14264,"74,63",23,23,23,48,223,0,13993,13592,NA,20230514000000,20260526041436,063051
15,CAMPANIA,051,NAPOLI,0580,POMPEI,M,ok,19976,0,0,24,22,22,0,0,0,13533,13187,NA,20200920000000,20260526041424,063058
15,CAMPANIA,051,NAPOLI,0590,PORTICI,M,ok,45690,30526,"66,81",63,63,63,56,388,5,30077,29335,NA,20220612000000,20260526015433,063059
15,CAMPANIA,051,NAPOLI,0670,SAN GIORGIO A CREMANO,M,ok,36904,23686,"64,18",54,54,54,76,351,10,23249,22808,NA,20200920000000,20260526015143,063067
15,CAMPANIA,051,NAPOLI,0720,SANT'ANASTASIA,M,ok,21653,15819,"73,06",29,29,29,32,178,0,15609,15097,NA,20200920000000,20260526031423,063072
15,CAMPANIA,051,NAPOLI,0760,SAVIANO,M,ok,14405,10516,"73,00",16,16,16,26,136,0,10354,10138,NA,20200920000000,20260525224335,063076
15,CAMPANIA,051,NAPOLI,0790,SOMMA VESUVIANA,M,ok,28193,20216,"71,71",31,31,31,62,278,2,19874,19296,NA,20220612000000,20260526030934,063079
15,CAMPANIA,051,NAPOLI,0800,SORRENTO,M,ok,15500,0,0,19,18,18,0,0,0,8414,7982,NA,20200920000000,20260526051650,063080
15,CAMPANIA,051,NAPOLI,0820,TERZIGNO,M,ok,13730,10152,"73,94",17,17,17,22,168,0,9962,9587,NA,20200920000000,20260526023855,063082
15,CAMPANIA,072,SALERNO,0070,ANGRI,M,ok,28202,21310,"75,56",27,27,27,92,317,2,20899,20398,SA,20200920000000,20260526042845,065007
15,CAMPANIA,072,SALERNO,0220,CAMPAGNA,M,ok,14447,10444,"72,29",18,18,18,42,131,3,10268,9963,SA,20230514000000,20260526023835,065022
15,CAMPANIA,072,SALERNO,0370,CAVA DE' TIRRENI,M,ok,45332,29990,"66,16",55,55,55,106,439,0,29445,28022,SA,20200920000000,20260526030635,065037
15,CAMPANIA,072,SALERNO,1160,SALERNO,M,ok,110412,0,0,151,150,150,0,0,0,67498,64493,SA,20211003000000,20260526053756,065116
16,PUGLIA,009,BARI,0140,CAPURSO,M,ok,13752,7831,"56,94",15,15,15,28,172,0,7631,7293,BA,20200920000000,20260526010824,072014
16,PUGLIA,009,BARI,0190,CONVERSANO,M,ok,24211,15762,"65,10",23,23,23,47,297,0,15418,14906,BA,20200920000000,20260526044807,072019
16,PUGLIA,009,BARI,0200,CORATO,M,ok,43462,28668,"65,96",44,44,44,119,653,1,27895,26461,BA,20200920000000,20260526025222,072020
16,PUGLIA,009,BARI,0270,MODUGNO,M,ok,31138,18097,"58,12",34,34,34,63,329,2,17703,16915,BA,20200920000000,20260526031830,072027
16,PUGLIA,009,BARI,0290,MOLFETTA,M,ok,56472,33315,"58,99",60,60,60,88,580,7,32640,31118,BA,20220612000000,20260526015359,072029
16,PUGLIA,009,BARI,0330,PALO DEL COLLE,M,ok,19041,12605,"66,20",20,20,20,41,197,0,12367,11895,BA,20200920000000,20260526031417,072033
16,PUGLIA,016,BRINDISI,0030,CEGLIE MESSAPICA,M,ok,18275,10391,"56,86",22,22,22,59,303,2,10027,9580,BR,20200920000000,20260525233628,074003
16,PUGLIA,016,BRINDISI,0100,MESAGNE,M,ok,25001,13855,"55,42",27,27,27,86,329,1,13439,13138,BR,20240609000000,20260526002209,074010
16,PUGLIA,016,BRINDISI,0170,SAN VITO DEI NORMANNI,M,ok,17916,10430,"58,22",19,19,19,31,245,0,10154,9647,BR,20200920000000,20260526024250,074017
16,PUGLIA,031,FOGGIA,0270,LUCERA,M,ok,27033,16434,"60,79",33,33,33,57,426,0,15951,15247,FG,20200920000000,20260526013402,071028
16,PUGLIA,031,FOGGIA,0440,SAN GIOVANNI ROTONDO,M,ok,24011,14744,"61,41",26,26,26,65,320,0,14359,13703,FG,20240609000000,20260526015722,071046
16,PUGLIA,041,LECCE,0150,CASARANO,M,ok,18551,11079,"59,72",23,23,23,50,165,0,10864,10442,LE,20200920000000,20260526032615,075016
16,PUGLIA,041,LECCE,0300,GALLIPOLI,M,ok,19544,12295,"62,91",24,24,24,44,215,0,12036,11551,LE,20211003000000,20260526012944,075031
16,PUGLIA,041,LECCE,0870,TRICASE,M,ok,15848,10729,"67,70",21,21,21,38,134,6,10551,10137,LE,20200920000000,20260526022905,075088
16,PUGLIA,078,TARANTO,0120,MANDURIA,M,ok,26441,16995,"64,28",30,30,30,105,485,0,16405,15644,TA,20200920000000,20260526054424,073012
16,PUGLIA,106,BARLETTA-ANDRIA-TRANI,0010,ANDRIA,M,ok,83288,55614,"66,77",110,110,110,134,1195,0,54285,51014,BT,20200920000000,20260526040422,110001
16,PUGLIA,106,BARLETTA-ANDRIA-TRANI,0090,TRANI,M,ok,49979,32581,"65,19",54,54,54,123,1001,4,31453,30093,BT,20200920000000,20260526035559,110009
18,CALABRIA,025,COSENZA,0330,CASTROVILLARI,M,ok,20414,12561,"61,53",22,22,22,50,218,3,12290,11697,CS,20200920000000,20260526044522,078033
18,CALABRIA,025,COSENZA,1200,SAN GIOVANNI IN FIORE,M,ok,18803,10521,"55,95",24,24,24,13,115,2,10391,10111,CS,20200920000000,20260526032655,078119
18,CALABRIA,067,REGGIO CALABRIA,0570,PALMI,M,ok,17519,10841,"61,88",20,20,20,29,166,1,10645,10314,RC,20220612000000,20260526014213,080057
18,CALABRIA,067,REGGIO CALABRIA,0630,REGGIO DI CALABRIA,M,ok,142500,92958,"65,23",196,196,196,621,2167,21,90149,88063,RC,20200920000000,20260526064226,080063
18,CALABRIA,097,CROTONE,0100,CROTONE,M,ok,49282,30828,"62,55",74,74,74,63,514,7,30244,29333,KR,20200920000000,20260526030856,101010
