DATAFLOW,FREQ,REF_AREA,DATA_TYPE,SEX,AGE,MARITAL_STATUS,TIME_PERIOD,OBS_VALUE,OBS_STATUS,NOTE_DS,NOTE_REF_AREA,NOTE_DATA_TYPE,NOTE_SEX,NOTE_AGE,NOTE_MARITAL_STATUS,BASE_PER,UNIT_MEAS,UNIT_MULT
IT1:22_289(1.0),A,ITC,JAN,9,TOTAL,99,2019-01-01,15998031.0,,,,,,,,,,
IT1:22_289(1.0),A,ITD,JAN,9,TOTAL,99,2019-01-01,11628491.0,,,,,,,,,,
IT1:22_289(1.0),A,ITE,JAN,9,TOTAL,99,2019-01-01,11868484.0,,,,,,,,,,
IT1:22_289(1.0),A,ITFG,JAN,9,TOTAL,99,2019-01-01,20321667.0,,,,,,,,,,
IT1:22_289(1.0),A,ITC,JAN,9,TOTAL,99,2020-01-01,15988679.0,,,,,,,,,,
IT1:22_289(1.0),A,ITD,JAN,9,TOTAL,99,2020-01-01,11627537.0,,,,,,,,,,
IT1:22_289(1.0),A,ITE,JAN,9,TOTAL,99,2020-01-01,11831092.0,,,,,,,,,,
IT1:22_289(1.0),A,ITFG,JAN,9,TOTAL,99,2020-01-01,20194180.0,,,,,,,,,,
IT1:22_289(1.0),A,ITC,JAN,9,TOTAL,99,2021-01-01,15899083.0,,,,,,,,,,
IT1:22_289(1.0),A,ITD,JAN,9,TOTAL,99,2021-01-01,11587355.0,,,,,,,,,,
IT1:22_289(1.0),A,ITE,JAN,9,TOTAL,99,2021-01-01,11786952.0,,,,,,,,,,
IT1:22_289(1.0),A,ITFG,JAN,9,TOTAL,99,2021-01-01,19962823.0,,,,,,,,,,
IT1:22_289(1.0),A,ITC,JAN,9,TOTAL,99,2022-01-01,15831941.0,,,,,,,,,,
IT1:22_289(1.0),A,ITD,JAN,9,TOTAL,99,2022-01-01,11541332.0,,,,,,,,,,
IT1:22_289(1.0),A,ITE,JAN,9,TOTAL,99,2022-01-01,11724035.0,,,,,,,,,,
IT1:22_289(1.0),A,ITFG,JAN,9,TOTAL,99,2022-01-01,19932825.0,,,,,,,,,,
IT1:22_289(1.0),A,ITC,JAN,9,TOTAL,99,2023-01-01,15858626.0,,,,,,,,,,
IT1:22_289(1.0),A,ITD,JAN,9,TOTAL,99,2023-01-01,11558522.0,,,,,,,,,,
IT1:22_289(1.0),A,ITE,JAN,9,TOTAL,99,2023-01-01,11723222.0,,,,,,,,,,
IT1:22_289(1.0),A,ITFG,JAN,9,TOTAL,99,2023-01-01,19856831.0,,,,,,,,,,
IT1:22_289(1.0),A,ITC,JAN,9,TOTAL,99,2024-01-01,15895694.0,,,,,,,,,,
IT1:22_289(1.0),A,ITD,JAN,9,TOTAL,99,2024-01-01,11581472.0,,,,,,,,,,
IT1:22_289(1.0),A,ITE,JAN,9,TOTAL,99,2024-01-01,11711089.0,,,,,,,,,,
IT1:22_289(1.0),A,ITFG,JAN,9,TOTAL,99,2024-01-01,19782975.0,,,,,,,,,,
IT1:22_289(1.0),A,ITC,JAN,9,TOTAL,99,2025-01-01,15918461.0,,,,,,,,,,
IT1:22_289(1.0),A,ITD,JAN,9,TOTAL,99,2025-01-01,11595006.0,,,,,,,,,,
IT1:22_289(1.0),A,ITE,JAN,9,TOTAL,99,2025-01-01,11698912.0,,,,,,,,,,
IT1:22_289(1.0),A,ITFG,JAN,9,TOTAL,99,2025-01-01,19731085.0,,,,,,,,,,
IT1:22_289(1.0),A,ITC,JAN,9,TOTAL,99,2026-01-01,15955242.0,e,,,,,,,,,
IT1:22_289(1.0),A,ITD,JAN,9,TOTAL,99,2026-01-01,11618783.0,e,,,,,,,,,
IT1:22_289(1.0),A,ITE,JAN,9,TOTAL,99,2026-01-01,11699125.0,e,,,,,,,,,
IT1:22_289(1.0),A,ITFG,JAN,9,TOTAL,99,2026-01-01,19669678.0,e,,,,,,,,,
