Anno,Servizi di telefonia,Servizi postali,Acqua,Fognature,Raccolta rifiuti,Inflazione
2012,100.0,100.0,100.0,100.0,100.0,100.0
2013,94.9,104.3,107.3,104.7,106.0,101.3
2014,90.0,106.2,113.8,111.7,117.4,101.5
2015,90.3,112.4,124.2,120.5,114.0,101.6
2016,89.3,122.5,129.4,125.3,115.1,101.5
2017,88.5,128.0,136.3,130.8,115.5,102.9
2018,88.0,131.5,142.2,135.5,116.0,104.2
2019,82.7,136.0,145.0,136.3,117.1,104.9
2020,81.5,136.5,147.7,137.6,117.2,104.7
2021,81.7,140.1,151.6,143.1,118.5,106.7
2022,81.6,145.8,156.0,146.3,119.6,116.1
2023,82.0,147.6,164.1,153.5,121.2,122.9
2024,82.6,154.5,174.2,162.2,123.9,124.3
2025,82.7,161.0,183.2,171.7,126.6,126.3
