paese,gruppo,dominio,anno,punteggio
Italia,Il 25% più benestante,Scienze,2015,517.7
Italia,Il 25% più benestante,Scienze,2018,500.1
Italia,Il 25% più benestante,Scienze,2022,521.7
Italia,Il 25% più benestante,Scienze,2025,524.5
Italia,Il 25% più povero,Scienze,2015,441.8
Italia,Il 25% più povero,Scienze,2018,431.5
Italia,Il 25% più povero,Scienze,2022,434.2
Italia,Il 25% più povero,Scienze,2025,445
Stati Uniti,Il 25% più benestante,Scienze,2015,546.1
Stati Uniti,Il 25% più benestante,Scienze,2018,551.9
Stati Uniti,Il 25% più benestante,Scienze,2022,559.1
Stati Uniti,Il 25% più benestante,Scienze,2025,561.3
Stati Uniti,Il 25% più povero,Scienze,2015,456.6
Stati Uniti,Il 25% più povero,Scienze,2018,460
Stati Uniti,Il 25% più povero,Scienze,2022,450.9
Stati Uniti,Il 25% più povero,Scienze,2025,456.9
Italia,Il 25% più benestante,Lettura,2015,523.8
Italia,Il 25% più benestante,Lettura,2018,511.2
Italia,Il 25% più benestante,Lettura,2022,521.2
Italia,Il 25% più benestante,Lettura,2025,516.2
Italia,Il 25% più povero,Lettura,2015,441.5
Italia,Il 25% più povero,Lettura,2018,436.1
Italia,Il 25% più povero,Lettura,2022,442
Italia,Il 25% più povero,Lettura,2025,437.1
Stati Uniti,Il 25% più benestante,Lettura,2015,539.7
Stati Uniti,Il 25% più benestante,Lettura,2018,558.4
Stati Uniti,Il 25% più benestante,Lettura,2022,560.2
Stati Uniti,Il 25% più benestante,Lettura,2025,554.9
Stati Uniti,Il 25% più povero,Lettura,2015,462.2
Stati Uniti,Il 25% più povero,Lettura,2018,459.6
Stati Uniti,Il 25% più povero,Lettura,2022,459.5
Stati Uniti,Il 25% più povero,Lettura,2025,449.7
Italia,Il 25% più benestante,Matematica,2015,529
Italia,Il 25% più benestante,Matematica,2018,526.8
Italia,Il 25% più benestante,Matematica,2022,515.1
Italia,Il 25% più benestante,Matematica,2025,509.6
Italia,Il 25% più povero,Matematica,2015,451.3
Italia,Il 25% più povero,Matematica,2018,444.9
Italia,Il 25% più povero,Matematica,2022,429.9
Italia,Il 25% più povero,Matematica,2025,430.4
Stati Uniti,Il 25% più benestante,Matematica,2015,517.3
Stati Uniti,Il 25% più benestante,Matematica,2018,530.5
Stati Uniti,Il 25% più benestante,Matematica,2022,522.6
Stati Uniti,Il 25% più benestante,Matematica,2025,517.5
Stati Uniti,Il 25% più povero,Matematica,2015,431.4
Stati Uniti,Il 25% più povero,Matematica,2018,432.1
Stati Uniti,Il 25% più povero,Matematica,2022,420.7
Stati Uniti,Il 25% più povero,Matematica,2025,424.5
