paese,cntry,essround,anno,indice1,rank_indice1,indice2,rank_indice2,n_validi_indice1,n_validi_indice2
Islanda,IS,8,2016,8.225,1,0.3004,1,878,872
Spagna,ES,8,2016,8.089,5,0.2332,2,1940,1881
Lituania,LT,8,2016,8.224,2,0.2077,3,2111,2085
Italia,IT,8,2016,8.099,4,0.1751,4,2589,2466
Finlandia,FI,8,2016,7.778,7,0.1381,5,1912,1914
Norvegia,NO,8,2016,7.914,6,0.0871,6,1542,1537
Slovenia,SI,8,2016,7.752,9,0.0834,7,1299,1282
Austria,AT,8,2016,7.559,12,0.0756,8,1996,1982
Portogallo,PT,8,2016,8.153,3,0.0741,9,1264,1249
Estonia,EE,8,2016,7.76,8,0.066,10,2011,2000
Svezia,SE,8,2016,7.609,10,0.0479,11,1537,1525
Germania,DE,8,2016,7.35,14,0.0258,12,2836,2825
Belgio,BE,8,2016,7.242,15,0.015,13,1764,1762
Ungheria,HU,8,2016,7.212,16,-0.0102,14,1597,1571
Polonia,PL,8,2016,7.435,13,-0.0471,15,1684,1655
Francia,FR,8,2016,7.16,18,-0.1164,16,2062,2058
Irlanda,IE,8,2016,7.17,17,-0.1174,17,2749,2726
Paesi Bassi,NL,8,2016,6.62,20,-0.1236,18,1674,1666
Svizzera,CH,8,2016,6.618,21,-0.1429,19,1517,1503
Cechia,CZ,8,2016,7.569,11,-0.1432,20,2266,2248
Regno Unito,GB,8,2016,6.879,19,-0.1967,21,1945,1945
