regione,lon,lat,t26,anomalia,pop,tipo
Piemonte,8.1,45.5,24.81152860741236,4.699677065404817,23468,anomalia
Piemonte,7.8,45.2,26.023693617861028,4.601272732839444,34658,anomalia
Piemonte,8,45.5,24.018205785240575,4.5933020962108415,12831,anomalia
Piemonte,8.1,45.4,26.215544516858493,4.568098510120425,10129,anomalia
Piemonte,7.7,45.2,25.283847447799772,4.492381765922058,35642,anomalia
Piemonte,7.8,45.3,25.88219862651286,4.477544633191911,14328,anomalia
Piemonte,7.8,45.1,26.346503641264373,4.471237839793137,74648,anomalia
Piemonte,7.9,45.2,26.46984739922548,4.467103422982579,35382,anomalia
Piemonte,8.2,45.4,26.3782242407796,4.458998354531417,10344,anomalia
Piemonte,7.9,45.1,26.718606447197036,4.458922066034525,8153,anomalia
Piemonte,8,45.4,25.93772249948928,4.452246135574654,7553,anomalia
Piemonte,7.9,45.4,26.02043588081848,4.410530888525987,16383,anomalia
Puglia,15.8,41.5,29.63565866029257,2.754183696353415,174,livello
Sicilia,14.9,37.5,29.532722532756715,2.62164251050687,1376,livello
Calabria,16.4,39.7,29.509528514763527,3.8767064724917937,4395,livello
Sicilia,15,37.5,29.36252290837483,2.6403846426637116,109911,livello
Sicilia,15.1,37.5,29.33439653729523,2.804940215320901,271001,livello
Sicilia,14.9,37.4,29.315736874710804,2.66724831673859,123,livello
Puglia,15.7,41.5,29.311134066278278,2.7344459982385025,395,livello
Sicilia,14.8,37.5,29.26474612163313,2.6221355440636174,106,livello
Sardegna,8.9,39.4,29.231500825839916,3.8363588520219096,15152,livello
Sicilia,15,37.4,29.200022516088385,2.678667092598733,371,livello
Sardegna,9,39.3,29.196945567332378,3.7784074323013606,47641,livello
Puglia,15.6,41.5,29.171417430548395,2.797025522778096,33056,livello
