DATAFLOW,LAST UPDATE,freq,unit,wstatus,nace_r2,geo,TIME_PERIOD,OBS_VALUE,OBS_FLAG,CONF_STATUS
ESTAT:NAMA_10R_2EMHRW(1.0),26/06/26 23:00:00,A,THS,EMP,TOTAL,DE,2000-01-01,58546225.0,,
ESTAT:NAMA_10R_2EMHRW(1.0),26/06/26 23:00:00,A,THS,EMP,TOTAL,ES,2000-01-01,29326206.4,,
ESTAT:NAMA_10R_2EMHRW(1.0),26/06/26 23:00:00,A,THS,EMP,TOTAL,EU27_2020,2000-01-01,319954259.0,,
ESTAT:NAMA_10R_2EMHRW(1.0),26/06/26 23:00:00,A,THS,EMP,TOTAL,FR,2000-01-01,39617701.3,,
ESTAT:NAMA_10R_2EMHRW(1.0),26/06/26 23:00:00,A,THS,EMP,TOTAL,IT,2000-01-01,41686015.1,,
ESTAT:NAMA_10R_2EMHRW(1.0),26/06/26 23:00:00,A,THS,SAL,TOTAL,DE,2000-01-01,49487123.0,,
ESTAT:NAMA_10R_2EMHRW(1.0),26/06/26 23:00:00,A,THS,SAL,TOTAL,ES,2000-01-01,23685226.1,,
ESTAT:NAMA_10R_2EMHRW(1.0),26/06/26 23:00:00,A,THS,SAL,TOTAL,EU27_2020,2000-01-01,247039999.0,,
ESTAT:NAMA_10R_2EMHRW(1.0),26/06/26 23:00:00,A,THS,SAL,TOTAL,FR,2000-01-01,33092256.1,,
ESTAT:NAMA_10R_2EMHRW(1.0),26/06/26 23:00:00,A,THS,SAL,TOTAL,IT,2000-01-01,28074286.3,,
ESTAT:NAMA_10R_2EMHRW(1.0),26/06/26 23:00:00,A,THS,SELF,TOTAL,DE,2000-01-01,9059102.0,,
ESTAT:NAMA_10R_2EMHRW(1.0),26/06/26 23:00:00,A,THS,SELF,TOTAL,ES,2000-01-01,5640980.3,,
ESTAT:NAMA_10R_2EMHRW(1.0),26/06/26 23:00:00,A,THS,SELF,TOTAL,EU27_2020,2000-01-01,72914261.0,,
ESTAT:NAMA_10R_2EMHRW(1.0),26/06/26 23:00:00,A,THS,SELF,TOTAL,FR,2000-01-01,6525445.3,,
ESTAT:NAMA_10R_2EMHRW(1.0),26/06/26 23:00:00,A,THS,SELF,TOTAL,IT,2000-01-01,13611728.8,,
ESTAT:NAMA_10R_2EMHRW(1.0),26/06/26 23:00:00,A,THS,EMP,TOTAL,DE,2001-01-01,58097390.0,,
ESTAT:NAMA_10R_2EMHRW(1.0),26/06/26 23:00:00,A,THS,EMP,TOTAL,ES,2001-01-01,30469188.8,,
ESTAT:NAMA_10R_2EMHRW(1.0),26/06/26 23:00:00,A,THS,EMP,TOTAL,EU27_2020,2001-01-01,320298412.0,,
ESTAT:NAMA_10R_2EMHRW(1.0),26/06/26 23:00:00,A,THS,EMP,TOTAL,FR,2001-01-01,39691244.8,,
ESTAT:NAMA_10R_2EMHRW(1.0),26/06/26 23:00:00,A,THS,EMP,TOTAL,IT,2001-01-01,42259453.2,,
ESTAT:NAMA_10R_2EMHRW(1.0),26/06/26 23:00:00,A,THS,SAL,TOTAL,DE,2001-01-01,49145709.0,,
ESTAT:NAMA_10R_2EMHRW(1.0),26/06/26 23:00:00,A,THS,SAL,TOTAL,ES,2001-01-01,24702502.5,,
ESTAT:NAMA_10R_2EMHRW(1.0),26/06/26 23:00:00,A,THS,SAL,TOTAL,EU27_2020,2001-01-01,247817319.0,,
ESTAT:NAMA_10R_2EMHRW(1.0),26/06/26 23:00:00,A,THS,SAL,TOTAL,FR,2001-01-01,33280362.9,,
ESTAT:NAMA_10R_2EMHRW(1.0),26/06/26 23:00:00,A,THS,SAL,TOTAL,IT,2001-01-01,28548213.3,,
ESTAT:NAMA_10R_2EMHRW(1.0),26/06/26 23:00:00,A,THS,SELF,TOTAL,DE,2001-01-01,8951681.0,,
ESTAT:NAMA_10R_2EMHRW(1.0),26/06/26 23:00:00,A,THS,SELF,TOTAL,ES,2001-01-01,5766686.3,,
ESTAT:NAMA_10R_2EMHRW(1.0),26/06/26 23:00:00,A,THS,SELF,TOTAL,EU27_2020,2001-01-01,72481093.0,,
ESTAT:NAMA_10R_2EMHRW(1.0),26/06/26 23:00:00,A,THS,SELF,TOTAL,FR,2001-01-01,6410881.9,,
ESTAT:NAMA_10R_2EMHRW(1.0),26/06/26 23:00:00,A,THS,SELF,TOTAL,IT,2001-01-01,13711239.9,,
ESTAT:NAMA_10R_2EMHRW(1.0),26/06/26 23:00:00,A,THS,EMP,TOTAL,DE,2002-01-01,57461349.0,,
ESTAT:NAMA_10R_2EMHRW(1.0),26/06/26 23:00:00,A,THS,EMP,TOTAL,ES,2002-01-01,31248172.6,,
ESTAT:NAMA_10R_2EMHRW(1.0),26/06/26 23:00:00,A,THS,EMP,TOTAL,EU27_2020,2002-01-01,317383428.0,,
ESTAT:NAMA_10R_2EMHRW(1.0),26/06/26 23:00:00,A,THS,EMP,TOTAL,FR,2002-01-01,39012782.5,,
ESTAT:NAMA_10R_2EMHRW(1.0),26/06/26 23:00:00,A,THS,EMP,TOTAL,IT,2002-01-01,42618244.6,,
ESTAT:NAMA_10R_2EMHRW(1.0),26/06/26 23:00:00,A,THS,SAL,TOTAL,DE,2002-01-01,48579195.0,,
ESTAT:NAMA_10R_2EMHRW(1.0),26/06/26 23:00:00,A,THS,SAL,TOTAL,ES,2002-01-01,25461671.2,,
ESTAT:NAMA_10R_2EMHRW(1.0),26/06/26 23:00:00,A,THS,SAL,TOTAL,EU27_2020,2002-01-01,247777214.0,,
ESTAT:NAMA_10R_2EMHRW(1.0),26/06/26 23:00:00,A,THS,SAL,TOTAL,FR,2002-01-01,32776706.9,,
ESTAT:NAMA_10R_2EMHRW(1.0),26/06/26 23:00:00,A,THS,SAL,TOTAL,IT,2002-01-01,28880562.8,,
ESTAT:NAMA_10R_2EMHRW(1.0),26/06/26 23:00:00,A,THS,SELF,TOTAL,DE,2002-01-01,8882154.0,,
ESTAT:NAMA_10R_2EMHRW(1.0),26/06/26 23:00:00,A,THS,SELF,TOTAL,ES,2002-01-01,5786501.4,,
ESTAT:NAMA_10R_2EMHRW(1.0),26/06/26 23:00:00,A,THS,SELF,TOTAL,EU27_2020,2002-01-01,69606214.0,,
ESTAT:NAMA_10R_2EMHRW(1.0),26/06/26 23:00:00,A,THS,SELF,TOTAL,FR,2002-01-01,6236075.6,,
ESTAT:NAMA_10R_2EMHRW(1.0),26/06/26 23:00:00,A,THS,SELF,TOTAL,IT,2002-01-01,13737681.8,,
ESTAT:NAMA_10R_2EMHRW(1.0),26/06/26 23:00:00,A,THS,EMP,TOTAL,DE,2003-01-01,56634570.0,,
ESTAT:NAMA_10R_2EMHRW(1.0),26/06/26 23:00:00,A,THS,EMP,TOTAL,ES,2003-01-01,32072815.6,,
ESTAT:NAMA_10R_2EMHRW(1.0),26/06/26 23:00:00,A,THS,EMP,TOTAL,EU27_2020,2003-01-01,317045527.0,,
ESTAT:NAMA_10R_2EMHRW(1.0),26/06/26 23:00:00,A,THS,EMP,TOTAL,FR,2003-01-01,39121542.5,,
ESTAT:NAMA_10R_2EMHRW(1.0),26/06/26 23:00:00,A,THS,EMP,TOTAL,IT,2003-01-01,42911627.0,,
ESTAT:NAMA_10R_2EMHRW(1.0),26/06/26 23:00:00,A,THS,SAL,TOTAL,DE,2003-01-01,47729279.0,,
ESTAT:NAMA_10R_2EMHRW(1.0),26/06/26 23:00:00,A,THS,SAL,TOTAL,ES,2003-01-01,26266660.9,,
ESTAT:NAMA_10R_2EMHRW(1.0),26/06/26 23:00:00,A,THS,SAL,TOTAL,EU27_2020,2003-01-01,247305105.0,,
ESTAT:NAMA_10R_2EMHRW(1.0),26/06/26 23:00:00,A,THS,SAL,TOTAL,FR,2003-01-01,32845835.8,,
ESTAT:NAMA_10R_2EMHRW(1.0),26/06/26 23:00:00,A,THS,SAL,TOTAL,IT,2003-01-01,28824576.9,,
ESTAT:NAMA_10R_2EMHRW(1.0),26/06/26 23:00:00,A,THS,SELF,TOTAL,DE,2003-01-01,8905291.0,,
ESTAT:NAMA_10R_2EMHRW(1.0),26/06/26 23:00:00,A,THS,SELF,TOTAL,ES,2003-01-01,5806154.7,,
ESTAT:NAMA_10R_2EMHRW(1.0),26/06/26 23:00:00,A,THS,SELF,TOTAL,EU27_2020,2003-01-01,69740422.0,,
ESTAT:NAMA_10R_2EMHRW(1.0),26/06/26 23:00:00,A,THS,SELF,TOTAL,FR,2003-01-01,6275706.8,,
ESTAT:NAMA_10R_2EMHRW(1.0),26/06/26 23:00:00,A,THS,SELF,TOTAL,IT,2003-01-01,14087050.1,,
ESTAT:NAMA_10R_2EMHRW(1.0),26/06/26 23:00:00,A,THS,EMP,TOTAL,DE,2004-01-01,56797158.0,,
ESTAT:NAMA_10R_2EMHRW(1.0),26/06/26 23:00:00,A,THS,EMP,TOTAL,ES,2004-01-01,32965054.9,,
ESTAT:NAMA_10R_2EMHRW(1.0),26/06/26 23:00:00,A,THS,EMP,TOTAL,EU27_2020,2004-01-01,319899658.0,,
ESTAT:NAMA_10R_2EMHRW(1.0),26/06/26 23:00:00,A,THS,EMP,TOTAL,FR,2004-01-01,39800789.1,,
ESTAT:NAMA_10R_2EMHRW(1.0),26/06/26 23:00:00,A,THS,EMP,TOTAL,IT,2004-01-01,43132074.7,,
ESTAT:NAMA_10R_2EMHRW(1.0),26/06/26 23:00:00,A,THS,SAL,TOTAL,DE,2004-01-01,47719976.0,,
ESTAT:NAMA_10R_2EMHRW(1.0),26/06/26 23:00:00,A,THS,SAL,TOTAL,ES,2004-01-01,27026823.3,,
ESTAT:NAMA_10R_2EMHRW(1.0),26/06/26 23:00:00,A,THS,SAL,TOTAL,EU27_2020,2004-01-01,250505252.0,,
ESTAT:NAMA_10R_2EMHRW(1.0),26/06/26 23:00:00,A,THS,SAL,TOTAL,FR,2004-01-01,33390980.2,,
ESTAT:NAMA_10R_2EMHRW(1.0),26/06/26 23:00:00,A,THS,SAL,TOTAL,IT,2004-01-01,28937272.3,,
ESTAT:NAMA_10R_2EMHRW(1.0),26/06/26 23:00:00,A,THS,SELF,TOTAL,DE,2004-01-01,9077182.0,,
ESTAT:NAMA_10R_2EMHRW(1.0),26/06/26 23:00:00,A,THS,SELF,TOTAL,ES,2004-01-01,5938231.6,,
ESTAT:NAMA_10R_2EMHRW(1.0),26/06/26 23:00:00,A,THS,SELF,TOTAL,EU27_2020,2004-01-01,69394405.0,,
ESTAT:NAMA_10R_2EMHRW(1.0),26/06/26 23:00:00,A,THS,SELF,TOTAL,FR,2004-01-01,6409808.8,,
ESTAT:NAMA_10R_2EMHRW(1.0),26/06/26 23:00:00,A,THS,SELF,TOTAL,IT,2004-01-01,14194802.4,,
ESTAT:NAMA_10R_2EMHRW(1.0),26/06/26 23:00:00,A,THS,EMP,TOTAL,DE,2005-01-01,56304911.0,,
ESTAT:NAMA_10R_2EMHRW(1.0),26/06/26 23:00:00,A,THS,EMP,TOTAL,ES,2005-01-01,34029987.0,,
ESTAT:NAMA_10R_2EMHRW(1.0),26/06/26 23:00:00,A,THS,EMP,TOTAL,EU27_2020,2005-01-01,322190249.0,,
ESTAT:NAMA_10R_2EMHRW(1.0),26/06/26 23:00:00,A,THS,EMP,TOTAL,FR,2005-01-01,40110464.7,,
ESTAT:NAMA_10R_2EMHRW(1.0),26/06/26 23:00:00,A,THS,EMP,TOTAL,IT,2005-01-01,43262190.6,,
ESTAT:NAMA_10R_2EMHRW(1.0),26/06/26 23:00:00,A,THS,SAL,TOTAL,DE,2005-01-01,47132643.0,,
ESTAT:NAMA_10R_2EMHRW(1.0),26/06/26 23:00:00,A,THS,SAL,TOTAL,ES,2005-01-01,28009437.2,,
ESTAT:NAMA_10R_2EMHRW(1.0),26/06/26 23:00:00,A,THS,SAL,TOTAL,EU27_2020,2005-01-01,252705557.0,,
ESTAT:NAMA_10R_2EMHRW(1.0),26/06/26 23:00:00,A,THS,SAL,TOTAL,FR,2005-01-01,33640504.8,,
ESTAT:NAMA_10R_2EMHRW(1.0),26/06/26 23:00:00,A,THS,SAL,TOTAL,IT,2005-01-01,29216037.9,,
ESTAT:NAMA_10R_2EMHRW(1.0),26/06/26 23:00:00,A,THS,SELF,TOTAL,DE,2005-01-01,9172268.0,,
ESTAT:NAMA_10R_2EMHRW(1.0),26/06/26 23:00:00,A,THS,SELF,TOTAL,ES,2005-01-01,6020549.8,,
ESTAT:NAMA_10R_2EMHRW(1.0),26/06/26 23:00:00,A,THS,SELF,TOTAL,EU27_2020,2005-01-01,69484692.0,,
ESTAT:NAMA_10R_2EMHRW(1.0),26/06/26 23:00:00,A,THS,SELF,TOTAL,FR,2005-01-01,6469959.9,,
ESTAT:NAMA_10R_2EMHRW(1.0),26/06/26 23:00:00,A,THS,SELF,TOTAL,IT,2005-01-01,14046152.7,,
ESTAT:NAMA_10R_2EMHRW(1.0),26/06/26 23:00:00,A,THS,EMP,TOTAL,DE,2006-01-01,57527468.0,,
ESTAT:NAMA_10R_2EMHRW(1.0),26/06/26 23:00:00,A,THS,EMP,TOTAL,ES,2006-01-01,35211547.5,,
ESTAT:NAMA_10R_2EMHRW(1.0),26/06/26 23:00:00,A,THS,EMP,TOTAL,EU27_2020,2006-01-01,327944001.0,,
ESTAT:NAMA_10R_2EMHRW(1.0),26/06/26 23:00:00,A,THS,EMP,TOTAL,FR,2006-01-01,40142835.6,,
ESTAT:NAMA_10R_2EMHRW(1.0),26/06/26 23:00:00,A,THS,EMP,TOTAL,IT,2006-01-01,44151296.3,,
ESTAT:NAMA_10R_2EMHRW(1.0),26/06/26 23:00:00,A,THS,SAL,TOTAL,DE,2006-01-01,48325837.0,,
ESTAT:NAMA_10R_2EMHRW(1.0),26/06/26 23:00:00,A,THS,SAL,TOTAL,ES,2006-01-01,29102484.5,,
ESTAT:NAMA_10R_2EMHRW(1.0),26/06/26 23:00:00,A,THS,SAL,TOTAL,EU27_2020,2006-01-01,258471798.0,,
ESTAT:NAMA_10R_2EMHRW(1.0),26/06/26 23:00:00,A,THS,SAL,TOTAL,FR,2006-01-01,33641127.6,,
ESTAT:NAMA_10R_2EMHRW(1.0),26/06/26 23:00:00,A,THS,SAL,TOTAL,IT,2006-01-01,29952395.3,,
ESTAT:NAMA_10R_2EMHRW(1.0),26/06/26 23:00:00,A,THS,SELF,TOTAL,DE,2006-01-01,9201631.0,,
ESTAT:NAMA_10R_2EMHRW(1.0),26/06/26 23:00:00,A,THS,SELF,TOTAL,ES,2006-01-01,6109063.0,,
ESTAT:NAMA_10R_2EMHRW(1.0),26/06/26 23:00:00,A,THS,SELF,TOTAL,EU27_2020,2006-01-01,69472202.0,,
ESTAT:NAMA_10R_2EMHRW(1.0),26/06/26 23:00:00,A,THS,SELF,TOTAL,FR,2006-01-01,6501707.9,,
ESTAT:NAMA_10R_2EMHRW(1.0),26/06/26 23:00:00,A,THS,SELF,TOTAL,IT,2006-01-01,14198901.0,,
ESTAT:NAMA_10R_2EMHRW(1.0),26/06/26 23:00:00,A,THS,EMP,TOTAL,DE,2007-01-01,58562791.0,,
ESTAT:NAMA_10R_2EMHRW(1.0),26/06/26 23:00:00,A,THS,EMP,TOTAL,ES,2007-01-01,36095060.5,,
ESTAT:NAMA_10R_2EMHRW(1.0),26/06/26 23:00:00,A,THS,EMP,TOTAL,EU27_2020,2007-01-01,335116418.0,,
ESTAT:NAMA_10R_2EMHRW(1.0),26/06/26 23:00:00,A,THS,EMP,TOTAL,FR,2007-01-01,41320197.2,,
ESTAT:NAMA_10R_2EMHRW(1.0),26/06/26 23:00:00,A,THS,EMP,TOTAL,IT,2007-01-01,44837909.5,,
ESTAT:NAMA_10R_2EMHRW(1.0),26/06/26 23:00:00,A,THS,SAL,TOTAL,DE,2007-01-01,49330223.0,,
ESTAT:NAMA_10R_2EMHRW(1.0),26/06/26 23:00:00,A,THS,SAL,TOTAL,ES,2007-01-01,29908583.6,,
ESTAT:NAMA_10R_2EMHRW(1.0),26/06/26 23:00:00,A,THS,SAL,TOTAL,EU27_2020,2007-01-01,265192638.0,,
ESTAT:NAMA_10R_2EMHRW(1.0),26/06/26 23:00:00,A,THS,SAL,TOTAL,FR,2007-01-01,34714682.4,,
ESTAT:NAMA_10R_2EMHRW(1.0),26/06/26 23:00:00,A,THS,SAL,TOTAL,IT,2007-01-01,30402773.4,,
ESTAT:NAMA_10R_2EMHRW(1.0),26/06/26 23:00:00,A,THS,SELF,TOTAL,DE,2007-01-01,9232568.0,,
ESTAT:NAMA_10R_2EMHRW(1.0),26/06/26 23:00:00,A,THS,SELF,TOTAL,ES,2007-01-01,6186476.9,,
ESTAT:NAMA_10R_2EMHRW(1.0),26/06/26 23:00:00,A,THS,SELF,TOTAL,EU27_2020,2007-01-01,69923780.0,,
ESTAT:NAMA_10R_2EMHRW(1.0),26/06/26 23:00:00,A,THS,SELF,TOTAL,FR,2007-01-01,6605514.8,,
ESTAT:NAMA_10R_2EMHRW(1.0),26/06/26 23:00:00,A,THS,SELF,TOTAL,IT,2007-01-01,14435136.1,,
ESTAT:NAMA_10R_2EMHRW(1.0),26/06/26 23:00:00,A,THS,EMP,TOTAL,DE,2008-01-01,59107020.0,,
ESTAT:NAMA_10R_2EMHRW(1.0),26/06/26 23:00:00,A,THS,EMP,TOTAL,ES,2008-01-01,36338856.0,,
ESTAT:NAMA_10R_2EMHRW(1.0),26/06/26 23:00:00,A,THS,EMP,TOTAL,EU27_2020,2008-01-01,338114640.0,,
ESTAT:NAMA_10R_2EMHRW(1.0),26/06/26 23:00:00,A,THS,EMP,TOTAL,FR,2008-01-01,41711102.6,,
ESTAT:NAMA_10R_2EMHRW(1.0),26/06/26 23:00:00,A,THS,EMP,TOTAL,IT,2008-01-01,44665457.4,,
ESTAT:NAMA_10R_2EMHRW(1.0),26/06/26 23:00:00,A,THS,SAL,TOTAL,DE,2008-01-01,49878031.0,,
ESTAT:NAMA_10R_2EMHRW(1.0),26/06/26 23:00:00,A,THS,SAL,TOTAL,ES,2008-01-01,30063083.4,,
ESTAT:NAMA_10R_2EMHRW(1.0),26/06/26 23:00:00,A,THS,SAL,TOTAL,EU27_2020,2008-01-01,268769139.0,,
ESTAT:NAMA_10R_2EMHRW(1.0),26/06/26 23:00:00,A,THS,SAL,TOTAL,FR,2008-01-01,35093129.0,,
ESTAT:NAMA_10R_2EMHRW(1.0),26/06/26 23:00:00,A,THS,SAL,TOTAL,IT,2008-01-01,30614751.8,,
ESTAT:NAMA_10R_2EMHRW(1.0),26/06/26 23:00:00,A,THS,SELF,TOTAL,DE,2008-01-01,9228989.0,,
ESTAT:NAMA_10R_2EMHRW(1.0),26/06/26 23:00:00,A,THS,SELF,TOTAL,ES,2008-01-01,6275772.6,,
ESTAT:NAMA_10R_2EMHRW(1.0),26/06/26 23:00:00,A,THS,SELF,TOTAL,EU27_2020,2008-01-01,69345501.0,,
ESTAT:NAMA_10R_2EMHRW(1.0),26/06/26 23:00:00,A,THS,SELF,TOTAL,FR,2008-01-01,6617973.5,,
ESTAT:NAMA_10R_2EMHRW(1.0),26/06/26 23:00:00,A,THS,SELF,TOTAL,IT,2008-01-01,14050705.6,,
ESTAT:NAMA_10R_2EMHRW(1.0),26/06/26 23:00:00,A,THS,EMP,TOTAL,DE,2009-01-01,57541116.0,,
ESTAT:NAMA_10R_2EMHRW(1.0),26/06/26 23:00:00,A,THS,EMP,TOTAL,ES,2009-01-01,34168083.3,,
ESTAT:NAMA_10R_2EMHRW(1.0),26/06/26 23:00:00,A,THS,EMP,TOTAL,EU27_2020,2009-01-01,327350032.0,,
ESTAT:NAMA_10R_2EMHRW(1.0),26/06/26 23:00:00,A,THS,EMP,TOTAL,FR,2009-01-01,40922260.9,,
ESTAT:NAMA_10R_2EMHRW(1.0),26/06/26 23:00:00,A,THS,EMP,TOTAL,IT,2009-01-01,43104919.2,,
ESTAT:NAMA_10R_2EMHRW(1.0),26/06/26 23:00:00,A,THS,SAL,TOTAL,DE,2009-01-01,48351131.0,,
ESTAT:NAMA_10R_2EMHRW(1.0),26/06/26 23:00:00,A,THS,SAL,TOTAL,ES,2009-01-01,28271746.3,,
ESTAT:NAMA_10R_2EMHRW(1.0),26/06/26 23:00:00,A,THS,SAL,TOTAL,EU27_2020,2009-01-01,259713979.0,,
ESTAT:NAMA_10R_2EMHRW(1.0),26/06/26 23:00:00,A,THS,SAL,TOTAL,FR,2009-01-01,34301233.4,,
ESTAT:NAMA_10R_2EMHRW(1.0),26/06/26 23:00:00,A,THS,SAL,TOTAL,IT,2009-01-01,29546824.8,,
ESTAT:NAMA_10R_2EMHRW(1.0),26/06/26 23:00:00,A,THS,SELF,TOTAL,DE,2009-01-01,9189985.0,,
ESTAT:NAMA_10R_2EMHRW(1.0),26/06/26 23:00:00,A,THS,SELF,TOTAL,ES,2009-01-01,5896337.0,,
ESTAT:NAMA_10R_2EMHRW(1.0),26/06/26 23:00:00,A,THS,SELF,TOTAL,EU27_2020,2009-01-01,67636054.0,,
ESTAT:NAMA_10R_2EMHRW(1.0),26/06/26 23:00:00,A,THS,SELF,TOTAL,FR,2009-01-01,6621027.5,,
ESTAT:NAMA_10R_2EMHRW(1.0),26/06/26 23:00:00,A,THS,SELF,TOTAL,IT,2009-01-01,13558094.4,,
ESTAT:NAMA_10R_2EMHRW(1.0),26/06/26 23:00:00,A,THS,EMP,TOTAL,DE,2010-01-01,58581222.0,,
ESTAT:NAMA_10R_2EMHRW(1.0),26/06/26 23:00:00,A,THS,EMP,TOTAL,ES,2010-01-01,33392886.3,,
ESTAT:NAMA_10R_2EMHRW(1.0),26/06/26 23:00:00,A,THS,EMP,TOTAL,EU27_2020,2010-01-01,325032838.0,,
ESTAT:NAMA_10R_2EMHRW(1.0),26/06/26 23:00:00,A,THS,EMP,TOTAL,FR,2010-01-01,41177446.0,,
ESTAT:NAMA_10R_2EMHRW(1.0),26/06/26 23:00:00,A,THS,EMP,TOTAL,IT,2010-01-01,42873727.3,,
ESTAT:NAMA_10R_2EMHRW(1.0),26/06/26 23:00:00,A,THS,SAL,TOTAL,DE,2010-01-01,49384705.0,,
ESTAT:NAMA_10R_2EMHRW(1.0),26/06/26 23:00:00,A,THS,SAL,TOTAL,ES,2010-01-01,27615771.8,,
ESTAT:NAMA_10R_2EMHRW(1.0),26/06/26 23:00:00,A,THS,SAL,TOTAL,EU27_2020,2010-01-01,257769802.0,,
ESTAT:NAMA_10R_2EMHRW(1.0),26/06/26 23:00:00,A,THS,SAL,TOTAL,FR,2010-01-01,34449876.8,,
ESTAT:NAMA_10R_2EMHRW(1.0),26/06/26 23:00:00,A,THS,SAL,TOTAL,IT,2010-01-01,29210064.1,,
ESTAT:NAMA_10R_2EMHRW(1.0),26/06/26 23:00:00,A,THS,SELF,TOTAL,DE,2010-01-01,9196517.0,,
ESTAT:NAMA_10R_2EMHRW(1.0),26/06/26 23:00:00,A,THS,SELF,TOTAL,ES,2010-01-01,5777114.5,,
ESTAT:NAMA_10R_2EMHRW(1.0),26/06/26 23:00:00,A,THS,SELF,TOTAL,EU27_2020,2010-01-01,67263036.0,,
ESTAT:NAMA_10R_2EMHRW(1.0),26/06/26 23:00:00,A,THS,SELF,TOTAL,FR,2010-01-01,6727569.2,,
ESTAT:NAMA_10R_2EMHRW(1.0),26/06/26 23:00:00,A,THS,SELF,TOTAL,IT,2010-01-01,13663663.2,,
ESTAT:NAMA_10R_2EMHRW(1.0),26/06/26 23:00:00,A,THS,EMP,TOTAL,DE,2011-01-01,59327999.0,,
ESTAT:NAMA_10R_2EMHRW(1.0),26/06/26 23:00:00,A,THS,EMP,TOTAL,ES,2011-01-01,32685720.8,,
ESTAT:NAMA_10R_2EMHRW(1.0),26/06/26 23:00:00,A,THS,EMP,TOTAL,EU27_2020,2011-01-01,325106468.0,,
ESTAT:NAMA_10R_2EMHRW(1.0),26/06/26 23:00:00,A,THS,EMP,TOTAL,FR,2011-01-01,41649168.5,,
ESTAT:NAMA_10R_2EMHRW(1.0),26/06/26 23:00:00,A,THS,EMP,TOTAL,IT,2011-01-01,42874627.4,,
ESTAT:NAMA_10R_2EMHRW(1.0),26/06/26 23:00:00,A,THS,SAL,TOTAL,DE,2011-01-01,50162621.0,,
ESTAT:NAMA_10R_2EMHRW(1.0),26/06/26 23:00:00,A,THS,SAL,TOTAL,ES,2011-01-01,26963801.7,,
ESTAT:NAMA_10R_2EMHRW(1.0),26/06/26 23:00:00,A,THS,SAL,TOTAL,EU27_2020,2011-01-01,258462068.0,,
ESTAT:NAMA_10R_2EMHRW(1.0),26/06/26 23:00:00,A,THS,SAL,TOTAL,FR,2011-01-01,34752010.7,,
ESTAT:NAMA_10R_2EMHRW(1.0),26/06/26 23:00:00,A,THS,SAL,TOTAL,IT,2011-01-01,29278181.7,,
ESTAT:NAMA_10R_2EMHRW(1.0),26/06/26 23:00:00,A,THS,SELF,TOTAL,DE,2011-01-01,9165378.0,,
ESTAT:NAMA_10R_2EMHRW(1.0),26/06/26 23:00:00,A,THS,SELF,TOTAL,ES,2011-01-01,5721919.1,,
ESTAT:NAMA_10R_2EMHRW(1.0),26/06/26 23:00:00,A,THS,SELF,TOTAL,EU27_2020,2011-01-01,66644400.0,,
ESTAT:NAMA_10R_2EMHRW(1.0),26/06/26 23:00:00,A,THS,SELF,TOTAL,FR,2011-01-01,6897157.7,,
ESTAT:NAMA_10R_2EMHRW(1.0),26/06/26 23:00:00,A,THS,SELF,TOTAL,IT,2011-01-01,13596445.7,,
ESTAT:NAMA_10R_2EMHRW(1.0),26/06/26 23:00:00,A,THS,EMP,TOTAL,DE,2012-01-01,59143214.0,,
ESTAT:NAMA_10R_2EMHRW(1.0),26/06/26 23:00:00,A,THS,EMP,TOTAL,ES,2012-01-01,31111891.2,,
ESTAT:NAMA_10R_2EMHRW(1.0),26/06/26 23:00:00,A,THS,EMP,TOTAL,EU27_2020,2012-01-01,321049543.0,,
ESTAT:NAMA_10R_2EMHRW(1.0),26/06/26 23:00:00,A,THS,EMP,TOTAL,FR,2012-01-01,41639912.0,,
ESTAT:NAMA_10R_2EMHRW(1.0),26/06/26 23:00:00,A,THS,EMP,TOTAL,IT,2012-01-01,41822830.2,,
ESTAT:NAMA_10R_2EMHRW(1.0),26/06/26 23:00:00,A,THS,SAL,TOTAL,DE,2012-01-01,50097787.0,,
ESTAT:NAMA_10R_2EMHRW(1.0),26/06/26 23:00:00,A,THS,SAL,TOTAL,ES,2012-01-01,25367487.6,,
ESTAT:NAMA_10R_2EMHRW(1.0),26/06/26 23:00:00,A,THS,SAL,TOTAL,EU27_2020,2012-01-01,255218493.0,,
ESTAT:NAMA_10R_2EMHRW(1.0),26/06/26 23:00:00,A,THS,SAL,TOTAL,FR,2012-01-01,34620534.7,,
ESTAT:NAMA_10R_2EMHRW(1.0),26/06/26 23:00:00,A,THS,SAL,TOTAL,IT,2012-01-01,28556181.3,,
ESTAT:NAMA_10R_2EMHRW(1.0),26/06/26 23:00:00,A,THS,SELF,TOTAL,DE,2012-01-01,9045427.0,,
ESTAT:NAMA_10R_2EMHRW(1.0),26/06/26 23:00:00,A,THS,SELF,TOTAL,ES,2012-01-01,5744403.6,,
ESTAT:NAMA_10R_2EMHRW(1.0),26/06/26 23:00:00,A,THS,SELF,TOTAL,EU27_2020,2012-01-01,65831050.0,,
ESTAT:NAMA_10R_2EMHRW(1.0),26/06/26 23:00:00,A,THS,SELF,TOTAL,FR,2012-01-01,7019377.3,,
ESTAT:NAMA_10R_2EMHRW(1.0),26/06/26 23:00:00,A,THS,SELF,TOTAL,IT,2012-01-01,13266648.9,,
ESTAT:NAMA_10R_2EMHRW(1.0),26/06/26 23:00:00,A,THS,EMP,TOTAL,DE,2013-01-01,59148407.0,,
ESTAT:NAMA_10R_2EMHRW(1.0),26/06/26 23:00:00,A,THS,EMP,TOTAL,ES,2013-01-01,30228795.5,,
ESTAT:NAMA_10R_2EMHRW(1.0),26/06/26 23:00:00,A,THS,EMP,TOTAL,EU27_2020,2013-01-01,318091593.0,,
ESTAT:NAMA_10R_2EMHRW(1.0),26/06/26 23:00:00,A,THS,EMP,TOTAL,FR,2013-01-01,41306925.1,,
ESTAT:NAMA_10R_2EMHRW(1.0),26/06/26 23:00:00,A,THS,EMP,TOTAL,IT,2013-01-01,40742474.1,,
ESTAT:NAMA_10R_2EMHRW(1.0),26/06/26 23:00:00,A,THS,SAL,TOTAL,DE,2013-01-01,50242994.0,,
ESTAT:NAMA_10R_2EMHRW(1.0),26/06/26 23:00:00,A,THS,SAL,TOTAL,ES,2013-01-01,24388629.1,,
ESTAT:NAMA_10R_2EMHRW(1.0),26/06/26 23:00:00,A,THS,SAL,TOTAL,EU27_2020,2013-01-01,253163661.0,,
ESTAT:NAMA_10R_2EMHRW(1.0),26/06/26 23:00:00,A,THS,SAL,TOTAL,FR,2013-01-01,34240733.3,,
ESTAT:NAMA_10R_2EMHRW(1.0),26/06/26 23:00:00,A,THS,SAL,TOTAL,IT,2013-01-01,27849762.2,,
ESTAT:NAMA_10R_2EMHRW(1.0),26/06/26 23:00:00,A,THS,SELF,TOTAL,DE,2013-01-01,8905413.0,,
ESTAT:NAMA_10R_2EMHRW(1.0),26/06/26 23:00:00,A,THS,SELF,TOTAL,ES,2013-01-01,5840166.4,,
ESTAT:NAMA_10R_2EMHRW(1.0),26/06/26 23:00:00,A,THS,SELF,TOTAL,EU27_2020,2013-01-01,64927932.0,,
ESTAT:NAMA_10R_2EMHRW(1.0),26/06/26 23:00:00,A,THS,SELF,TOTAL,FR,2013-01-01,7066191.8,,
ESTAT:NAMA_10R_2EMHRW(1.0),26/06/26 23:00:00,A,THS,SELF,TOTAL,IT,2013-01-01,12892711.9,,
ESTAT:NAMA_10R_2EMHRW(1.0),26/06/26 23:00:00,A,THS,EMP,TOTAL,DE,2014-01-01,59858671.0,,
ESTAT:NAMA_10R_2EMHRW(1.0),26/06/26 23:00:00,A,THS,EMP,TOTAL,ES,2014-01-01,30543000.2,,
ESTAT:NAMA_10R_2EMHRW(1.0),26/06/26 23:00:00,A,THS,EMP,TOTAL,EU27_2020,2014-01-01,320932624.0,,
ESTAT:NAMA_10R_2EMHRW(1.0),26/06/26 23:00:00,A,THS,EMP,TOTAL,FR,2014-01-01,41292763.3,,
ESTAT:NAMA_10R_2EMHRW(1.0),26/06/26 23:00:00,A,THS,EMP,TOTAL,IT,2014-01-01,40698993.5,,
ESTAT:NAMA_10R_2EMHRW(1.0),26/06/26 23:00:00,A,THS,SAL,TOTAL,DE,2014-01-01,51074816.0,,
ESTAT:NAMA_10R_2EMHRW(1.0),26/06/26 23:00:00,A,THS,SAL,TOTAL,ES,2014-01-01,24622226.8,,
ESTAT:NAMA_10R_2EMHRW(1.0),26/06/26 23:00:00,A,THS,SAL,TOTAL,EU27_2020,2014-01-01,256168096.0,,
ESTAT:NAMA_10R_2EMHRW(1.0),26/06/26 23:00:00,A,THS,SAL,TOTAL,FR,2014-01-01,34241027.0,,
ESTAT:NAMA_10R_2EMHRW(1.0),26/06/26 23:00:00,A,THS,SAL,TOTAL,IT,2014-01-01,27851974.6,,
ESTAT:NAMA_10R_2EMHRW(1.0),26/06/26 23:00:00,A,THS,SELF,TOTAL,DE,2014-01-01,8783855.0,,
ESTAT:NAMA_10R_2EMHRW(1.0),26/06/26 23:00:00,A,THS,SELF,TOTAL,ES,2014-01-01,5920773.4,,
ESTAT:NAMA_10R_2EMHRW(1.0),26/06/26 23:00:00,A,THS,SELF,TOTAL,EU27_2020,2014-01-01,64764528.0,,
ESTAT:NAMA_10R_2EMHRW(1.0),26/06/26 23:00:00,A,THS,SELF,TOTAL,FR,2014-01-01,7051736.3,,
ESTAT:NAMA_10R_2EMHRW(1.0),26/06/26 23:00:00,A,THS,SELF,TOTAL,IT,2014-01-01,12847018.9,,
ESTAT:NAMA_10R_2EMHRW(1.0),26/06/26 23:00:00,A,THS,EMP,TOTAL,DE,2015-01-01,60460404.0,,
ESTAT:NAMA_10R_2EMHRW(1.0),26/06/26 23:00:00,A,THS,EMP,TOTAL,ES,2015-01-01,31458249.4,,
ESTAT:NAMA_10R_2EMHRW(1.0),26/06/26 23:00:00,A,THS,EMP,TOTAL,EU27_2020,2015-01-01,323813605.0,,
ESTAT:NAMA_10R_2EMHRW(1.0),26/06/26 23:00:00,A,THS,EMP,TOTAL,FR,2015-01-01,41400747.6,,
ESTAT:NAMA_10R_2EMHRW(1.0),26/06/26 23:00:00,A,THS,EMP,TOTAL,IT,2015-01-01,41025828.9,,
ESTAT:NAMA_10R_2EMHRW(1.0),26/06/26 23:00:00,A,THS,SAL,TOTAL,DE,2015-01-01,51811358.0,,
ESTAT:NAMA_10R_2EMHRW(1.0),26/06/26 23:00:00,A,THS,SAL,TOTAL,ES,2015-01-01,25451892.9,,
ESTAT:NAMA_10R_2EMHRW(1.0),26/06/26 23:00:00,A,THS,SAL,TOTAL,EU27_2020,2015-01-01,259845290.0,,
ESTAT:NAMA_10R_2EMHRW(1.0),26/06/26 23:00:00,A,THS,SAL,TOTAL,FR,2015-01-01,34334533.1,,
ESTAT:NAMA_10R_2EMHRW(1.0),26/06/26 23:00:00,A,THS,SAL,TOTAL,IT,2015-01-01,28233072.5,,
ESTAT:NAMA_10R_2EMHRW(1.0),26/06/26 23:00:00,A,THS,SELF,TOTAL,DE,2015-01-01,8649046.0,,
ESTAT:NAMA_10R_2EMHRW(1.0),26/06/26 23:00:00,A,THS,SELF,TOTAL,ES,2015-01-01,6006356.5,,
ESTAT:NAMA_10R_2EMHRW(1.0),26/06/26 23:00:00,A,THS,SELF,TOTAL,EU27_2020,2015-01-01,63968315.0,,
ESTAT:NAMA_10R_2EMHRW(1.0),26/06/26 23:00:00,A,THS,SELF,TOTAL,FR,2015-01-01,7066214.5,,
ESTAT:NAMA_10R_2EMHRW(1.0),26/06/26 23:00:00,A,THS,SELF,TOTAL,IT,2015-01-01,12792756.4,,
ESTAT:NAMA_10R_2EMHRW(1.0),26/06/26 23:00:00,A,THS,EMP,TOTAL,DE,2016-01-01,60978246.0,,
ESTAT:NAMA_10R_2EMHRW(1.0),26/06/26 23:00:00,A,THS,EMP,TOTAL,ES,2016-01-01,32261467.8,,
ESTAT:NAMA_10R_2EMHRW(1.0),26/06/26 23:00:00,A,THS,EMP,TOTAL,EU27_2020,2016-01-01,328897994.0,,
ESTAT:NAMA_10R_2EMHRW(1.0),26/06/26 23:00:00,A,THS,EMP,TOTAL,FR,2016-01-01,41784943.4,,
ESTAT:NAMA_10R_2EMHRW(1.0),26/06/26 23:00:00,A,THS,EMP,TOTAL,IT,2016-01-01,41712758.2,,
ESTAT:NAMA_10R_2EMHRW(1.0),26/06/26 23:00:00,A,THS,SAL,TOTAL,DE,2016-01-01,52493339.0,,
ESTAT:NAMA_10R_2EMHRW(1.0),26/06/26 23:00:00,A,THS,SAL,TOTAL,ES,2016-01-01,26106056.9,,
ESTAT:NAMA_10R_2EMHRW(1.0),26/06/26 23:00:00,A,THS,SAL,TOTAL,EU27_2020,2016-01-01,265427545.0,,
ESTAT:NAMA_10R_2EMHRW(1.0),26/06/26 23:00:00,A,THS,SAL,TOTAL,FR,2016-01-01,34735657.6,,
ESTAT:NAMA_10R_2EMHRW(1.0),26/06/26 23:00:00,A,THS,SAL,TOTAL,IT,2016-01-01,29031416.6,,
ESTAT:NAMA_10R_2EMHRW(1.0),26/06/26 23:00:00,A,THS,SELF,TOTAL,DE,2016-01-01,8484907.0,,
ESTAT:NAMA_10R_2EMHRW(1.0),26/06/26 23:00:00,A,THS,SELF,TOTAL,ES,2016-01-01,6155410.9,,
ESTAT:NAMA_10R_2EMHRW(1.0),26/06/26 23:00:00,A,THS,SELF,TOTAL,EU27_2020,2016-01-01,63470449.0,,
ESTAT:NAMA_10R_2EMHRW(1.0),26/06/26 23:00:00,A,THS,SELF,TOTAL,FR,2016-01-01,7049285.8,,
ESTAT:NAMA_10R_2EMHRW(1.0),26/06/26 23:00:00,A,THS,SELF,TOTAL,IT,2016-01-01,12681341.6,,
ESTAT:NAMA_10R_2EMHRW(1.0),26/06/26 23:00:00,A,THS,EMP,TOTAL,DE,2017-01-01,61483911.0,,
ESTAT:NAMA_10R_2EMHRW(1.0),26/06/26 23:00:00,A,THS,EMP,TOTAL,ES,2017-01-01,32952216.6,,
ESTAT:NAMA_10R_2EMHRW(1.0),26/06/26 23:00:00,A,THS,EMP,TOTAL,EU27_2020,2017-01-01,332332139.0,,
ESTAT:NAMA_10R_2EMHRW(1.0),26/06/26 23:00:00,A,THS,EMP,TOTAL,FR,2017-01-01,41847290.0,,
ESTAT:NAMA_10R_2EMHRW(1.0),26/06/26 23:00:00,A,THS,EMP,TOTAL,IT,2017-01-01,42167315.9,,
ESTAT:NAMA_10R_2EMHRW(1.0),26/06/26 23:00:00,A,THS,SAL,TOTAL,DE,2017-01-01,53225275.0,,
ESTAT:NAMA_10R_2EMHRW(1.0),26/06/26 23:00:00,A,THS,SAL,TOTAL,ES,2017-01-01,26861152.0,,
ESTAT:NAMA_10R_2EMHRW(1.0),26/06/26 23:00:00,A,THS,SAL,TOTAL,EU27_2020,2017-01-01,269410636.0,,
ESTAT:NAMA_10R_2EMHRW(1.0),26/06/26 23:00:00,A,THS,SAL,TOTAL,FR,2017-01-01,34865324.8,,
ESTAT:NAMA_10R_2EMHRW(1.0),26/06/26 23:00:00,A,THS,SAL,TOTAL,IT,2017-01-01,29683385.0,,
ESTAT:NAMA_10R_2EMHRW(1.0),26/06/26 23:00:00,A,THS,SELF,TOTAL,DE,2017-01-01,8258636.0,,
ESTAT:NAMA_10R_2EMHRW(1.0),26/06/26 23:00:00,A,THS,SELF,TOTAL,ES,2017-01-01,6091064.6,,
ESTAT:NAMA_10R_2EMHRW(1.0),26/06/26 23:00:00,A,THS,SELF,TOTAL,EU27_2020,2017-01-01,62921503.0,,
ESTAT:NAMA_10R_2EMHRW(1.0),26/06/26 23:00:00,A,THS,SELF,TOTAL,FR,2017-01-01,6981965.2,,
ESTAT:NAMA_10R_2EMHRW(1.0),26/06/26 23:00:00,A,THS,SELF,TOTAL,IT,2017-01-01,12483930.9,,
ESTAT:NAMA_10R_2EMHRW(1.0),26/06/26 23:00:00,A,THS,EMP,TOTAL,DE,2018-01-01,61964169.0,,
ESTAT:NAMA_10R_2EMHRW(1.0),26/06/26 23:00:00,A,THS,EMP,TOTAL,ES,2018-01-01,33765616.4,,
ESTAT:NAMA_10R_2EMHRW(1.0),26/06/26 23:00:00,A,THS,EMP,TOTAL,EU27_2020,2018-01-01,336662078.0,,
ESTAT:NAMA_10R_2EMHRW(1.0),26/06/26 23:00:00,A,THS,EMP,TOTAL,FR,2018-01-01,42482169.2,,
ESTAT:NAMA_10R_2EMHRW(1.0),26/06/26 23:00:00,A,THS,EMP,TOTAL,IT,2018-01-01,42583840.2,,
ESTAT:NAMA_10R_2EMHRW(1.0),26/06/26 23:00:00,A,THS,SAL,TOTAL,DE,2018-01-01,53913077.0,,
ESTAT:NAMA_10R_2EMHRW(1.0),26/06/26 23:00:00,A,THS,SAL,TOTAL,ES,2018-01-01,27593002.9,,
ESTAT:NAMA_10R_2EMHRW(1.0),26/06/26 23:00:00,A,THS,SAL,TOTAL,EU27_2020,2018-01-01,274092591.0,,
ESTAT:NAMA_10R_2EMHRW(1.0),26/06/26 23:00:00,A,THS,SAL,TOTAL,FR,2018-01-01,35403374.2,,
ESTAT:NAMA_10R_2EMHRW(1.0),26/06/26 23:00:00,A,THS,SAL,TOTAL,IT,2018-01-01,30186500.0,,
ESTAT:NAMA_10R_2EMHRW(1.0),26/06/26 23:00:00,A,THS,SELF,TOTAL,DE,2018-01-01,8051092.0,,
ESTAT:NAMA_10R_2EMHRW(1.0),26/06/26 23:00:00,A,THS,SELF,TOTAL,ES,2018-01-01,6172613.5,,
ESTAT:NAMA_10R_2EMHRW(1.0),26/06/26 23:00:00,A,THS,SELF,TOTAL,EU27_2020,2018-01-01,62569487.0,,
ESTAT:NAMA_10R_2EMHRW(1.0),26/06/26 23:00:00,A,THS,SELF,TOTAL,FR,2018-01-01,7078795.0,,
ESTAT:NAMA_10R_2EMHRW(1.0),26/06/26 23:00:00,A,THS,SELF,TOTAL,IT,2018-01-01,12397340.2,,
ESTAT:NAMA_10R_2EMHRW(1.0),26/06/26 23:00:00,A,THS,EMP,TOTAL,DE,2019-01-01,62141256.0,,
ESTAT:NAMA_10R_2EMHRW(1.0),26/06/26 23:00:00,A,THS,EMP,TOTAL,ES,2019-01-01,34348535.0,,
ESTAT:NAMA_10R_2EMHRW(1.0),26/06/26 23:00:00,A,THS,EMP,TOTAL,EU27_2020,2019-01-01,340282897.0,,
ESTAT:NAMA_10R_2EMHRW(1.0),26/06/26 23:00:00,A,THS,EMP,TOTAL,FR,2019-01-01,43118594.1,,
ESTAT:NAMA_10R_2EMHRW(1.0),26/06/26 23:00:00,A,THS,EMP,TOTAL,IT,2019-01-01,42598803.6,,
ESTAT:NAMA_10R_2EMHRW(1.0),26/06/26 23:00:00,A,THS,SAL,TOTAL,DE,2019-01-01,54332658.0,,
ESTAT:NAMA_10R_2EMHRW(1.0),26/06/26 23:00:00,A,THS,SAL,TOTAL,ES,2019-01-01,28067456.2,,
ESTAT:NAMA_10R_2EMHRW(1.0),26/06/26 23:00:00,A,THS,SAL,TOTAL,EU27_2020,2019-01-01,277910751.0,,
ESTAT:NAMA_10R_2EMHRW(1.0),26/06/26 23:00:00,A,THS,SAL,TOTAL,FR,2019-01-01,35846958.1,,
ESTAT:NAMA_10R_2EMHRW(1.0),26/06/26 23:00:00,A,THS,SAL,TOTAL,IT,2019-01-01,30260758.1,,
ESTAT:NAMA_10R_2EMHRW(1.0),26/06/26 23:00:00,A,THS,SELF,TOTAL,DE,2019-01-01,7808598.0,,
ESTAT:NAMA_10R_2EMHRW(1.0),26/06/26 23:00:00,A,THS,SELF,TOTAL,ES,2019-01-01,6281078.8,,
ESTAT:NAMA_10R_2EMHRW(1.0),26/06/26 23:00:00,A,THS,SELF,TOTAL,EU27_2020,2019-01-01,62372145.0,,
ESTAT:NAMA_10R_2EMHRW(1.0),26/06/26 23:00:00,A,THS,SELF,TOTAL,FR,2019-01-01,7271636.0,,
ESTAT:NAMA_10R_2EMHRW(1.0),26/06/26 23:00:00,A,THS,SELF,TOTAL,IT,2019-01-01,12338045.5,,
ESTAT:NAMA_10R_2EMHRW(1.0),26/06/26 23:00:00,A,THS,EMP,TOTAL,DE,2020-01-01,59065844.0,,
ESTAT:NAMA_10R_2EMHRW(1.0),26/06/26 23:00:00,A,THS,EMP,TOTAL,ES,2020-01-01,30576946.2,,
ESTAT:NAMA_10R_2EMHRW(1.0),26/06/26 23:00:00,A,THS,EMP,TOTAL,EU27_2020,2020-01-01,317054365.0,,
ESTAT:NAMA_10R_2EMHRW(1.0),26/06/26 23:00:00,A,THS,EMP,TOTAL,FR,2020-01-01,39840947.4,,
ESTAT:NAMA_10R_2EMHRW(1.0),26/06/26 23:00:00,A,THS,EMP,TOTAL,IT,2020-01-01,37590976.4,,
ESTAT:NAMA_10R_2EMHRW(1.0),26/06/26 23:00:00,A,THS,SAL,TOTAL,DE,2020-01-01,52027522.0,,
ESTAT:NAMA_10R_2EMHRW(1.0),26/06/26 23:00:00,A,THS,SAL,TOTAL,ES,2020-01-01,25278860.8,,
ESTAT:NAMA_10R_2EMHRW(1.0),26/06/26 23:00:00,A,THS,SAL,TOTAL,EU27_2020,2020-01-01,260382497.0,,
ESTAT:NAMA_10R_2EMHRW(1.0),26/06/26 23:00:00,A,THS,SAL,TOTAL,FR,2020-01-01,32967112.3,,
ESTAT:NAMA_10R_2EMHRW(1.0),26/06/26 23:00:00,A,THS,SAL,TOTAL,IT,2020-01-01,27114747.4,,
ESTAT:NAMA_10R_2EMHRW(1.0),26/06/26 23:00:00,A,THS,SELF,TOTAL,DE,2020-01-01,7038322.0,,
ESTAT:NAMA_10R_2EMHRW(1.0),26/06/26 23:00:00,A,THS,SELF,TOTAL,ES,2020-01-01,5298085.4,,
ESTAT:NAMA_10R_2EMHRW(1.0),26/06/26 23:00:00,A,THS,SELF,TOTAL,EU27_2020,2020-01-01,56671868.0,,
ESTAT:NAMA_10R_2EMHRW(1.0),26/06/26 23:00:00,A,THS,SELF,TOTAL,FR,2020-01-01,6873835.1,,
ESTAT:NAMA_10R_2EMHRW(1.0),26/06/26 23:00:00,A,THS,SELF,TOTAL,IT,2020-01-01,10476229.0,,
ESTAT:NAMA_10R_2EMHRW(1.0),26/06/26 23:00:00,A,THS,EMP,TOTAL,DE,2021-01-01,60410140.0,,
ESTAT:NAMA_10R_2EMHRW(1.0),26/06/26 23:00:00,A,THS,EMP,TOTAL,ES,2021-01-01,32787923.3,,
ESTAT:NAMA_10R_2EMHRW(1.0),26/06/26 23:00:00,A,THS,EMP,TOTAL,EU27_2020,2021-01-01,335214953.0,,
ESTAT:NAMA_10R_2EMHRW(1.0),26/06/26 23:00:00,A,THS,EMP,TOTAL,FR,2021-01-01,43169828.4,,
ESTAT:NAMA_10R_2EMHRW(1.0),26/06/26 23:00:00,A,THS,EMP,TOTAL,IT,2021-01-01,41440389.4,,
ESTAT:NAMA_10R_2EMHRW(1.0),26/06/26 23:00:00,A,THS,SAL,TOTAL,DE,2021-01-01,53378618.0,,
ESTAT:NAMA_10R_2EMHRW(1.0),26/06/26 23:00:00,A,THS,SAL,TOTAL,ES,2021-01-01,26867057.3,,
ESTAT:NAMA_10R_2EMHRW(1.0),26/06/26 23:00:00,A,THS,SAL,TOTAL,EU27_2020,2021-01-01,274485332.0,,
ESTAT:NAMA_10R_2EMHRW(1.0),26/06/26 23:00:00,A,THS,SAL,TOTAL,FR,2021-01-01,35813019.2,,
ESTAT:NAMA_10R_2EMHRW(1.0),26/06/26 23:00:00,A,THS,SAL,TOTAL,IT,2021-01-01,29853207.4,,
ESTAT:NAMA_10R_2EMHRW(1.0),26/06/26 23:00:00,A,THS,SELF,TOTAL,DE,2021-01-01,7031522.0,,
ESTAT:NAMA_10R_2EMHRW(1.0),26/06/26 23:00:00,A,THS,SELF,TOTAL,ES,2021-01-01,5920866.0,,
ESTAT:NAMA_10R_2EMHRW(1.0),26/06/26 23:00:00,A,THS,SELF,TOTAL,EU27_2020,2021-01-01,60729621.0,,
ESTAT:NAMA_10R_2EMHRW(1.0),26/06/26 23:00:00,A,THS,SELF,TOTAL,FR,2021-01-01,7356809.2,,
ESTAT:NAMA_10R_2EMHRW(1.0),26/06/26 23:00:00,A,THS,SELF,TOTAL,IT,2021-01-01,11587182.0,,
ESTAT:NAMA_10R_2EMHRW(1.0),26/06/26 23:00:00,A,THS,EMP,TOTAL,DE,2022-01-01,61297007.0,p,
ESTAT:NAMA_10R_2EMHRW(1.0),26/06/26 23:00:00,A,THS,EMP,TOTAL,ES,2022-01-01,34448677.7,,
ESTAT:NAMA_10R_2EMHRW(1.0),26/06/26 23:00:00,A,THS,EMP,TOTAL,EU27_2020,2022-01-01,345760372.0,,
ESTAT:NAMA_10R_2EMHRW(1.0),26/06/26 23:00:00,A,THS,EMP,TOTAL,FR,2022-01-01,45035895.5,,
ESTAT:NAMA_10R_2EMHRW(1.0),26/06/26 23:00:00,A,THS,EMP,TOTAL,IT,2022-01-01,43212190.9,,
ESTAT:NAMA_10R_2EMHRW(1.0),26/06/26 23:00:00,A,THS,SAL,TOTAL,DE,2022-01-01,54340469.0,p,
ESTAT:NAMA_10R_2EMHRW(1.0),26/06/26 23:00:00,A,THS,SAL,TOTAL,ES,2022-01-01,28330943.9,,
ESTAT:NAMA_10R_2EMHRW(1.0),26/06/26 23:00:00,A,THS,SAL,TOTAL,EU27_2020,2022-01-01,283336496.0,,
ESTAT:NAMA_10R_2EMHRW(1.0),26/06/26 23:00:00,A,THS,SAL,TOTAL,FR,2022-01-01,37319728.6,,
ESTAT:NAMA_10R_2EMHRW(1.0),26/06/26 23:00:00,A,THS,SAL,TOTAL,IT,2022-01-01,31272736.6,,
ESTAT:NAMA_10R_2EMHRW(1.0),26/06/26 23:00:00,A,THS,SELF,TOTAL,DE,2022-01-01,6956538.0,p,
ESTAT:NAMA_10R_2EMHRW(1.0),26/06/26 23:00:00,A,THS,SELF,TOTAL,ES,2022-01-01,6117733.8,,
ESTAT:NAMA_10R_2EMHRW(1.0),26/06/26 23:00:00,A,THS,SELF,TOTAL,EU27_2020,2022-01-01,62423876.0,,
ESTAT:NAMA_10R_2EMHRW(1.0),26/06/26 23:00:00,A,THS,SELF,TOTAL,FR,2022-01-01,7716166.9,,
ESTAT:NAMA_10R_2EMHRW(1.0),26/06/26 23:00:00,A,THS,SELF,TOTAL,IT,2022-01-01,11939454.3,,
ESTAT:NAMA_10R_2EMHRW(1.0),26/06/26 23:00:00,A,THS,EMP,TOTAL,DE,2023-01-01,61496005.0,p,
ESTAT:NAMA_10R_2EMHRW(1.0),26/06/26 23:00:00,A,THS,EMP,TOTAL,ES,2023-01-01,35369626.0,p,
ESTAT:NAMA_10R_2EMHRW(1.0),26/06/26 23:00:00,A,THS,EMP,TOTAL,EU27_2020,2023-01-01,350113503.0,,
ESTAT:NAMA_10R_2EMHRW(1.0),26/06/26 23:00:00,A,THS,EMP,TOTAL,FR,2023-01-01,45685815.3,p,
ESTAT:NAMA_10R_2EMHRW(1.0),26/06/26 23:00:00,A,THS,EMP,TOTAL,IT,2023-01-01,44560823.2,,
ESTAT:NAMA_10R_2EMHRW(1.0),26/06/26 23:00:00,A,THS,SAL,TOTAL,DE,2023-01-01,54782389.0,p,
ESTAT:NAMA_10R_2EMHRW(1.0),26/06/26 23:00:00,A,THS,SAL,TOTAL,ES,2023-01-01,29118788.5,p,
ESTAT:NAMA_10R_2EMHRW(1.0),26/06/26 23:00:00,A,THS,SAL,TOTAL,EU27_2020,2023-01-01,287640051.0,,
ESTAT:NAMA_10R_2EMHRW(1.0),26/06/26 23:00:00,A,THS,SAL,TOTAL,FR,2023-01-01,37809706.6,p,
ESTAT:NAMA_10R_2EMHRW(1.0),26/06/26 23:00:00,A,THS,SAL,TOTAL,IT,2023-01-01,32481526.8,,
ESTAT:NAMA_10R_2EMHRW(1.0),26/06/26 23:00:00,A,THS,SELF,TOTAL,DE,2023-01-01,6713616.0,p,
ESTAT:NAMA_10R_2EMHRW(1.0),26/06/26 23:00:00,A,THS,SELF,TOTAL,ES,2023-01-01,6250837.5,p,
ESTAT:NAMA_10R_2EMHRW(1.0),26/06/26 23:00:00,A,THS,SELF,TOTAL,EU27_2020,2023-01-01,62473452.0,,
ESTAT:NAMA_10R_2EMHRW(1.0),26/06/26 23:00:00,A,THS,SELF,TOTAL,FR,2023-01-01,7876108.7,p,
ESTAT:NAMA_10R_2EMHRW(1.0),26/06/26 23:00:00,A,THS,SELF,TOTAL,IT,2023-01-01,12079296.4,,
ESTAT:NAMA_10R_2EMHRW(1.0),26/06/26 23:00:00,A,THS,EMP,TOTAL,ES,2024-01-01,36159400.2,p,
ESTAT:NAMA_10R_2EMHRW(1.0),26/06/26 23:00:00,A,THS,EMP,TOTAL,EU27_2020,2024-01-01,353112016.0,,
ESTAT:NAMA_10R_2EMHRW(1.0),26/06/26 23:00:00,A,THS,EMP,TOTAL,FR,2024-01-01,46218348.1,p,
ESTAT:NAMA_10R_2EMHRW(1.0),26/06/26 23:00:00,A,THS,SAL,TOTAL,ES,2024-01-01,29825970.1,p,
ESTAT:NAMA_10R_2EMHRW(1.0),26/06/26 23:00:00,A,THS,SAL,TOTAL,EU27_2020,2024-01-01,290742913.0,,
ESTAT:NAMA_10R_2EMHRW(1.0),26/06/26 23:00:00,A,THS,SAL,TOTAL,FR,2024-01-01,38168540.1,p,
ESTAT:NAMA_10R_2EMHRW(1.0),26/06/26 23:00:00,A,THS,SELF,TOTAL,ES,2024-01-01,6333430.1,p,
ESTAT:NAMA_10R_2EMHRW(1.0),26/06/26 23:00:00,A,THS,SELF,TOTAL,EU27_2020,2024-01-01,62369103.0,,
ESTAT:NAMA_10R_2EMHRW(1.0),26/06/26 23:00:00,A,THS,SELF,TOTAL,FR,2024-01-01,8049808.0,p,
