edizione,macrosettore,anno,provvisorio,tasso_natalita,imprese_nate,tasso_mortalita,imprese_cessate,turnover_netto
2004-2009,Industria in senso stretto,2004,False,4.5785204208310635,24710,6.1,33169,-1.5214795791689362
2004-2009,Industria in senso stretto,2005,False,4.871579365094221,26025,6.305817255405534,33687,-1.434237890311313
2004-2009,Industria in senso stretto,2006,False,4.920400552747648,25993,6.397864728263956,33798,-1.4774641755163076
2004-2009,Industria in senso stretto,2007,False,5.394088470656774,26666,6.117453818705548,30242,-0.7233653480487741
2004-2009,Industria in senso stretto,2008,False,5.221871170502763,25056,6.544011604158157,31400,-1.3221404336553935
2004-2009,Industria in senso stretto,2009,True,4.53676308669081,20808,6.439072675857347,29533,-1.9023095891665376
2004-2009,Costruzioni,2004,False,9.828089635873804,56581,8.1,46419,1.728089635873804
2004-2009,Costruzioni,2005,False,10.053418785522487,60017,9.087558900534523,54251,0.9658598849879638
2004-2009,Costruzioni,2006,False,9.43649100424875,57102,9.220500430493837,55795,0.21599057375491348
2004-2009,Costruzioni,2007,False,11.26590390446716,72077,8.45165525649442,54072,2.8142486479727413
2004-2009,Costruzioni,2008,False,8.674921995367045,55911,9.352643003321887,60279,-0.6777210079548421
2004-2009,Costruzioni,2009,True,10.012698262467564,63475,9.184235225453312,58223,0.8284630370142523
2004-2009,Commercio,2004,False,6.159237615360629,79406,7.4,95267,-1.2407623846393712
2004-2009,Commercio,2005,False,6.334197577415806,81305,7.695459913928769,98778,-1.3612623365129624
2004-2009,Commercio,2006,False,6.328428537299921,80529,7.672165570657982,97628,-1.3437370333580612
2004-2009,Commercio,2007,False,6.780990497473967,85325,8.044523669690065,101224,-1.263533172216098
2004-2009,Commercio,2008,False,6.0,73650,7.844473491455188,96922,-1.8444734914551884
2004-2009,Commercio,2009,True,5.73843860431377,68982,7.783852312279136,93570,-2.0454137079653663
2004-2009,Altri servizi,2004,False,9.397046930737568,139670,7.2,107302,2.197046930737568
2004-2009,Altri servizi,2005,False,9.082597063856987,140959,7.197635518258108,111705,1.8849615455988786
2004-2009,Altri servizi,2006,False,7.653545445087027,120641,7.552611344713743,119050,0.10093410037328443
2004-2009,Altri servizi,2007,False,9.387205583760975,154371,7.142852799329637,117463,2.2443527844313387
2004-2009,Altri servizi,2008,False,7.762179529172503,131524,7.459126155778287,126389,0.30305337339421623
2004-2009,Altri servizi,2009,True,7.958757633289773,135569,7.327371119071689,124814,0.6313865142180841
2004-2009,Totale,2004,False,7.719657244514624,300367,7.3,282157,0.4196572445146245
2004-2009,Totale,2005,False,7.77224121058053,308306,7.523045267697198,298421,0.2491959428833317
2004-2009,Totale,2006,False,7.13846075033129,284265,7.691075272948532,306271,-0.5526145226172421
2004-2009,Totale,2007,False,8.383602730401128,338439,7.505754392709682,303001,0.8778483376914457
2004-2009,Totale,2008,False,7.0577043129689,286141,7.769268582768893,314990,-0.7115642697999931
2004-2009,Totale,2009,True,7.224288761450451,288834,7.6571448009252405,306140,-0.4328560394747898
