Anno,Dato ufficiale,Stima dai sondaggi,"Stima, limite inferiore","Stima, limite superiore"
1960,26.2,,,
1961,26.4,,,
1962,27.0,12.3,8.8,15.8
1963,27.9,,,
1964,28.5,,,
1965,27.2,,,
1966,27.1,,,
1967,27.0,25.2,22.4,28.0
1968,27.9,,,
1969,29.1,,,
1970,33.8,,,
1971,36.4,,,
1972,37.7,25.9,24.0,27.8
1973,39.2,,,
1974,42.8,,,
1975,44.6,,,
1976,46.9,,,
1977,47.2,42.6,39.9,45.3
1978,48.1,,,
1979,47.7,,,
1980,47.7,,,
1981,46.4,,,
1982,45.0,,,
1983,43.8,,,
1984,43.4,,,
1985,40.5,,,
1986,38.7,,,
1987,38.2,41.7,39.9,43.6
1988,38.1,,,
1989,37.5,,,
1990,37.2,,,
1991,36.8,,,
1992,36.9,35.2,34.0,36.4
1993,36.2,,,
1994,35.6,,,
1995,34.8,,,
1996,34.1,,,
1997,33.3,33.7,32.0,35.5
1998,32.9,,,
1999,32.7,,,
2000,32.3,,,
2001,31.9,,,
2002,31.3,26.5,24.6,28.5
2003,31.2,,,
2004,31.6,,,
2005,31.5,,,
2006,31.3,,,
2007,31.5,27.4,25.2,29.7
2008,31.7,,,
2009,32.5,,,
2010,33.0,,,
2011,33.0,,,
2012,33.3,22.1,19.8,24.4
2013,33.6,,,
2014,33.5,,,
2015,32.5,,,
2016,31.8,,,
2017,31.4,17.6,16.3,18.8
2018,30.8,,,
2019,30.6,,,
2020,31.2,,,
2021,30.6,,,
2022,30.1,,,
2023,30.0,,,
2024,30.2,,,
