CNTR_ID,paese,anno,quota_sovraccarico
EL,Greece,2025,26.4
DK,Denmark,2025,23.4
NO,Norway,2025,13.5
DE,Germany,2025,11.2
SE,Sweden,2025,10.8
EE,Estonia,2025,8.8
CZ,Czechia,2025,8.2
LU,Luxembourg,2025,8.1
RS,Serbia,2025,7.9
ES,Spain,2025,7.2
BG,Bulgaria,2025,6.9
BE,Belgium,2025,6.7
NL,Netherlands,2025,6.5
FR,France,2025,6.4
PT,Portugal,2025,6.3
AT,Austria,2025,6.1
MT,Malta,2025,6
LT,Lithuania,2025,5.7
LV,Latvia,2025,5.7
HU,Hungary,2025,5.3
IE,Ireland,2025,5.3
IT,Italy,2025,5
RO,Romania,2025,5
FI,Finland,2025,4.7
PL,Poland,2025,4.1
SI,Slovenia,2025,3.5
SK,Slovakia,2025,3.5
HR,Croatia,2025,3.2
CY,Cyprus,2025,2.4
